model,checkpoint,tensor,elements,exact_changed_percent,reference_l2,delta_l2,relative_l2_percent,cosine,norm_ratio,mean_abs_delta,rms_delta,max_abs_delta
DINOv2,teacher_training_75712.pth,cls_token,768,100.0,0.39973614505004973,0.09356902027373656,23.407695659350765,0.9852605594594142,1.1450428852478334,0.002256336750758573,0.00337638119017821,0.017711952328681946
DINOv2,teacher_training_75712.pth,pos_embed,1052160,100.0,9.681227938026321,5.094423203041649,52.62166365313604,0.8953251268562586,1.1755233269621013,0.0039157799909821135,0.004966542156618602,0.032582235522568226
DINOv2,teacher_training_75712.pth,mask_token,768,100.0,0.0,0.4727602667589557,,,,0.01101622100796836,0.017059266704715147,0.09281038492918015
DINOv2,teacher_training_75712.pth,patch_embed.proj.weight,451584,99.99977855725623,5.094310344763256,0.21661535654451364,4.2521036584900145,0.9990957778486633,0.9984540089805202,0.00022640126403803603,0.00032234428057219294,0.0031574564054608345
DINOv2,teacher_training_75712.pth,patch_embed.proj.bias,768,100.0,2.1172193107357185,0.017697832726226277,0.8358998350565963,0.9999653424716359,0.9992176808900327,0.00039760153214955335,0.0006386155305349818,0.00539553165435791
DINOv2,teacher_training_75712.pth,blocks.0.norm1.weight,768,100.0,25.942800841287482,0.3806193208621718,1.4671481432969384,0.9999518860115607,0.9890419499203252,0.011367265028269088,0.013734416709909216,0.048258304595947266
DINOv2,teacher_training_75712.pth,blocks.0.norm1.bias,768,100.0,6.668605887828497,0.13268805193528785,1.9897419965613707,0.9998087478992694,1.003474767156326,0.003772229807459837,0.0047879676564428425,0.01481773320119828
DINOv2,teacher_training_75712.pth,blocks.0.attn.qkv.weight,1769472,100.0,23.607932412289966,7.650501591067699,32.40648718176165,0.946258892572625,0.9668485239180029,0.004310753388223572,0.005751327022185672,0.07245932519435883
DINOv2,teacher_training_75712.pth,blocks.0.attn.qkv.bias,2304,100.0,48.33284734659305,0.7501543043150546,1.552058994033035,0.9998804230510184,0.9985578827759363,0.00800136291578419,0.015628214673230303,0.12669265270233154
DINOv2,teacher_training_75712.pth,blocks.0.attn.proj.weight,589824,100.0,9.637798227537138,4.094075250443996,42.47936254513397,0.9118192220837731,1.0207408360341288,0.004090145482835374,0.00533082714901562,0.08879482187330723
DINOv2,teacher_training_75712.pth,blocks.0.attn.proj.bias,768,100.0,4.036111777013951,0.08915363999715534,2.208899181258903,0.9998060864894763,0.9897993817022422,0.002113418539339662,0.0032170548782245387,0.02264845371246338
DINOv2,teacher_training_75712.pth,blocks.0.ls1.gamma,768,100.0,5.018033076083127,0.33329557517769276,6.64195652209311,0.998530943135736,0.9601173642386917,0.006428706746240446,0.012026768128034503,0.13431894779205322
DINOv2,teacher_training_75712.pth,blocks.0.norm2.weight,768,100.0,47.23673498037133,0.6116318057485906,1.294822358070995,0.9999173467613269,1.001452549714677,0.01718207700552436,0.022070361730867852,0.14080476760864258
DINOv2,teacher_training_75712.pth,blocks.0.norm2.bias,768,100.0,10.021818114746859,0.4005581168490858,3.9968607717962312,0.9995820430845416,0.9719822159115632,0.010789853019266124,0.01445389603680683,0.05192828178405762
DINOv2,teacher_training_75712.pth,blocks.0.mlp.fc1.weight,2359296,100.0,26.18232121206333,8.700494232988902,33.23041590743378,0.9454749730883877,1.0114217612936558,0.004436985750016529,0.005664384266268817,0.08460429763363209
DINOv2,teacher_training_75712.pth,blocks.0.mlp.fc1.bias,3072,100.0,60.787323274015456,0.5459038282245633,0.898055381981129,0.9999749475632981,1.0055018002962195,0.00723187972357664,0.009849303818034338,0.04467606544494629
DINOv2,teacher_training_75712.pth,blocks.0.mlp.fc2.weight,2359296,100.0,22.174721612627266,7.636832014204336,34.439359138811405,0.9414592557255025,1.0118330859496714,0.0039011323222364197,0.004971895842580948,0.06478545069694519
DINOv2,teacher_training_75712.pth,blocks.0.mlp.fc2.bias,768,100.0,5.209158688072367,0.060706342903461684,1.165377108638744,0.9999374209605042,0.996673034696838,0.0015816992325502117,0.0021905514635519583,0.011352352797985077
DINOv2,teacher_training_75712.pth,blocks.0.ls2.gamma,768,100.0,4.073168159907173,0.428369687580531,10.516867233644819,0.9948845813832363,0.9656308651217291,0.012622741489797326,0.015457459652330967,0.0683625340461731
DINOv2,teacher_training_75712.pth,blocks.1.norm1.weight,768,100.0,38.79766955807839,0.7696767439321794,1.9838221024590343,0.9998777684869644,0.9876668337196342,0.025488258028702877,0.027773317206139903,0.10547757148742676
DINOv2,teacher_training_75712.pth,blocks.1.norm1.bias,768,100.0,8.366019162267852,0.31286945648575915,3.739764999545457,0.9993772387617859,1.011764715515097,0.008972498841410234,0.01128970405770406,0.03833484649658203
DINOv2,teacher_training_75712.pth,blocks.1.attn.qkv.weight,1769472,100.0,25.202025915254058,8.480553894238628,33.650286380769074,0.9417227937001322,0.950440449644187,0.004968261889486932,0.00637532561681745,0.061756059527397156
DINOv2,teacher_training_75712.pth,blocks.1.attn.qkv.bias,2304,100.0,60.11453142889135,0.6364244173901685,1.058686481059885,0.9999440368273661,1.0003421487800597,0.007762441711303186,0.013258842028961843,0.09727644920349121
DINOv2,teacher_training_75712.pth,blocks.1.attn.proj.weight,589824,100.0,11.201787962731284,4.0940326969940015,36.548028855884276,0.9329906143614689,0.9966092265095351,0.004192640066944315,0.0053307717408776056,0.05318005334993359
DINOv2,teacher_training_75712.pth,blocks.1.attn.proj.bias,768,100.0,3.316409445827137,0.14784993606777472,4.4581327632450956,0.9992310198752364,0.9780148502309046,0.004146576377389503,0.005335075024274918,0.01982618123292923
DINOv2,teacher_training_75712.pth,blocks.1.ls1.gamma,768,100.0,5.428907611101864,0.43617862575456234,8.034371866314272,0.9986115005087672,0.9379481501479917,0.013204737517195753,0.01573924043713485,0.08556497097015381
DINOv2,teacher_training_75712.pth,blocks.1.norm2.weight,768,100.0,38.347120640275406,0.7736780718820435,2.0175649669755416,0.9998000768148659,1.0024927406647315,0.021518018620554358,0.027917702691700526,0.11803394556045532
DINOv2,teacher_training_75712.pth,blocks.1.norm2.bias,768,100.0,9.459635270883824,0.6674411781897636,7.055675605634675,0.9976333050382384,0.9818071511557047,0.01916454185451973,0.02408420899350631,0.09072965383529663
DINOv2,teacher_training_75712.pth,blocks.1.mlp.fc1.weight,2359296,100.0,23.517339340457205,10.679087448863191,45.40942023357128,0.9055411934401655,1.0674250950855926,0.005453546099169368,0.006952530891186974,0.09469005465507507
DINOv2,teacher_training_75712.pth,blocks.1.mlp.fc1.bias,3072,100.0,56.351156637961466,0.7424243326263309,1.3174961738517184,0.9999413200109905,1.0074395252718278,0.00886876030832203,0.013394965259210637,0.06280708312988281
DINOv2,teacher_training_75712.pth,blocks.1.mlp.fc2.weight,2359296,100.0,20.764363312176826,7.919869112304428,38.141641972041526,0.928914832503386,1.0203547104403858,0.004027353392318389,0.0051561647866565285,0.052446176297962666
DINOv2,teacher_training_75712.pth,blocks.1.mlp.fc2.bias,768,100.0,7.7691525357098135,0.05623253479681789,0.7237923896892612,0.9999816850921431,0.9960120425315342,0.0015729493164637158,0.0020291168188848628,0.008124828338623047
DINOv2,teacher_training_75712.pth,blocks.1.ls2.gamma,768,100.0,5.438592360778933,0.6230669974673179,11.45640188002765,0.9948358627665768,0.9417010507297446,0.019636357625671508,0.022482993669432988,0.05305135250091553
DINOv2,teacher_training_75712.pth,blocks.2.norm1.weight,768,100.0,41.512658860000116,0.6998685780071127,1.6859160488066862,0.9999007564408369,0.9906404096157971,0.021653821070988972,0.025254331994360446,0.10144615173339844
DINOv2,teacher_training_75712.pth,blocks.2.norm1.bias,768,100.0,6.942657453950505,0.3034698921085354,4.371091244547219,0.9991099280333938,1.0105682072108702,0.00872651284246236,0.010950526493738101,0.04236501455307007
DINOv2,teacher_training_75712.pth,blocks.2.attn.qkv.weight,1769472,100.0,22.539122725940807,9.167182576259611,40.672313149565866,0.9166783690466499,0.9923284713047511,0.005390349275328928,0.006891504333481684,0.06864279881119728
DINOv2,teacher_training_75712.pth,blocks.2.attn.qkv.bias,2304,100.0,26.4411171959957,0.9463871337177541,3.5792252146633086,0.9993773926111429,1.0053988688399844,0.010879333978440146,0.019716398619119876,0.13187532126903534
DINOv2,teacher_training_75712.pth,blocks.2.attn.proj.weight,589824,100.0,10.875104073629423,4.2312483781170185,38.90765871728246,0.9279260056835394,1.0394036389103904,0.0043618173898892,0.005509437992339867,0.04008298087865114
DINOv2,teacher_training_75712.pth,blocks.2.attn.proj.bias,768,100.0,2.377589781228016,0.14905328760830594,6.269091867114289,0.9980533855118687,0.991672820056175,0.004152614394134464,0.005378497232765884,0.02310103178024292
DINOv2,teacher_training_75712.pth,blocks.2.ls1.gamma,768,100.0,4.795744012097434,0.2753341324608291,5.74121829201661,0.9988330417627733,0.9677910691332423,0.007780234766438336,0.009935264718334485,0.0472416877746582
DINOv2,teacher_training_75712.pth,blocks.2.norm2.weight,768,100.0,55.35386395788772,0.5886362971200502,1.0634059757199148,0.9999446879746672,1.001513839233903,0.015077384148147152,0.021240582787315346,0.13516229391098022
DINOv2,teacher_training_75712.pth,blocks.2.norm2.bias,768,100.0,7.425077845558647,0.3499635804337806,4.713264799548376,0.9991714547771441,0.9753999897709498,0.009002949087251485,0.01262822296062553,0.06437122076749802
DINOv2,teacher_training_75712.pth,blocks.2.mlp.fc1.weight,2359296,100.0,22.137814083400528,10.20668724128224,46.105217086159655,0.9049647221661675,1.0825323223117989,0.005231806470741503,0.006644978672709791,0.11918729543685913
DINOv2,teacher_training_75712.pth,blocks.2.mlp.fc1.bias,3072,100.0,44.16852928836087,0.46950390499238087,1.0629828807003154,0.9999662928285943,1.0067175929869319,0.006391908436626181,0.008470881435404112,0.059061646461486816
DINOv2,teacher_training_75712.pth,blocks.2.mlp.fc2.weight,2359296,100.0,19.61705004058221,9.311785246751754,47.46781614711827,0.8968672928275635,1.0691760213398045,0.0047840959220729045,0.006062360186687339,0.08049209415912628
DINOv2,teacher_training_75712.pth,blocks.2.mlp.fc2.bias,768,100.0,5.497456180370493,0.10377604453658573,1.8877102632874807,0.9998326300791315,0.9951814823965325,0.0027937759278415797,0.0037446954530395227,0.02128208428621292
DINOv2,teacher_training_75712.pth,blocks.2.ls2.gamma,768,100.0,4.086069467269117,0.4403066394002041,10.77579916169361,0.9958693920624332,0.9378381004680203,0.01369875087147232,0.015888197298980458,0.04512256383895874
DINOv2,teacher_training_75712.pth,blocks.3.norm1.weight,768,100.0,42.12137174323095,0.8248919647073917,1.958369185447895,0.9998205643287329,0.9948524820752702,0.025509540709511686,0.029765724867260743,0.12079143524169922
DINOv2,teacher_training_75712.pth,blocks.3.norm1.bias,768,100.0,9.266829391996778,0.3480415730699517,3.755778361156999,0.999329144611137,0.9910028982155262,0.009515452602120908,0.012558868493819838,0.0749780535697937
DINOv2,teacher_training_75712.pth,blocks.3.attn.qkv.weight,1769472,100.0,25.253621118724112,10.493316403836424,41.551729767800424,0.9133846437480652,0.9966080305117088,0.006186093634120167,0.0078884362636027,0.10896661132574081
DINOv2,teacher_training_75712.pth,blocks.3.attn.qkv.bias,2304,100.0,367.7691632822363,1.237187997595012,0.3364034076575255,0.999994352549826,1.0001421930516814,0.013688598197262536,0.02577474994989608,0.20079052448272705
DINOv2,teacher_training_75712.pth,blocks.3.attn.proj.weight,589824,100.0,10.954279753859367,5.630016953912493,51.3955922289546,0.8783066114541216,1.0669151843783642,0.005809965170798286,0.007330751242073559,0.05022744310554117
DINOv2,teacher_training_75712.pth,blocks.3.attn.proj.bias,768,100.0,3.1402233642892345,0.20446616041186869,6.511197984737879,0.9980057630847687,0.9820347559137486,0.005721709386089439,0.007378037047122599,0.030212342739105225
DINOv2,teacher_training_75712.pth,blocks.3.ls1.gamma,768,100.0,5.802884039200268,0.3585270634287064,6.178428881341515,0.9981456203790304,0.987563662808744,0.010358870550802793,0.012937231036395604,0.04531306028366089
DINOv2,teacher_training_75712.pth,blocks.3.norm2.weight,768,100.0,40.65039412567809,0.7728918240726398,1.9013144661847659,0.999831244377259,1.004731948705299,0.01805068813795163,0.027889331417674967,0.1588457226753235
DINOv2,teacher_training_75712.pth,blocks.3.norm2.bias,768,100.0,8.62920222569121,0.4402036776694538,5.101325315553059,0.9987021596253187,0.9958115476164543,0.012422692850274567,0.01588448198754515,0.057561278343200684
DINOv2,teacher_training_75712.pth,blocks.3.mlp.fc1.weight,2359296,100.0,22.35337710465601,12.733682632299306,56.965363992570914,0.8610746955969737,1.11789155812362,0.00655039610524603,0.008290157963736527,0.1078425943851471
DINOv2,teacher_training_75712.pth,blocks.3.mlp.fc1.bias,3072,100.0,49.32827112527534,0.6782023420441593,1.3748755562946435,0.9999448391189166,1.0088166799699572,0.009012387434268021,0.012236259523257189,0.07586205005645752
DINOv2,teacher_training_75712.pth,blocks.3.mlp.fc2.weight,2359296,100.0,18.953442656467615,10.520666908538184,55.507947021688665,0.8626556455041279,1.0913212987544638,0.0053909328585761175,0.006849392518579547,0.1169821610674262
DINOv2,teacher_training_75712.pth,blocks.3.mlp.fc2.bias,768,100.0,3.6571810533667812,0.08007562678579697,2.1895450517025887,0.9997603175721456,1.0000817912116182,0.002172229450295049,0.002889480292519243,0.020211711525917053
DINOv2,teacher_training_75712.pth,blocks.3.ls2.gamma,768,100.0,7.537362905851604,0.6727889450543277,8.926052167821327,0.9980953286499977,0.9335838893294117,0.02162486520925692,0.024277179908432527,0.10091622546315193
DINOv2,teacher_training_75712.pth,blocks.4.norm1.weight,768,100.0,41.17544513528507,0.8241140312088383,2.001469634392898,0.9998061792310441,0.9962028337968241,0.022876219746346276,0.029737653610085655,0.2122187614440918
DINOv2,teacher_training_75712.pth,blocks.4.norm1.bias,768,100.0,8.15870451595151,0.365021527966248,4.474013334501517,0.999017645835356,0.992858407071796,0.010039588826704934,0.013171579839457612,0.08011484146118164
DINOv2,teacher_training_75712.pth,blocks.4.attn.qkv.weight,1769472,100.0,22.46564016682883,11.125357764569543,49.52165921804648,0.882818623071415,1.0396886151430098,0.006603142148547431,0.00836357851589208,0.0726887658238411
DINOv2,teacher_training_75712.pth,blocks.4.attn.qkv.bias,2304,100.0,30.83349817092015,1.637767263856089,5.311649215983895,0.998593183413545,1.0017089015272673,0.01804979148529136,0.034120151330335184,0.23917031288146973
DINOv2,teacher_training_75712.pth,blocks.4.attn.proj.weight,589824,100.0,10.800601822727504,5.945395029377693,55.0468865250352,0.8672065857601137,1.1018621503558064,0.006149144110678018,0.007741399777835538,0.07122504338622093
DINOv2,teacher_training_75712.pth,blocks.4.attn.proj.bias,768,100.0,2.602822788007507,0.24778135561593012,9.519716699791529,0.995627361867013,0.9772876698658579,0.007022834410994013,0.008941039522814227,0.03875819221138954
DINOv2,teacher_training_75712.pth,blocks.4.ls1.gamma,768,100.0,7.175079608356023,0.38072101954590093,5.3061574271944965,0.9986466531841106,0.9881267396843568,0.010408536619555283,0.013738086445060917,0.07143419981002808
DINOv2,teacher_training_75712.pth,blocks.4.norm2.weight,768,100.0,39.38113202907368,0.6736180849583081,1.710509704142075,0.9998713308266756,1.005809559005494,0.01617108817057063,0.02430709891760496,0.19498038291931152
DINOv2,teacher_training_75712.pth,blocks.4.norm2.bias,768,100.0,8.35588052932885,0.6076384736959016,7.27198613674659,0.9973532248255661,0.9960752157254585,0.017537281240972053,0.021926264772393882,0.09820413589477539
DINOv2,teacher_training_75712.pth,blocks.4.mlp.fc1.weight,2359296,100.0,22.59524870037032,14.134095353369432,62.553395808109805,0.8357044067437474,1.1351949544468825,0.007310101179095002,0.009201884995683224,0.12439017742872238
DINOv2,teacher_training_75712.pth,blocks.4.mlp.fc1.bias,3072,100.0,49.03010157067791,0.7326083619892669,1.494201191758081,0.9999413069782257,1.0102311622477322,0.010817685715861428,0.013217863593908565,0.07567822933197021
DINOv2,teacher_training_75712.pth,blocks.4.mlp.fc2.weight,2359296,100.0,18.810709488169653,12.522374063870524,66.57045058160108,0.8191736205267466,1.1571202281893136,0.006447793774031704,0.008152587281165706,0.08557906746864319
DINOv2,teacher_training_75712.pth,blocks.4.mlp.fc2.bias,768,100.0,3.3051139036662667,0.1013338533912099,3.06597159265232,0.9995302334235019,0.9986901689406383,0.0024890948360649645,0.003656570470839819,0.0393245629966259
DINOv2,teacher_training_75712.pth,blocks.4.ls2.gamma,768,100.0,9.389621221209184,0.4500209317552763,4.792748516189061,0.9990616990387781,0.9785355615503515,0.012507687411319543,0.016238731630617186,0.08680763840675354
DINOv2,teacher_training_75712.pth,blocks.5.norm1.weight,768,100.0,38.601325643271885,0.9243484485706083,2.394602861862388,0.999745999650572,0.9916542690615661,0.025572831315609317,0.03335455160045336,0.24832868576049805
DINOv2,teacher_training_75712.pth,blocks.5.norm1.bias,768,100.0,8.08936185860344,0.31844434013132633,3.9365817192693013,0.9992354083138262,0.9946453330042236,0.008528988611288923,0.011490870343545876,0.0636448860168457
DINOv2,teacher_training_75712.pth,blocks.5.attn.qkv.weight,1769472,100.0,22.47317995088187,12.24045562075001,54.46694970406127,0.8617742448469788,1.0600662267525887,0.007280533640836901,0.009201862431827718,0.10666985437273979
DINOv2,teacher_training_75712.pth,blocks.5.attn.qkv.bias,2304,100.0,23.02192645993379,1.6093357945518283,6.990447985978218,0.9975885071569779,1.0059231286933374,0.01808854418805418,0.03352782905316309,0.3558730185031891
DINOv2,teacher_training_75712.pth,blocks.5.attn.proj.weight,589824,100.0,10.929121069760077,6.64027164840777,60.757599865746045,0.8411261833902502,1.1179688291825112,0.00686927602410199,0.008646187042197618,0.06065139267593622
DINOv2,teacher_training_75712.pth,blocks.5.attn.proj.bias,768,100.0,3.0739705507294617,0.2613883347024751,8.503280379197092,0.9964737522941591,0.9826709724319457,0.006488937861353368,0.009432039087718875,0.09842567145824432
DINOv2,teacher_training_75712.pth,blocks.5.ls1.gamma,768,100.0,13.290479338834558,0.4329246295047763,3.257404179846078,0.9996442919365408,0.9809419230920483,0.012439675041150622,0.015621821961462598,0.08188247680664062
DINOv2,teacher_training_75712.pth,blocks.5.norm2.weight,768,100.0,37.0830583509939,0.6130012721133221,1.6530493960644224,0.9998917267328171,1.0074231555028306,0.014977185909325877,0.022119778091763093,0.1596376895904541
DINOv2,teacher_training_75712.pth,blocks.5.norm2.bias,768,100.0,10.654814642524723,0.4599056216908915,4.316411285611197,0.9991234481575303,0.9885970386629227,0.012828265136931805,0.01659541465531615,0.1110992431640625
DINOv2,teacher_training_75712.pth,blocks.5.mlp.fc1.weight,2359296,100.0,23.47359137184589,16.18182048324036,68.9362791866981,0.8051279508172207,1.1564854268978861,0.008378276197211373,0.01053503937710961,0.12705036997795105
DINOv2,teacher_training_75712.pth,blocks.5.mlp.fc1.bias,3072,100.0,56.04337200621755,0.8258063859566004,1.4735130246356054,0.9999384108339372,1.0096311671228777,0.011060863123323847,0.014899360600954852,0.07020103931427002
DINOv2,teacher_training_75712.pth,blocks.5.mlp.fc2.weight,2359296,100.0,18.784356055525326,14.722268184409971,78.3751550539817,0.7662482268771851,1.2150275024303205,0.007583946387727608,0.009584810015891908,0.08756070025265217
DINOv2,teacher_training_75712.pth,blocks.5.mlp.fc2.bias,768,100.0,4.092506932079615,0.1023188339312648,2.5001505343638186,0.9996943291651131,1.0034128012079926,0.002478790563638237,0.003692112894586522,0.03548886300995946
DINOv2,teacher_training_75712.pth,blocks.5.ls2.gamma,768,100.0,14.976745711406986,0.42901509003598737,2.8645414584907423,0.9996261611723859,0.9910808772694387,0.011411721556214616,0.015480748607418052,0.0918215811252594
DINOv2,teacher_training_75712.pth,blocks.6.norm1.weight,768,100.0,39.911317166138176,0.841604171683684,2.108685534432132,0.9998377487566226,0.9888751164530488,0.026575454510748386,0.030368774692042935,0.18412256240844727
DINOv2,teacher_training_75712.pth,blocks.6.norm1.bias,768,100.0,7.4607320511878,0.36590715023034853,4.904440311217096,0.99881375261907,0.9929600445961668,0.009938480134422889,0.013203536980243786,0.08178335428237915
DINOv2,teacher_training_75712.pth,blocks.6.attn.qkv.weight,1769472,100.0,22.852059474016322,13.719729982522873,60.03717082096141,0.8336023768473737,1.0688450402911476,0.008185747114784377,0.010313919008617917,0.08766312152147293
DINOv2,teacher_training_75712.pth,blocks.6.attn.qkv.bias,2304,100.0,23.086836909149298,2.168146356405363,9.391266395381033,0.995893290066019,1.0208539320734187,0.024055088093130825,0.04516971575844506,0.3429543972015381
DINOv2,teacher_training_75712.pth,blocks.6.attn.proj.weight,589824,100.0,10.871949218015533,7.328896168943818,67.411059617528,0.8088002624677813,1.1383195493748497,0.007587235536409486,0.009542833553312265,0.0584766638930887
DINOv2,teacher_training_75712.pth,blocks.6.attn.proj.bias,768,100.0,3.469754888733298,0.28093327680944036,8.096631774240414,0.9968699641061618,0.9793979880935773,0.006795308198007888,0.010137306436890876,0.10859541594982147
DINOv2,teacher_training_75712.pth,blocks.6.ls1.gamma,768,100.0,16.93970748055125,0.660621687914888,3.8998411789185754,0.9996229453775914,0.9719298226311388,0.02048062913301389,0.023838131834385344,0.10547161102294922
DINOv2,teacher_training_75712.pth,blocks.6.norm2.weight,768,100.0,41.800929124825714,0.5317480811269112,1.272096320010036,0.9999211706723643,1.0019633419505345,0.013874986441805959,0.019187806111230568,0.10591602325439453
DINOv2,teacher_training_75712.pth,blocks.6.norm2.bias,768,100.0,11.15195798445328,0.3995483424383291,3.582764058072416,0.9993676039915363,0.9949826595943997,0.010191659098344038,0.01441745894131488,0.16130590438842773
DINOv2,teacher_training_75712.pth,blocks.6.mlp.fc1.weight,2359296,100.0,23.98369713301608,17.72855233021183,73.91918031605984,0.7785817617677502,1.1692146861573742,0.009180173471111282,0.011542026256648326,0.08350895345211029
DINOv2,teacher_training_75712.pth,blocks.6.mlp.fc1.bias,3072,100.0,61.529993763813025,0.9661016251341058,1.5701311929959736,0.9999351926471647,1.0107481797757976,0.012860459902337121,0.017430594791740965,0.07390031218528748
DINOv2,teacher_training_75712.pth,blocks.6.mlp.fc2.weight,2359296,100.0,18.97286566462227,16.36225354669667,86.24028565809395,0.7279938092960788,1.2511703315257947,0.008433824549906368,0.010652508819463979,0.06974289380013943
DINOv2,teacher_training_75712.pth,blocks.6.mlp.fc2.bias,768,100.0,4.224703045966168,0.11312998817106598,2.6778210667157962,0.9996899555857509,1.009542867113577,0.0028597434696611876,0.004082226820249008,0.03594040870666504
DINOv2,teacher_training_75712.pth,blocks.6.ls2.gamma,768,100.0,24.232440765620414,0.5398448505099432,2.2277774481382164,0.9997946074616648,0.9905449401558736,0.015682549157645553,0.019479973110159313,0.07641798257827759
DINOv2,teacher_training_75712.pth,blocks.7.norm1.weight,768,100.0,40.28487477249007,0.9092672180917364,2.2570933215675804,0.9998149969036655,0.9880050409468029,0.028569771714198094,0.03281035457066039,0.1423196792602539
DINOv2,teacher_training_75712.pth,blocks.7.norm1.bias,768,100.0,7.509673698449447,0.37386851445769315,4.9784921352160385,0.9987917232995648,0.9908264909893795,0.010033313625385176,0.013490817966479664,0.0947909951210022
DINOv2,teacher_training_75712.pth,blocks.7.attn.qkv.weight,1769472,100.0,23.235049973086348,15.08409065853023,64.91955333000124,0.8103826771692078,1.089980466703781,0.009007250262008618,0.01133958828409264,0.06964737549424171
DINOv2,teacher_training_75712.pth,blocks.7.attn.qkv.bias,2304,100.0,27.66602660389652,3.466062028161362,12.528224879510516,0.9922534825126784,1.008458895858132,0.035821321911582354,0.07220962558669504,0.8287111520767212
DINOv2,teacher_training_75712.pth,blocks.7.attn.proj.weight,589824,100.0,11.025455603305716,8.12953701492775,73.73425015189673,0.7864347215712135,1.1891176437805375,0.008389380304821233,0.010585334654853843,0.09389161691069603
DINOv2,teacher_training_75712.pth,blocks.7.attn.proj.bias,768,100.0,3.74701657581455,0.33772066533044887,9.013055013161585,0.9960108874833884,0.9833142716951481,0.007211845005807997,0.012186444814964635,0.15867185592651367
DINOv2,teacher_training_75712.pth,blocks.7.ls1.gamma,768,100.0,23.574926936350824,0.6256104848700866,2.653711235496729,0.9997265482605459,0.9871810459156561,0.01843751029809937,0.022574773865474802,0.12973952293395996
DINOv2,teacher_training_75712.pth,blocks.7.norm2.weight,768,100.0,40.88811803965456,0.5069761561852354,1.239910713654158,0.9999232646605405,1.0004458229605426,0.013708770313921073,0.018293926265391714,0.08710241317749023
DINOv2,teacher_training_75712.pth,blocks.7.norm2.bias,768,100.0,10.020267222983408,0.36676112569105007,3.660193062015481,0.9993300361314351,0.9988584011263028,0.009898153318147251,0.01323435216537612,0.11932539939880371
DINOv2,teacher_training_75712.pth,blocks.7.mlp.fc1.weight,2359296,100.0,23.566735798724636,18.96990069968505,80.49439201805643,0.7494512006789407,1.2072850317080164,0.009856192465954974,0.012350195768024121,0.08119410648941994
DINOv2,teacher_training_75712.pth,blocks.7.mlp.fc1.bias,3072,100.0,62.84494937106504,0.8763476134818842,1.3944598925643668,0.9999441267374786,1.009038544584469,0.012380846188951486,0.015811235329607872,0.1024317517876625
DINOv2,teacher_training_75712.pth,blocks.7.mlp.fc2.weight,2359296,100.0,18.70068740966063,18.16823029734362,97.15274042791631,0.6815314692624388,1.3205546620030677,0.009354322287310658,0.011828274933166419,0.0781988576054573
DINOv2,teacher_training_75712.pth,blocks.7.mlp.fc2.bias,768,100.0,4.364087344982418,0.2237576335134633,5.127249200700056,0.9989945420218103,1.0238735176030989,0.0053656777762493375,0.00807415812138948,0.09723877906799316
DINOv2,teacher_training_75712.pth,blocks.7.ls2.gamma,768,100.0,33.9413246592898,0.7438565694641763,2.191595575397148,0.9998040380716059,0.990400652463255,0.021458505652844906,0.02684161191366336,0.14801287651062012
DINOv2,teacher_training_75712.pth,blocks.8.norm1.weight,768,100.0,39.201941274760266,1.1278914218830538,2.8771315531999795,0.9998279393473827,0.9778348291290611,0.03712301670263211,0.04069927600255318,0.08877277374267578
DINOv2,teacher_training_75712.pth,blocks.8.norm1.bias,768,100.0,8.345434505045242,0.3698483976312235,4.43174525433794,0.9990175761616472,0.999410106195617,0.010147272990146542,0.013345754495733666,0.08861163258552551
DINOv2,teacher_training_75712.pth,blocks.8.attn.qkv.weight,1769472,100.0,23.350075559150355,16.229383651814462,69.50463012722261,0.785123241924059,1.1005719159132616,0.00970424351837357,0.012200571640829154,0.07778794690966606
DINOv2,teacher_training_75712.pth,blocks.8.attn.qkv.bias,2304,100.0,27.08099182972632,3.8116348057659097,14.074945370287164,0.9904497780289133,1.0187547513583586,0.041724264006974626,0.07940905845345646,0.5670375823974609
DINOv2,teacher_training_75712.pth,blocks.8.attn.proj.weight,589824,100.0,11.138283065733086,8.684486959999177,77.96970959300712,0.7561423188128201,1.1800276425755276,0.00891838779680639,0.011307925729165594,0.10007504001259804
DINOv2,teacher_training_75712.pth,blocks.8.attn.proj.bias,768,100.0,5.469300548316848,0.34000712382946235,6.2166472810512845,0.9980804710175342,1.0034931384082761,0.007568608986446179,0.012268950279333156,0.15694308280944824
DINOv2,teacher_training_75712.pth,blocks.8.ls1.gamma,768,100.0,34.471719255430415,1.0976513794112417,3.184208397839995,0.9997559847757739,0.9768224415025496,0.03588449867675081,0.039608082461215284,0.16759991645812988
DINOv2,teacher_training_75712.pth,blocks.8.norm2.weight,768,100.0,42.750829253269096,0.5927809972358972,1.3865953189447617,0.9999038647240532,0.9998460032569,0.01609860738972202,0.021390141770290003,0.10283792018890381
DINOv2,teacher_training_75712.pth,blocks.8.norm2.bias,768,100.0,12.497116801738478,0.4806614023795911,3.846178362618217,0.999358527492895,0.985330866516281,0.013804627634954159,0.017344374378307496,0.07676714658737183
DINOv2,teacher_training_75712.pth,blocks.8.mlp.fc1.weight,2359296,100.0,24.9195548303006,20.71442203598188,83.12516887659027,0.7314798706794801,1.2069187955535738,0.010759370308030595,0.01348595184634237,0.08637970685958862
DINOv2,teacher_training_75712.pth,blocks.8.mlp.fc1.bias,3072,100.0,68.83907975922858,0.7810813339137941,1.1346481339461576,0.9999592513111262,1.0068328909216318,0.011374556035661954,0.014092422449816282,0.07929569482803345
DINOv2,teacher_training_75712.pth,blocks.8.mlp.fc2.weight,2359296,100.0,19.352911409040235,20.00089871914254,103.34826784666421,0.6467548325849167,1.3441630775623679,0.010293806527897622,0.013021418436941759,0.09248524438589811
DINOv2,teacher_training_75712.pth,blocks.8.mlp.fc2.bias,768,100.0,3.5187743251541557,0.26636339094540823,7.5697776081090105,0.997759150735129,1.033163616262913,0.006506794597522496,0.00961156096653706,0.11085903644561768
DINOv2,teacher_training_75712.pth,blocks.8.ls2.gamma,768,100.0,59.17701855059605,0.9345071948704698,1.5791724858045542,0.9999176454111662,0.9907156793927971,0.02900571810702483,0.03372112378238174,0.13028335571289062
DINOv2,teacher_training_75712.pth,blocks.9.norm1.weight,768,100.0,40.41384764249982,1.323865685239248,3.2757724454997215,0.9998257210798769,0.9729084209856003,0.04391306402006497,0.04777088810898676,0.09442150592803955
DINOv2,teacher_training_75712.pth,blocks.9.norm1.bias,768,100.0,8.876970111861121,0.39424232899399503,4.441181214153477,0.9990135045601369,0.9983879238527545,0.011200251425899902,0.014225994673164252,0.05997037887573242
DINOv2,teacher_training_75712.pth,blocks.9.attn.qkv.weight,1769472,100.0,23.25547144512755,17.91304230019011,77.02721633683855,0.7448035147402724,1.12957809969837,0.010713931839684573,0.01346627577346343,0.07322752475738525
DINOv2,teacher_training_75712.pth,blocks.9.attn.qkv.bias,2304,100.0,40.30550399308363,3.731610560573469,9.258315095659908,0.9958720081150628,1.0141119748962824,0.04177879771565666,0.07774188667861394,0.527181938290596
DINOv2,teacher_training_75712.pth,blocks.9.attn.proj.weight,589824,100.0,11.618794676248013,9.420152223643914,81.07684562927405,0.7300004786429709,1.1661726791994484,0.009677264736799319,0.012265823207869678,0.10366131737828255
DINOv2,teacher_training_75712.pth,blocks.9.attn.proj.bias,768,100.0,4.32399183601117,0.42735639021880284,9.883376436090451,0.9951532626008027,1.0050592730373429,0.01071780215990259,0.015420895433295785,0.15401220321655273
DINOv2,teacher_training_75712.pth,blocks.9.ls1.gamma,768,100.0,53.2807617406515,1.5574978526392604,2.9231899127503276,0.9998221238774012,0.9774886664352995,0.05145036312751472,0.056201362780221316,0.13883209228515625
DINOv2,teacher_training_75712.pth,blocks.9.norm2.weight,768,100.0,44.523173429181476,0.7406059819234271,1.6634168790808102,0.9998720978984814,0.9952996010672612,0.02148809959180653,0.02672431643918361,0.1230858564376831
DINOv2,teacher_training_75712.pth,blocks.9.norm2.bias,768,100.0,14.154642486380537,0.5255754186282329,3.7130956796255123,0.9994488688078329,0.9828130846705585,0.015170242937680692,0.018965069339028782,0.06315205991268158
DINOv2,teacher_training_75712.pth,blocks.9.mlp.fc1.weight,2359296,100.0,24.23669600385821,22.798361944249077,94.06546973490047,0.6787465048135556,1.2665628685202541,0.01185310161125864,0.014842683557453827,0.08312395587563515
DINOv2,teacher_training_75712.pth,blocks.9.mlp.fc1.bias,3072,100.0,72.9387786124616,0.8442335794534962,1.1574550541065118,0.9999626898334502,1.0076666679731026,0.012347013900731932,0.015231827636137417,0.06316635012626648
DINOv2,teacher_training_75712.pth,blocks.9.mlp.fc2.weight,2359296,100.0,20.28151001078526,21.19661410358113,104.51201164168367,0.627562438945596,1.3247788131899816,0.01087395197004682,0.013799878973685632,0.11714366148225963
DINOv2,teacher_training_75712.pth,blocks.9.mlp.fc2.bias,768,100.0,5.234990637562478,0.30782727264114335,5.880187644126795,0.9985996479174374,1.0242690361813633,0.00734311511674927,0.011107759920204529,0.1385810375213623
DINOv2,teacher_training_75712.pth,blocks.9.ls2.gamma,768,100.0,105.41501668421355,1.4772150046115016,1.4013326099797718,0.9999615193262639,0.989033873574819,0.0479118690903609,0.0533044050352128,0.17134952545166016
DINOv2,teacher_training_75712.pth,blocks.10.norm1.weight,768,100.0,42.78843343660085,1.828251688150784,4.27277079648098,0.99971161283571,0.9643709016586164,0.06194112011386702,0.06597135026876517,0.13710689544677734
DINOv2,teacher_training_75712.pth,blocks.10.norm1.bias,768,100.0,10.389416124251493,0.4785990028621599,4.606601536971748,0.9989421181412567,0.9962157343488667,0.013874207341455502,0.017269953946022154,0.06409168243408203
DINOv2,teacher_training_75712.pth,blocks.10.attn.qkv.weight,1769472,100.0,23.390959149096677,19.463371651725446,83.20895063628501,0.7079107341282309,1.147809079309413,0.011627549544325952,0.01463174851882997,0.09096876531839371
DINOv2,teacher_training_75712.pth,blocks.10.attn.qkv.bias,2304,100.0,40.10975160020108,3.98945401866909,9.946344366413603,0.9950743538061612,1.003195082115726,0.044519457390671216,0.08311362538893938,0.5374748706817627
DINOv2,teacher_training_75712.pth,blocks.10.attn.proj.weight,589824,100.0,12.145571620879686,10.244018792253973,84.34365307799332,0.7005985481359734,1.150291228868408,0.010489896795806367,0.013338566135747361,0.1670574564486742
DINOv2,teacher_training_75712.pth,blocks.10.attn.proj.bias,768,100.0,4.9968878315259415,0.48119870278756555,9.629968072359508,0.9954378453365346,1.0084813278358002,0.011414521149589518,0.01736376253675623,0.20544147491455078
DINOv2,teacher_training_75712.pth,blocks.10.ls1.gamma,768,100.0,91.14733545883324,2.0874684387668125,2.2902133433287464,0.9999234841652377,0.9806496184153535,0.06976389316453908,0.07532502906542919,0.19460725784301758
DINOv2,teacher_training_75712.pth,blocks.10.norm2.weight,768,100.0,55.94454592716659,1.1842988934665477,2.1169157311748847,0.9998674250108252,0.986339645478778,0.036918062483891845,0.04273470530899295,0.14600014686584473
DINOv2,teacher_training_75712.pth,blocks.10.norm2.bias,768,100.0,18.854369934643387,0.8557880238252884,4.538937269141234,0.998972375206966,0.9965225629759767,0.02480097216755439,0.03088059037029926,0.10342767834663391
DINOv2,teacher_training_75712.pth,blocks.10.mlp.fc1.weight,2359296,100.0,24.613445204571228,24.32684706108246,98.83560330093269,0.6496170771299546,1.28116279589052,0.012614460700664971,0.015837791055392226,0.09425287880003452
DINOv2,teacher_training_75712.pth,blocks.10.mlp.fc1.bias,3072,100.0,80.77510083288614,0.9571338510485725,1.184936745580505,0.9999671485796259,1.0086103972495557,0.014564276497253559,0.017268796454793643,0.049571871757507324
DINOv2,teacher_training_75712.pth,blocks.10.mlp.fc2.weight,2359296,100.0,21.84386458769148,22.94270458402675,105.0304285302814,0.6099774902675161,1.2993334435735804,0.011751728847583628,0.01493665663022575,0.19598206179216504
DINOv2,teacher_training_75712.pth,blocks.10.mlp.fc2.bias,768,100.0,5.973181459431551,0.3752608209631514,6.282427940819059,0.9983290263177164,1.0229813055559125,0.009513663373155623,0.013541058499962214,0.15667438507080078
DINOv2,teacher_training_75712.pth,blocks.10.ls2.gamma,768,100.0,203.83177824884157,1.7410843299074983,0.854177079190248,0.9999856867889505,0.9933271861296511,0.05509022274054587,0.06282596915962084,0.21469449996948242
DINOv2,teacher_training_75712.pth,blocks.11.norm1.weight,768,100.0,46.53881406246407,3.2259260231448392,6.931689361089055,0.9991421656239899,0.9435553068562916,0.11109755192107211,0.11640557861553073,0.17739617824554443
DINOv2,teacher_training_75712.pth,blocks.11.norm1.bias,768,100.0,10.936042569305775,0.7346245956556089,6.717462839048213,0.9977658817424608,0.9907526464897797,0.020351300418269602,0.02650848175344286,0.17331483960151672
DINOv2,teacher_training_75712.pth,blocks.11.attn.qkv.weight,1769472,100.0,23.601424677711538,20.642152111520183,87.46146638772191,0.6756071268000133,1.1461342780378883,0.01227711743487553,0.015517906351874193,0.08641428500413895
DINOv2,teacher_training_75712.pth,blocks.11.attn.qkv.bias,2304,100.0,41.99259930778119,9.719653860195306,23.146111506353602,0.9744286804325536,1.0299759669187842,0.09583493377313029,0.20249278875406887,1.5887961387634277
DINOv2,teacher_training_75712.pth,blocks.11.attn.proj.weight,589824,100.0,13.0485811412222,10.383048824646611,79.5722440031827,0.7069553152198831,1.0715921472704164,0.010685841328334496,0.013519594823758608,0.1293848156929016
DINOv2,teacher_training_75712.pth,blocks.11.attn.proj.bias,768,100.0,9.586628110516992,0.6631064953340358,6.91699404305228,0.9976486028327032,1.006987521035915,0.01833692200614223,0.023927794598905927,0.1347336359322071
DINOv2,teacher_training_75712.pth,blocks.11.ls1.gamma,768,100.0,225.9729547163381,2.9889033812681784,1.3226819045757592,0.9999889268231722,0.9876275955425577,0.10125022168116023,0.10785276073481034,0.18220043182373047
DINOv2,teacher_training_75712.pth,blocks.11.norm2.weight,768,100.0,50.90290669241975,1.5193647684609897,2.9848290936345436,0.9996801715021489,0.9838256527019337,0.04758065872495839,0.05482535362926161,0.13323354721069336
DINOv2,teacher_training_75712.pth,blocks.11.norm2.bias,768,100.0,14.891709043202836,1.5862095572752646,10.651628719534198,0.9943352170200307,0.9873894813389028,0.04674864825345537,0.05723740718025195,0.16043085977435112
DINOv2,teacher_training_75712.pth,blocks.11.mlp.fc1.weight,2359296,100.0,24.568130630630375,28.46741870930947,115.87132589492848,0.5696875145852458,1.3864863152327411,0.01472040518499886,0.018533475722206687,0.2561280131340027
DINOv2,teacher_training_75712.pth,blocks.11.mlp.fc1.bias,3072,100.0,78.92760182031871,2.0519652637391315,2.5998069324474065,0.9999194908222863,1.0226106286276146,0.03307251810717086,0.0370219592933609,0.08148205280303955
DINOv2,teacher_training_75712.pth,blocks.11.mlp.fc2.weight,2359296,100.0,22.618423878256454,24.464808018882945,108.16318657110966,0.6041350477935062,1.3355081734237342,0.012404498232720768,0.015927609387293585,0.2030782215297222
DINOv2,teacher_training_75712.pth,blocks.11.mlp.fc2.bias,768,100.0,6.431997624593203,0.497638945421953,7.736926760034782,0.997118754930745,1.0123442271287884,0.013095765132618453,0.01795699869366288,0.18866610527038574
DINOv2,teacher_training_75712.pth,blocks.11.ls2.gamma,768,100.0,255.31387511533867,1.9326562455937464,0.7569726653988796,0.9999841273658654,0.994928858304062,0.05913278798107058,0.06973872522778506,0.23549747467041016
DINOv2,teacher_training_75712.pth,norm.weight,768,100.0,66.10938870630643,2.5773076680763376,3.89855014319695,0.9992831426903211,0.9899735461927912,0.079558375061121,0.09300057974677252,0.3668711632490158
DINOv2,teacher_training_75712.pth,norm.bias,768,100.0,12.561260432703119,1.7946894102709618,14.287494633886466,0.9899086643405252,1.0081408893220316,0.055816717151932004,0.06476027588323191,0.3457617461681366
DINOv2,teacher_training_151424.pth,cls_token,768,100.0,0.39973614505004973,0.11371918902123491,28.448562990718912,0.9806592081743303,1.1871163616003972,0.0026387390014566137,0.004103487774589744,0.025879811495542526
DINOv2,teacher_training_151424.pth,pos_embed,1052160,100.0,9.681227938026321,6.355807003458356,65.65083524677439,0.8489642837568148,1.238507056703038,0.004864843537017215,0.0061962624940858505,0.0389822693541646
DINOv2,teacher_training_151424.pth,mask_token,768,100.0,0.0,0.5161322031143801,,,,0.011639017293473941,0.018624316650345123,0.10620993375778198
DINOv2,teacher_training_151424.pth,patch_embed.proj.weight,451584,100.0,5.094310344763256,0.3280688699176118,6.43990742053737,0.9979327454349738,0.9938090129153615,0.00034025809775172053,0.00048819772309168424,0.004869808442890644
DINOv2,teacher_training_151424.pth,patch_embed.proj.bias,768,100.0,2.1172193107357185,0.023476233682077057,1.1088238976017668,0.9999410091901832,0.9977114567976336,0.00047430233925401427,0.0008471256147441092,0.00851944088935852
DINOv2,teacher_training_151424.pth,blocks.0.norm1.weight,768,100.0,25.942800841287482,0.5730550733264579,2.2089175214052115,0.9998639140078073,0.9851745233925053,0.01675590617171026,0.02067834380284445,0.06299519538879395
DINOv2,teacher_training_151424.pth,blocks.0.norm1.bias,768,100.0,6.668605887828497,0.2142701643952944,3.2131178240174476,0.9995085517336921,1.0065624587280202,0.005966483995065719,0.007731808568308037,0.027874350547790527
DINOv2,teacher_training_151424.pth,blocks.0.attn.qkv.weight,1769472,100.0,23.607932412289966,10.135445601497874,42.932373002819595,0.9037982848053694,0.9380065408622171,0.005687236274573871,0.007619403966642716,0.12775176763534546
DINOv2,teacher_training_151424.pth,blocks.0.attn.qkv.bias,2304,100.0,48.33284734659305,1.664617635594515,3.444071117220974,0.9994092096000808,0.99718866473315,0.016691390524890732,0.034679534074885734,0.3302810788154602
DINOv2,teacher_training_151424.pth,blocks.0.attn.proj.weight,589824,100.0,9.637798227537138,5.386592912814856,55.89028516310158,0.8483774942790993,1.0275890183520904,0.005367827328902447,0.007013792855227677,0.10959066450595856
DINOv2,teacher_training_151424.pth,blocks.0.attn.proj.bias,768,100.0,4.036111777013951,0.11473589367565762,2.842733304094542,0.9996927610804701,0.9857740750607875,0.002664100848799459,0.004140174943709575,0.028566449880599976
DINOv2,teacher_training_151424.pth,blocks.0.ls1.gamma,768,100.0,5.018033076083127,0.44391982869705837,8.846490686019234,0.997455757132724,0.9450722942556096,0.008484581824007797,0.0160185770373037,0.17917144298553467
DINOv2,teacher_training_151424.pth,blocks.0.norm2.weight,768,100.0,47.23673498037133,0.9829332662327396,2.080866229728168,0.9997856511284702,1.0018709877873557,0.027821434389310912,0.0354685491159319,0.19597148895263672
DINOv2,teacher_training_151424.pth,blocks.0.norm2.bias,768,100.0,10.021818114746859,0.5481944777049026,5.470010245927812,0.9991490294726383,0.9632201510435767,0.014335341126961035,0.01978126432944949,0.08231484889984131
DINOv2,teacher_training_151424.pth,blocks.0.mlp.fc1.weight,2359296,100.0,26.18232121206333,11.58650413353063,44.25315860914664,0.9027000121600395,1.0061481471957385,0.005882035913282955,0.0075432969619340035,0.12740558093355503
DINOv2,teacher_training_151424.pth,blocks.0.mlp.fc1.bias,3072,100.0,60.787323274015456,0.8649368314765793,1.422890143686111,0.9999405518417144,1.009082152008641,0.011258641794000823,0.015605359765157032,0.07255852222442627
DINOv2,teacher_training_151424.pth,blocks.0.mlp.fc2.weight,2359296,100.0,22.174721612627266,10.318475388990183,46.53260396790906,0.8925104262396196,1.0069795668402826,0.005276784906305216,0.006717757414707151,0.10534325242042542
DINOv2,teacher_training_151424.pth,blocks.0.mlp.fc2.bias,768,100.0,5.209158688072367,0.08461849486086136,1.6244176829286452,0.9998782142200795,0.9953708255308062,0.0022398535290903965,0.0030534069241462043,0.017622947692871094
DINOv2,teacher_training_151424.pth,blocks.0.ls2.gamma,768,100.0,4.073168159907173,0.6555363633029596,16.094016685967105,0.9877042017402695,0.9494768889364427,0.01935782222353784,0.023654630988534504,0.09348416328430176
DINOv2,teacher_training_151424.pth,blocks.1.norm1.weight,768,100.0,38.79766955807839,1.2289989631310017,3.167713363018479,0.9996706994882416,0.9810979180504785,0.040673393004889626,0.04434768013734092,0.154097318649292
DINOv2,teacher_training_151424.pth,blocks.1.norm1.bias,768,100.0,8.366019162267852,0.49699406037609634,5.940627803216407,0.9984267230684802,1.0180488332225304,0.013987283033187007,0.01793372840898652,0.06961309909820557
DINOv2,teacher_training_151424.pth,blocks.1.attn.qkv.weight,1769472,100.0,25.202025915254058,11.11966793503983,44.12211927894819,0.8975528266169999,0.9142026775094098,0.0065024191363295975,0.008359301140097001,0.08949112892150879
DINOv2,teacher_training_151424.pth,blocks.1.attn.qkv.bias,2304,100.0,60.11453142889135,1.084544651504155,1.8041305915975538,0.9998424096753213,1.0030568932274873,0.013049297096757407,0.022594680239669894,0.1289086937904358
DINOv2,teacher_training_151424.pth,blocks.1.attn.proj.weight,589824,100.0,11.201787962731284,5.275546987882546,47.095579789891254,0.8876011551842863,0.9857600786659585,0.005394024525410405,0.006869201807138732,0.06545578595250845
DINOv2,teacher_training_151424.pth,blocks.1.attn.proj.bias,768,100.0,3.316409445827137,0.21620823717143714,6.519346923326387,0.9983074602534162,0.9688460680885107,0.006093982407357146,0.007801742745746481,0.031683146953582764
DINOv2,teacher_training_151424.pth,blocks.1.ls1.gamma,768,100.0,5.428907611101864,0.6646280701723802,12.24239050989276,0.9965773638849507,0.9062775590814585,0.020761493827134103,0.023982699701562825,0.11835432052612305
DINOv2,teacher_training_151424.pth,blocks.1.norm2.weight,768,100.0,38.347120640275406,1.2064816531019742,3.146211848393187,0.9995126288782061,1.003431836262329,0.03389417612136943,0.04353515669942309,0.18124175071716309
DINOv2,teacher_training_151424.pth,blocks.1.norm2.bias,768,100.0,9.459635270883824,0.9642075535563726,10.19286183817408,0.9949999128357974,0.9746462942765695,0.027626606532824855,0.03479284316252764,0.13616430759429932
DINOv2,teacher_training_151424.pth,blocks.1.mlp.fc1.weight,2359296,100.0,23.517339340457205,14.359441206400415,61.05895313462467,0.8348655782079121,1.0991005294654255,0.007285578546880954,0.009348594535416936,0.1270139217376709
DINOv2,teacher_training_151424.pth,blocks.1.mlp.fc1.bias,3072,100.0,56.351156637961466,1.1736983238447847,2.082829162470309,0.9998586396010501,1.0121516016878023,0.013625015712098806,0.021176095100599965,0.08811235427856445
DINOv2,teacher_training_151424.pth,blocks.1.mlp.fc2.weight,2359296,100.0,20.764363312176826,11.08672962150098,53.39306317665613,0.8621495069961926,1.0306241102823188,0.005668552053281864,0.0072179229306647006,0.07258804608136415
DINOv2,teacher_training_151424.pth,blocks.1.mlp.fc2.bias,768,100.0,7.7691525357098135,0.0902953343902195,1.1622288785705999,0.9999541854303403,0.9933624818361476,0.0025385872572769586,0.003258252226047531,0.014075756072998047
DINOv2,teacher_training_151424.pth,blocks.1.ls2.gamma,768,100.0,5.438592360778933,0.955797132221791,17.574347713842972,0.9868477105123252,0.9178971956475044,0.03014362676281242,0.03448935822368271,0.07733489573001862
DINOv2,teacher_training_151424.pth,blocks.2.norm1.weight,768,100.0,41.512658860000116,1.2543956298794234,3.021718348877208,0.9997062357137096,0.9816608511827754,0.039334585482720286,0.04526410341132346,0.15680885314941406
DINOv2,teacher_training_151424.pth,blocks.2.norm1.bias,768,100.0,6.942657453950505,0.4955775581246146,7.138153674031858,0.9976956724873786,1.0198762650730566,0.014078531114392945,0.01788261478672398,0.0700998306274414
DINOv2,teacher_training_151424.pth,blocks.2.attn.qkv.weight,1769472,100.0,22.539122725940807,11.944910327943168,52.996340954279866,0.8561068740640295,0.973495950531613,0.007030465642850281,0.008979683845421782,0.09017406776547432
DINOv2,teacher_training_151424.pth,blocks.2.attn.qkv.bias,2304,100.0,26.4411171959957,1.9505687050094584,7.377028325054498,0.9973836630371171,1.0120882876227095,0.020454188301517857,0.04063684802103039,0.2783336639404297
DINOv2,teacher_training_151424.pth,blocks.2.attn.proj.weight,589824,100.0,10.875104073629423,5.5734258589794,51.249402499918716,0.8745808388814438,1.0405379700883837,0.005739224556711152,0.007257064920546093,0.052809146232903004
DINOv2,teacher_training_151424.pth,blocks.2.attn.proj.bias,768,100.0,2.377589781228016,0.22106608979475234,9.297907130159878,0.9957053305387604,0.9870906359179449,0.006182505117010351,0.00797703540323114,0.03424748778343201
DINOv2,teacher_training_151424.pth,blocks.2.ls1.gamma,768,100.0,4.795744012097434,0.48024067411740257,10.01389300400477,0.9970167532014191,0.933218544183731,0.014241753294375789,0.017329192654843107,0.07223987579345703
DINOv2,teacher_training_151424.pth,blocks.2.norm2.weight,768,100.0,55.35386395788772,0.9996001501588935,1.8058362663162453,0.9998372238032516,1.000597858188351,0.025994963279060812,0.03606996348601422,0.21994847059249878
DINOv2,teacher_training_151424.pth,blocks.2.norm2.bias,768,100.0,7.425077845558647,0.5626154397297746,7.577232877986677,0.9977241225825212,0.9631572223485418,0.014674440875287095,0.020301635973639064,0.0911472775042057
DINOv2,teacher_training_151424.pth,blocks.2.mlp.fc1.weight,2359296,100.0,22.137814083400528,13.718173166879069,61.96715319406937,0.8350039784681536,1.120003016282969,0.007015263913541657,0.008931102322186893,0.16795945167541504
DINOv2,teacher_training_151424.pth,blocks.2.mlp.fc1.bias,3072,100.0,44.16852928836087,0.7448248001219903,1.686324657222091,0.9999265729804125,1.011653483797316,0.010817379557541548,0.013438274964048133,0.0931551456451416
DINOv2,teacher_training_151424.pth,blocks.2.mlp.fc2.weight,2359296,100.0,19.61705004058221,12.61049865321318,64.28335874724064,0.8170452094489556,1.1012949156337322,0.006471654693011364,0.008209960060685664,0.11329309642314911
DINOv2,teacher_training_151424.pth,blocks.2.mlp.fc2.bias,768,100.0,5.497456180370493,0.15837188900434088,2.8808213073135875,0.9995999107727074,0.9941323009410424,0.004359994973818004,0.005714753296795359,0.03140849620103836
DINOv2,teacher_training_151424.pth,blocks.2.ls2.gamma,768,100.0,4.086069467269117,0.7227165302438624,17.687328520307382,0.9893557372601978,0.8888125432180493,0.022784490509764055,0.026078786455255392,0.07338451594114304
DINOv2,teacher_training_151424.pth,blocks.3.norm1.weight,768,100.0,42.12137174323095,1.4534257354894078,3.450566008033626,0.9994650338446447,0.9884652858631572,0.04627601561757425,0.052445983726996215,0.19595956802368164
DINOv2,teacher_training_151424.pth,blocks.3.norm1.bias,768,100.0,9.266829391996778,0.5630107342047246,6.075548716705244,0.9981949669410924,0.9890068633590284,0.015294668735217934,0.02031589993435916,0.13568931818008423
DINOv2,teacher_training_151424.pth,blocks.3.attn.qkv.weight,1769472,99.99994348596644,25.253621118724112,13.626626869064957,53.959100776092626,0.850386888057733,0.9700376926390958,0.007998207980186215,0.010243927983074531,0.1654948703944683
DINOv2,teacher_training_151424.pth,blocks.3.attn.qkv.bias,2304,100.0,367.7691632822363,2.6438014341310137,0.7188752342735398,0.9999743501563615,1.000590086205845,0.028665207261051744,0.055079196544396115,0.36101579666137695
DINOv2,teacher_training_151424.pth,blocks.3.attn.proj.weight,589824,100.0,10.954279753859367,7.3982811423232615,67.53781452145887,0.7956492176353893,1.0943017189765052,0.00762636827775073,0.009633178570733413,0.06659222615417093
DINOv2,teacher_training_151424.pth,blocks.3.attn.proj.bias,768,100.0,3.1402233642892345,0.3110505040153775,9.905362387677838,0.9952115105620468,0.9791624869682887,0.008784939962775221,0.011224068264052936,0.04883979260921478
DINOv2,teacher_training_151424.pth,blocks.3.ls1.gamma,768,100.0,5.802884039200268,0.5207840111331237,8.974572085450397,0.9961619690568809,0.9763386745028196,0.015438770322944606,0.018792174313585125,0.07140275835990906
DINOv2,teacher_training_151424.pth,blocks.3.norm2.weight,768,100.0,40.65039412567809,1.2000081895667305,2.9520210452491233,0.9995752495988249,1.0042786989407666,0.0279075029024467,0.04330156570475671,0.2690139412879944
DINOv2,teacher_training_151424.pth,blocks.3.norm2.bias,768,100.0,8.62920222569121,0.6990351763378897,8.10080883556876,0.996717580700909,0.9995891756089332,0.019809491417807596,0.025224259201981132,0.09578776359558105
DINOv2,teacher_training_151424.pth,blocks.3.mlp.fc1.weight,2359296,100.0,22.35337710465601,16.971216665544496,75.92238338792014,0.7648633336328043,1.1666552562322012,0.00872698970467438,0.011048969183297197,0.14621232077479362
DINOv2,teacher_training_151424.pth,blocks.3.mlp.fc1.bias,3072,100.0,49.32827112527534,0.9750882972005728,1.976733169350723,0.9998996298085904,1.0136842985981331,0.013747561077858942,0.01759273408976264,0.10357892513275146
DINOv2,teacher_training_151424.pth,blocks.3.mlp.fc2.weight,2359296,100.0,18.953442656467615,14.656955399428462,77.33136224952234,0.7526414692342943,1.1582066797095543,0.007521625559705337,0.009542288671502905,0.15225934144109488
DINOv2,teacher_training_151424.pth,blocks.3.mlp.fc2.bias,768,100.0,3.6571810533667812,0.13809820083625668,3.7760832406458036,0.9992893575291224,1.0015477939339594,0.003674561282098178,0.004983189589213487,0.0370173379778862
DINOv2,teacher_training_151424.pth,blocks.3.ls2.gamma,768,100.0,7.537362905851604,0.9896662178207947,13.130138885212371,0.9954169596372533,0.9054448625850572,0.03189299335159982,0.03571150357916966,0.1569211371243
DINOv2,teacher_training_151424.pth,blocks.4.norm1.weight,768,100.0,41.17544513528507,1.3898064247854416,3.375328233171801,0.9995063955753429,0.9871646426942371,0.042313451801116266,0.050150319591959126,0.2815666198730469
DINOv2,teacher_training_151424.pth,blocks.4.norm1.bias,768,100.0,8.15870451595151,0.614338854335514,7.529857873077621,0.9971711678144024,0.992675183026445,0.016620129662517986,0.022168043932765957,0.15182828903198242
DINOv2,teacher_training_151424.pth,blocks.4.attn.qkv.weight,1769472,100.0,22.46564016682883,14.34554220407063,63.85547928989017,0.8027019630401832,1.0309182310903007,0.008521901882219265,0.010784378454676193,0.09532187320291996
DINOv2,teacher_training_151424.pth,blocks.4.attn.qkv.bias,2304,100.0,30.83349817092015,3.007779925745371,9.754909770770297,0.9952779624916895,1.004975853251854,0.03113644063486465,0.06266208178636189,0.5688649415969849
DINOv2,teacher_training_151424.pth,blocks.4.attn.proj.weight,589824,100.0,10.800601822727504,7.741849185417161,71.6797944455848,0.7825525586631507,1.137781780780889,0.008004763140104652,0.010080532793511928,0.09178676828742027
DINOv2,teacher_training_151424.pth,blocks.4.attn.proj.bias,768,100.0,2.602822788007507,0.38717261243072726,14.875104606223028,0.9889427374919093,0.9773405074218284,0.01076181920768704,0.01397088825060819,0.08579837344586849
DINOv2,teacher_training_151424.pth,blocks.4.ls1.gamma,768,100.0,7.175079608356023,0.5898701785836807,8.221095942917819,0.9970265072842521,0.9683821696640341,0.01683614167632186,0.021285106649513795,0.10339350998401642
DINOv2,teacher_training_151424.pth,blocks.4.norm2.weight,768,100.0,39.38113202907368,0.9847318120969556,2.500516773794017,0.9997093540099988,1.006346439868367,0.023573266167659312,0.03553344854961033,0.2898898124694824
DINOv2,teacher_training_151424.pth,blocks.4.norm2.bias,768,100.0,8.35588052932885,1.026165569440869,12.280759231047686,0.9925077077112178,1.0048873117142638,0.02957591463060834,0.037028560484363204,0.181427001953125
DINOv2,teacher_training_151424.pth,blocks.4.mlp.fc1.weight,2359296,100.0,22.59524870037032,18.79902409870797,83.19901386347594,0.7264604154416954,1.195451168004267,0.009727308432555879,0.012238947980929669,0.1615266427397728
DINOv2,teacher_training_151424.pth,blocks.4.mlp.fc1.bias,3072,100.0,49.03010157067791,1.0450424733992822,2.131430366084051,0.9998965406095537,1.0156252234374177,0.0162601444337415,0.018854861041614622,0.09656774997711182
DINOv2,teacher_training_151424.pth,blocks.4.mlp.fc2.weight,2359296,100.0,18.810709488169653,17.30983866167721,92.02118969815379,0.6924741461051015,1.2637099803892875,0.008925727797586096,0.011269426212029433,0.12745962291955948
DINOv2,teacher_training_151424.pth,blocks.4.mlp.fc2.bias,768,100.0,3.3051139036662667,0.1638973276341237,4.958901036733324,0.9987701028532868,0.9996579670189302,0.004011336861343769,0.005914135389313851,0.06757625937461853
DINOv2,teacher_training_151424.pth,blocks.4.ls2.gamma,768,100.0,9.389621221209184,0.6137560559985515,6.536536901107421,0.998002407565582,0.981226324213012,0.01634104272792077,0.022147014009220423,0.1339537501335144
DINOv2,teacher_training_151424.pth,blocks.5.norm1.weight,768,100.0,38.601325643271885,1.6112675962315144,4.174125031668063,0.9993212737278714,0.9796911921413112,0.048662772887231164,0.058141611276299125,0.3387765884399414
DINOv2,teacher_training_151424.pth,blocks.5.norm1.bias,768,100.0,8.08936185860344,0.5341770417151858,6.603450940287237,0.997819095677911,0.9959471631037529,0.01440289701199049,0.01927545367682378,0.10844862461090088
DINOv2,teacher_training_151424.pth,blocks.5.attn.qkv.weight,1769472,99.99994348596644,22.47317995088187,15.780615760359673,70.21977216775869,0.7697619148844504,1.0623624034960888,0.009382155915676425,0.011863206715132434,0.15947489440441132
DINOv2,teacher_training_151424.pth,blocks.5.attn.qkv.bias,2304,100.0,23.02192645993379,2.994549485650154,13.007380120259343,0.9917476474702347,1.0137155791442942,0.031857659477326356,0.06238644761771154,0.7565155327320099
DINOv2,teacher_training_151424.pth,blocks.5.attn.proj.weight,589824,100.0,10.929121069760077,8.56616430141154,78.37926075421902,0.746660458191471,1.1611875278316612,0.008861748984559603,0.011153859767462942,0.08765734732151031
DINOv2,teacher_training_151424.pth,blocks.5.attn.proj.bias,768,100.0,3.0739705507294617,0.4129437032601559,13.433560811510157,0.9910492824332422,0.9760580910496865,0.009767985519568848,0.014900822389838246,0.16709409654140472
DINOv2,teacher_training_151424.pth,blocks.5.ls1.gamma,768,100.0,13.290479338834558,0.7500702395659765,5.643665818540374,0.9991199836411508,0.9613597122142978,0.022715154603247356,0.027065828420283978,0.1066138744354248
DINOv2,teacher_training_151424.pth,blocks.5.norm2.weight,768,100.0,37.0830583509939,0.8723023709530123,2.352293499356514,0.9997715701179953,1.0095960745285677,0.021181327640078962,0.0314765005427794,0.2324843406677246
DINOv2,teacher_training_151424.pth,blocks.5.norm2.bias,768,100.0,10.654814642524723,0.7209953877502885,6.7668505923388285,0.9977356750887458,0.9902855718210797,0.019905748265121776,0.02601668007513173,0.2066185474395752
DINOv2,teacher_training_151424.pth,blocks.5.mlp.fc1.weight,2359296,100.0,23.47359137184589,21.29332076608722,90.7118149446289,0.6837962041862057,1.2227216033968227,0.011027562119620755,0.013862839040421368,0.1571190506219864
DINOv2,teacher_training_151424.pth,blocks.5.mlp.fc1.bias,3072,100.0,56.04337200621755,1.074293886168177,1.9168973024124834,0.9999072594615515,1.0133971464406832,0.015287806654669112,0.01938262076149894,0.08979630470275879
DINOv2,teacher_training_151424.pth,blocks.5.mlp.fc2.weight,2359296,100.0,18.784356055525326,20.26530434862061,107.88394496312623,0.6193570958586853,1.3592880184934877,0.01046515826201819,0.01319355751863321,0.11946048773825169
DINOv2,teacher_training_151424.pth,blocks.5.mlp.fc2.bias,768,100.0,4.092506932079615,0.16791376849094614,4.102956238747785,0.9992364747969629,1.0117647450035574,0.0038383747421922485,0.006059066214930766,0.07660031318664551
DINOv2,teacher_training_151424.pth,blocks.5.ls2.gamma,768,100.0,14.976745711406986,0.6049407093914677,4.039199977407087,0.9991883573798651,1.00216949293897,0.015272764492692659,0.021828917588182943,0.12217754125595093
DINOv2,teacher_training_151424.pth,blocks.6.norm1.weight,768,100.0,39.911317166138176,1.493550913843176,3.742173949373799,0.9995428497481564,0.9774907507686266,0.04897025376946355,0.05389387638473557,0.2591114044189453
DINOv2,teacher_training_151424.pth,blocks.6.norm1.bias,768,100.0,7.4607320511878,0.6231210574607384,8.352009604225543,0.9965077045911603,0.9947155683099749,0.016720664842694077,0.022484944391417603,0.15027445554733276
DINOv2,teacher_training_151424.pth,blocks.6.attn.qkv.weight,1769472,100.0,22.852059474016322,17.669234052366985,77.3200948144634,0.7260532258520284,1.079596706886395,0.010544470423598863,0.01328299093295388,0.10776390321552753
DINOv2,teacher_training_151424.pth,blocks.6.attn.qkv.bias,2304,100.0,23.086836909149298,4.8751460064575625,21.116561032774246,0.9813857418997262,1.0691860231587507,0.05004708412959877,0.10156554180119921,0.7110977172851562
DINOv2,teacher_training_151424.pth,blocks.6.attn.proj.weight,589824,100.0,10.871949218015533,9.469959531384934,87.10452322286964,0.698168033738368,1.1943115612809965,0.009804008246843335,0.012330676473157467,0.07657849136739969
DINOv2,teacher_training_151424.pth,blocks.6.attn.proj.bias,768,100.0,3.469754888733298,0.44672596062199105,12.874856436475174,0.9919875654353404,0.9671778333868405,0.01029058891434905,0.016119834601193792,0.18840312957763672
DINOv2,teacher_training_151424.pth,blocks.6.ls1.gamma,768,100.0,16.93970748055125,1.1430640671246615,6.747838287272858,0.99897450634966,0.9489405529613307,0.03685161512877736,0.04124677167846324,0.13530361652374268
DINOv2,teacher_training_151424.pth,blocks.6.norm2.weight,768,100.0,41.800929124825714,0.7630909634297023,1.8255358897668617,0.999834785455314,1.0015248549676463,0.020343560453814764,0.027535673322019342,0.16020536422729492
DINOv2,teacher_training_151424.pth,blocks.6.norm2.bias,768,100.0,11.15195798445328,0.637037127457671,5.712334357300769,0.9983672385779491,0.9978987871729978,0.016019937086336238,0.022987097313842016,0.2774648666381836
DINOv2,teacher_training_151424.pth,blocks.6.mlp.fc1.weight,2359296,100.0,23.98369713301608,23.234966157563825,96.87816698443233,0.6455560908231404,1.24161027479068,0.012039099488243974,0.015126931092163948,0.12497353553771973
DINOv2,teacher_training_151424.pth,blocks.6.mlp.fc1.bias,3072,100.0,61.529993763813025,1.1874004727154173,1.9297913100289479,0.9999110127676203,1.0138552913073824,0.016990593312281515,0.02142331195494172,0.10192355513572693
DINOv2,teacher_training_151424.pth,blocks.6.mlp.fc2.weight,2359296,100.0,18.97286566462227,22.46963198663655,118.43035408475234,0.5674955863884326,1.4187453249694977,0.011600463791498532,0.014628666657966504,0.09304325841367245
DINOv2,teacher_training_151424.pth,blocks.6.mlp.fc2.bias,768,100.0,4.224703045966168,0.19365507559135037,4.583874262506004,0.9992210502067101,1.022542660392271,0.004672502733219138,0.006987925626412716,0.08029389381408691
DINOv2,teacher_training_151424.pth,blocks.6.ls2.gamma,768,100.0,24.232440765620414,0.7567916736649531,3.123051784113491,0.9995286205387398,0.9938007482722219,0.02102288599902143,0.027308367281933008,0.16539180278778076
DINOv2,teacher_training_151424.pth,blocks.7.norm1.weight,768,100.0,40.28487477249007,1.539291845717859,3.8210168317788042,0.9995145017028171,0.9773953679696824,0.04983237428435435,0.05554441009291261,0.2239975929260254
DINOv2,teacher_training_151424.pth,blocks.7.norm1.bias,768,100.0,7.509673698449447,0.6169942033629071,8.215992174071431,0.9966650707861702,0.987098667823616,0.01665208886197907,0.02226386058750082,0.13331276178359985
DINOv2,teacher_training_151424.pth,blocks.7.attn.qkv.weight,1769472,100.0,23.235049973086348,19.50704437556137,83.9552503573558,0.6890349084404801,1.1128479701861154,0.011652892672334303,0.014664579845474392,0.1080039031803608
DINOv2,teacher_training_151424.pth,blocks.7.attn.qkv.bias,2304,100.0,27.66602660389652,7.462243029756707,26.97258676352793,0.9656029367849185,1.037304228260481,0.07333906810419914,0.15546339645326473,1.7193323373794556
DINOv2,teacher_training_151424.pth,blocks.7.attn.proj.weight,589824,100.0,11.025455603305716,10.489141196752914,95.13567125160796,0.666479100595017,1.2574731665375998,0.01082299693991063,0.013657735933272025,0.13124049548059702
DINOv2,teacher_training_151424.pth,blocks.7.attn.proj.bias,768,100.0,3.74701657581455,0.5146473562288371,13.734856673724744,0.9906901131118037,0.9724821752204609,0.010549144848909009,0.018570736853528017,0.2585728168487549
DINOv2,teacher_training_151424.pth,blocks.7.ls1.gamma,768,100.0,23.574926936350824,1.136426312271519,4.820487101994925,0.9992373798565265,0.9709698915955194,0.03560620367837449,0.04100725233150845,0.20203113555908203
DINOv2,teacher_training_151424.pth,blocks.7.norm2.weight,768,100.0,40.88811803965456,0.769715918809154,1.882492899435136,0.9998234746399959,0.998657973530089,0.020872164071382333,0.027774730807750322,0.14065217971801758
DINOv2,teacher_training_151424.pth,blocks.7.norm2.bias,768,100.0,10.020267222983408,0.5845217611725478,5.833394940125297,0.9983085795276937,1.0030907977733843,0.01564075294779362,0.021092112260010287,0.19847965240478516
DINOv2,teacher_training_151424.pth,blocks.7.mlp.fc1.weight,2359296,100.0,23.566735798724636,25.007872875476814,106.11513231641597,0.6033359397079814,1.3033762148324624,0.012995662901611986,0.01628116723663855,0.08900796715170145
DINOv2,teacher_training_151424.pth,blocks.7.mlp.fc1.bias,3072,100.0,62.84494937106504,1.1338240965482493,1.8041610469818958,0.9999145222686652,1.0123463987206716,0.016900529791920842,0.02045667647986925,0.11711374670267105
DINOv2,teacher_training_151424.pth,blocks.7.mlp.fc2.weight,2359296,100.0,18.70068740966063,24.653951355224233,131.83446584155078,0.5135753170238079,1.5144710381800166,0.012711452649443535,0.01605074958022411,0.11986869759857655
DINOv2,teacher_training_151424.pth,blocks.7.mlp.fc2.bias,768,100.0,4.364087344982418,0.3585659000916608,8.216286058158751,0.9976000910675912,1.0418344369654982,0.008282228538812811,0.0129386324337588,0.174299955368042
DINOv2,teacher_training_151424.pth,blocks.7.ls2.gamma,768,100.0,33.9413246592898,1.1562091579344689,3.406493911303525,0.9994990827085395,0.986896050851615,0.03293313326624533,0.04172110428581101,0.2851102352142334
DINOv2,teacher_training_151424.pth,blocks.8.norm1.weight,768,100.0,39.201941274760266,1.9086014153924866,4.868640055387559,0.9995614332937521,0.960916582056463,0.06356230133678764,0.06887072130953455,0.1489875316619873
DINOv2,teacher_training_151424.pth,blocks.8.norm1.bias,768,100.0,8.345434505045242,0.5768102887368994,6.911686723899015,0.9976094077457104,0.998902373205101,0.015935892134899987,0.020813848467099667,0.11834125220775604
DINOv2,teacher_training_151424.pth,blocks.8.attn.qkv.weight,1769472,100.0,23.350075559150355,21.046947302053702,90.13652760453655,0.6480265166717748,1.1301029910719387,0.012589647349875966,0.01582221444070387,0.09533048793673515
DINOv2,teacher_training_151424.pth,blocks.8.attn.qkv.bias,2304,100.0,27.08099182972632,6.796637340841244,25.097446148115953,0.9711196948989934,1.0489762433485086,0.06983421690128704,0.1415966112675259,1.3386695384979248
DINOv2,teacher_training_151424.pth,blocks.8.attn.proj.weight,589824,100.0,11.138283065733086,11.220786669307332,100.74072101676126,0.6168596326498079,1.245656176446407,0.01151241105573979,0.014610399308993922,0.14508451521396637
DINOv2,teacher_training_151424.pth,blocks.8.attn.proj.bias,768,100.0,5.469300548316848,0.5124304459349204,9.36921351108815,0.9956309018540449,1.0033191336621161,0.010854313102091359,0.01849074099384289,0.252521276473999
DINOv2,teacher_training_151424.pth,blocks.8.ls1.gamma,768,100.0,34.471719255430415,1.9978571075731044,5.795641037713479,0.9992473080731732,0.9561877191842183,0.06689685319239895,0.07209145867873368,0.2558099627494812
DINOv2,teacher_training_151424.pth,blocks.8.norm2.weight,768,100.0,42.750829253269096,0.9753235445285996,2.2814143294168217,0.9997493996049434,0.9953508606780007,0.02803660143399611,0.03519395693628543,0.1510845422744751
DINOv2,teacher_training_151424.pth,blocks.8.norm2.bias,768,100.0,12.497116801738478,0.7156828957876528,5.72678408261411,0.9985507417868086,0.9789755146904509,0.020418834649073386,0.025824982033588264,0.11780518293380737
DINOv2,teacher_training_151424.pth,blocks.8.mlp.fc1.weight,2359296,100.0,24.9195548303006,27.24428029855109,109.32892053682986,0.5734721333030686,1.2974552644946853,0.014133249622706338,0.017737161652702532,0.14680033922195435
DINOv2,teacher_training_151424.pth,blocks.8.mlp.fc1.bias,3072,100.0,68.83907975922858,1.0226971611110398,1.4856345620656508,0.9999313309417494,1.0090624647233877,0.015345972740760772,0.0184517025395914,0.08837729692459106
DINOv2,teacher_training_151424.pth,blocks.8.mlp.fc2.weight,2359296,100.0,19.352911409040235,26.67724178807897,137.84614223789274,0.4728538816678956,1.5329230711057036,0.013754777446898767,0.01736799595578058,0.11761972715612501
DINOv2,teacher_training_151424.pth,blocks.8.mlp.fc2.bias,768,100.0,3.5187743251541557,0.40610899612750284,11.5412060735015,0.9950348748612332,1.0534672798537759,0.00994913802769067,0.014654196139658902,0.18935811519622803
DINOv2,teacher_training_151424.pth,blocks.8.ls2.gamma,768,100.0,59.17701855059605,1.5375320190635595,2.5981910828254677,0.9997821686164781,0.9843081783826981,0.048746853678797684,0.05548090781837593,0.2308964729309082
DINOv2,teacher_training_151424.pth,blocks.9.norm1.weight,768,100.0,40.41384764249982,2.1433279962335714,5.303449488881664,0.9996059482406501,0.9546091771764829,0.0721873336394007,0.0773406872241946,0.16341519355773926
DINOv2,teacher_training_151424.pth,blocks.9.norm1.bias,768,100.0,8.876970111861121,0.599677087587961,6.755425331292845,0.997716381475855,0.9964693827024962,0.01710275358750361,0.021638982996610007,0.09099364280700684
DINOv2,teacher_training_151424.pth,blocks.9.attn.qkv.weight,1769472,100.0,23.25547144512755,23.226367901369134,99.87485291869018,0.5874829757750942,1.1728331883645833,0.013901962833617484,0.017460611666865564,0.09935931116342545
DINOv2,teacher_training_151424.pth,blocks.9.attn.qkv.bias,2304,100.0,40.30550399308363,6.129942966255507,15.208699455308627,0.9893047740486035,1.0323674013203936,0.06766114151331475,0.12770714513032308,0.946098268032074
DINOv2,teacher_training_151424.pth,blocks.9.attn.proj.weight,589824,100.0,11.618794676248013,12.171071042843344,104.7533017148873,0.5733036702955099,1.2259923559576127,0.012495637417311462,0.01584774875370227,0.1302667148411274
DINOv2,teacher_training_151424.pth,blocks.9.attn.proj.bias,768,100.0,4.32399183601117,0.6147731913503067,14.217723221175818,0.9899062446629852,1.0012525472400475,0.015061637802617156,0.022183716719791555,0.2553238868713379
DINOv2,teacher_training_151424.pth,blocks.9.ls1.gamma,768,100.0,53.2807617406515,2.782080688033853,5.221548260844806,0.9994433406682962,0.9592755945249406,0.09277071949327365,0.10038968963397527,0.20237469673156738
DINOv2,teacher_training_151424.pth,blocks.9.norm2.weight,768,100.0,44.523173429181476,1.2020799793671744,2.6998973495885275,0.999681424516878,0.9900952316372067,0.0354527891613543,0.04337632497969362,0.18770897388458252
DINOv2,teacher_training_151424.pth,blocks.9.norm2.bias,768,100.0,14.154642486380537,0.8721230239431306,6.161392100028518,0.9984719355951132,0.9712234231204647,0.025289281239565753,0.03147002891500231,0.11017066240310669
DINOv2,teacher_training_151424.pth,blocks.9.mlp.fc1.weight,2359296,100.0,24.23669600385821,30.11965804476814,124.27295387116062,0.5031627912279738,1.3962190609348082,0.015664392967017052,0.019609152372895924,0.11171652283519506
DINOv2,teacher_training_151424.pth,blocks.9.mlp.fc1.bias,3072,100.0,72.9387786124616,1.0321288598548468,1.4150618909301387,0.9999441461660206,1.0093534748991868,0.015408437021051213,0.01862187109611179,0.11025992035865784
DINOv2,teacher_training_151424.pth,blocks.9.mlp.fc2.weight,2359296,100.0,20.28151001078526,28.076863361146412,138.43576413302438,0.4444035190180731,1.4998373477468492,0.014442795540665342,0.01827920791741303,0.18669671844691038
DINOv2,teacher_training_151424.pth,blocks.9.mlp.fc2.bias,768,100.0,5.234990637562478,0.45525453685445727,8.696377288392505,0.9972602476615461,1.042984413702876,0.010537177550418164,0.016427583087669957,0.24713587760925293
DINOv2,teacher_training_151424.pth,blocks.9.ls2.gamma,768,100.0,105.41501668421355,2.5787894013397517,2.446320725883772,0.9998830156745877,0.9807913016631001,0.08497018984053284,0.09305404719042872,0.2840690612792969
DINOv2,teacher_training_151424.pth,blocks.10.norm1.weight,768,100.0,42.78843343660085,3.0266032383448658,7.0734144610116445,0.99921984862847,0.9405374397921966,0.10300828815282632,0.10921313714928758,0.2189786434173584
DINOv2,teacher_training_151424.pth,blocks.10.norm1.bias,768,100.0,10.389416124251493,0.78213427284418,7.528183138400657,0.9972036657860083,0.9881204288308814,0.022556258685199282,0.02822283956056372,0.09363782405853271
DINOv2,teacher_training_151424.pth,blocks.10.attn.qkv.weight,1769472,100.0,23.390959149096677,24.929747755486595,106.57856138596755,0.5384750552067396,1.1910502307920101,0.01490006733540046,0.01874114137690059,0.12078575976192951
DINOv2,teacher_training_151424.pth,blocks.10.attn.qkv.bias,2304,100.0,40.10975160020108,6.4689751194998015,16.12818544472704,0.9874194821968837,1.0191853506080033,0.07023759836235162,0.1347703149895792,0.736487627029419
DINOv2,teacher_training_151424.pth,blocks.10.attn.proj.weight,589824,100.0,12.145571620879686,12.956220967337437,106.67444375416754,0.5339426550584647,1.1843567184957402,0.013268271395945866,0.016870079384553954,0.23320314288139343
DINOv2,teacher_training_151424.pth,blocks.10.attn.proj.bias,768,100.0,4.9968878315259415,0.678837754519802,13.585210983463272,0.990783557715973,1.0011688351239896,0.015295175001819908,0.02449544751925555,0.34232091903686523
DINOv2,teacher_training_151424.pth,blocks.10.ls1.gamma,768,100.0,91.14733545883324,3.804749723146642,4.174285187815566,0.9997611317938832,0.9641972972325281,0.1284013197873719,0.13729207980361674,0.2553739547729492
DINOv2,teacher_training_151424.pth,blocks.10.norm2.weight,768,100.0,55.94454592716659,2.3024405061776485,4.115576358730596,0.9996142236619102,0.9692432996776543,0.07533021573908627,0.08308216537717272,0.2272266149520874
DINOv2,teacher_training_151424.pth,blocks.10.norm2.bias,768,100.0,18.854369934643387,1.440640463991304,7.6408836200049475,0.9970851037179993,0.9929602636266421,0.04140269585339714,0.051984634980677916,0.16742342710494995
DINOv2,teacher_training_151424.pth,blocks.10.mlp.fc1.weight,2359296,100.0,24.613445204571228,31.50826701209577,128.01242065147397,0.4696831084555331,1.3966783654409418,0.01636120109775226,0.020513194669333185,0.11997522506862879
DINOv2,teacher_training_151424.pth,blocks.10.mlp.fc1.bias,3072,100.0,80.77510083288614,1.144819973674114,1.4172931532980781,0.9999550422840422,1.0104887300295002,0.017623598043314814,0.020655066249200313,0.057874202728271484
DINOv2,teacher_training_151424.pth,blocks.10.mlp.fc2.weight,2359296,100.0,21.84386458769148,29.816729398625814,136.49933270245074,0.42252439194288177,1.443177929931231,0.01530959315923715,0.01941193320223035,0.32768101594410837
DINOv2,teacher_training_151424.pth,blocks.10.mlp.fc2.bias,768,100.0,5.973181459431551,0.5582907226758181,9.346622507077644,0.9962921585447246,1.0328161288476436,0.014160274032486578,0.020145581188934645,0.26236534118652344
DINOv2,teacher_training_151424.pth,blocks.10.ls2.gamma,768,100.0,203.83177824884157,3.326514307533899,1.6319900341902671,0.9999540145530972,0.9867490772936739,0.10784991159259032,0.1200352456823649,0.3496079444885254
DINOv2,teacher_training_151424.pth,blocks.11.norm1.weight,768,100.0,46.53881406246407,5.298933607625772,11.386052082276056,0.9975719154183939,0.9074944785457053,0.18292433151509613,0.19120879654879339,0.32739514112472534
DINOv2,teacher_training_151424.pth,blocks.11.norm1.bias,768,100.0,10.936042569305775,1.2107289050078915,11.070996636443683,0.9940857507155713,0.9725642166588279,0.03391158334504022,0.04368841620137294,0.2713574767112732
DINOv2,teacher_training_151424.pth,blocks.11.attn.qkv.weight,1769472,100.0,23.601424677711538,26.286940389215548,111.37861696137408,0.49433596909944344,1.19067473864221,0.015654951850977535,0.019761422018079743,0.1336955651640892
DINOv2,teacher_training_151424.pth,blocks.11.attn.qkv.bias,2304,100.0,41.99259930778119,21.90547278577388,52.16507943511564,0.9014526798285551,1.1925479996419728,0.19916688907347002,0.45636401637028917,3.3325535655021667
DINOv2,teacher_training_151424.pth,blocks.11.attn.proj.weight,589824,100.0,13.0485811412222,13.111067683244334,100.47887614251583,0.5286358706352758,1.0662754700033095,0.013444311099700127,0.017071702712557726,0.18585669994354248
DINOv2,teacher_training_151424.pth,blocks.11.attn.proj.bias,768,100.0,9.586628110516992,0.9973161619224434,10.403200691892279,0.9946306011001887,1.005246207936396,0.026940134249021714,0.035987547159567944,0.21877386048436165
DINOv2,teacher_training_151424.pth,blocks.11.ls1.gamma,768,100.0,225.9729547163381,5.477069893168067,2.423772304983747,0.999972056672868,0.9769160087633386,0.1860228303897505,0.19763673607443616,0.36136913299560547
DINOv2,teacher_training_151424.pth,blocks.11.norm2.weight,768,100.0,50.90290669241975,3.0169343024300934,5.926840918260102,0.9989693841925887,0.9608567238137042,0.09876317369344179,0.10886423947721438,0.22557640075683594
DINOv2,teacher_training_151424.pth,blocks.11.norm2.bias,768,100.0,14.891709043202836,2.6910531404624227,18.070814657037136,0.9839487027825249,1.0124177024894365,0.07954491406693383,0.09710501594059796,0.26914945244789124
DINOv2,teacher_training_151424.pth,blocks.11.mlp.fc1.weight,2359296,100.0,24.568130630630375,35.20038481816003,143.2766104486349,0.3992775498564365,1.5002958385257696,0.0181667548463518,0.02291691719932294,0.40227916836738586
DINOv2,teacher_training_151424.pth,blocks.11.mlp.fc1.bias,3072,100.0,78.92760182031871,2.5889659329472696,3.280178129371188,0.999882974531565,1.0288988256155995,0.04278598103458838,0.04671063057218365,0.11546370387077332
DINOv2,teacher_training_151424.pth,blocks.11.mlp.fc2.weight,2359296,100.0,22.618423878256454,31.936751889430017,141.19795464674908,0.41290077581686485,1.4918693992312393,0.016204309710795242,0.02079215617801433,0.3017522543668747
DINOv2,teacher_training_151424.pth,blocks.11.mlp.fc2.bias,768,100.0,6.431997624593203,0.7823033434719735,12.162680851758726,0.9926895433586623,1.0077098643872873,0.021075029117999595,0.02822894037134301,0.22508418560028076
DINOv2,teacher_training_151424.pth,blocks.11.ls2.gamma,768,100.0,255.31387511533867,3.4124993416965497,1.336589850494786,0.9999602404659504,0.9900038477674854,0.10870610400646304,0.12313796334612023,0.4245290756225586
DINOv2,teacher_training_151424.pth,norm.weight,768,100.0,66.10938870630643,4.683462693663852,7.084413856056543,0.9976118070269707,0.9818571414320925,0.14738840635989922,0.16899990293289968,0.6237294673919678
DINOv2,teacher_training_151424.pth,norm.bias,768,100.0,12.561260432703119,2.489137023320896,19.81598133926474,0.9801921539190531,0.9868231605003835,0.07455251198758599,0.08981899565401143,0.41187193989753723
DINOv2,teacher_training_229999.pth,cls_token,768,100.0,0.39973614505004973,0.1182925168199772,29.59264962270704,0.9770441382899866,1.1824406799747298,0.0026933897396492767,0.0042685135268207604,0.03052642196416855
DINOv2,teacher_training_229999.pth,pos_embed,1052160,100.0,9.681227938026321,6.93838154116685,71.66840390064561,0.8184215450834939,1.2467319899986986,0.0052850301808129415,0.006764213150241453,0.041907720325980335
DINOv2,teacher_training_229999.pth,mask_token,768,100.0,0.0,0.5183258906362235,,,,0.011509466214434383,0.018703474530423512,0.10737747699022293
DINOv2,teacher_training_229999.pth,patch_embed.proj.weight,451584,100.0,5.094310344763256,0.40845859722134387,8.017937062692356,0.9968509416393851,0.984996350905911,0.0004304391200937895,0.0006078252934841427,0.005793824326246977
DINOv2,teacher_training_229999.pth,patch_embed.proj.bias,768,100.0,2.1172193107357185,0.027973324497097978,1.3212294236716293,0.9999231911477366,0.9953457558319254,0.0005262115813072418,0.001009400401783017,0.011622190475463867
DINOv2,teacher_training_229999.pth,blocks.0.norm1.weight,768,100.0,25.942800841287482,0.690498490348802,2.661618899875631,0.999773498629561,0.9837900672454682,0.020052291354695367,0.02491621807986944,0.06676745414733887
DINOv2,teacher_training_229999.pth,blocks.0.norm1.bias,768,100.0,6.668605887828497,0.2709889578247777,4.063652319285884,0.9992176826144188,1.0085613578299386,0.0074533944447973495,0.009778471734221974,0.03820320963859558
DINOv2,teacher_training_229999.pth,blocks.0.attn.qkv.weight,1769472,100.0,23.607932412289966,11.652595006458023,49.358812127028294,0.8699579413078757,0.8913133411815602,0.006474830091498952,0.008759933416323215,0.20729541778564453
DINOv2,teacher_training_229999.pth,blocks.0.attn.qkv.bias,2304,100.0,48.33284734659305,2.514919967022274,5.20333500939408,0.9986464074344229,0.9971915522258136,0.024274585394508205,0.05239416597963071,0.5126622915267944
DINOv2,teacher_training_229999.pth,blocks.0.attn.proj.weight,589824,100.0,9.637798227537138,6.076057042077625,63.04403660077779,0.802098027058308,1.004128470563368,0.006041048118722914,0.00791153260687191,0.11610906571149826
DINOv2,teacher_training_229999.pth,blocks.0.attn.proj.bias,768,100.0,4.036111777013951,0.12964994274155867,3.212248567542844,0.9996231126484997,0.9829431418138957,0.002972278242645269,0.0046783393338911535,0.03972363471984863
DINOv2,teacher_training_229999.pth,blocks.0.ls1.gamma,768,100.0,5.018033076083127,0.5100819898228629,10.164978629854152,0.9966146979721622,0.936835644210136,0.009509345161015759,0.018405998383313114,0.20170068740844727
DINOv2,teacher_training_229999.pth,blocks.0.norm2.weight,768,100.0,47.23673498037133,1.2716225729901443,2.6920204656789934,0.9996431816366856,1.0029880301353864,0.03624249353227427,0.045885727176466516,0.23107242584228516
DINOv2,teacher_training_229999.pth,blocks.0.norm2.bias,768,100.0,10.021818114746859,0.6259362740055909,6.245735722189381,0.9987907620516772,0.9602692377968778,0.015979988615697494,0.022586529768292455,0.10278701782226562
DINOv2,teacher_training_229999.pth,blocks.0.mlp.fc1.weight,2359296,100.0,26.18232121206333,13.237958481891225,50.560675559170534,0.8692306684840536,0.9750614122837884,0.006694973110457836,0.0086184625533146,0.148645427878364
DINOv2,teacher_training_229999.pth,blocks.0.mlp.fc1.bias,3072,100.0,60.787323274015456,1.098138059240429,1.806524781968556,0.9999060938636113,1.011676808556091,0.01422312588446554,0.01981282200343234,0.08949625492095947
DINOv2,teacher_training_229999.pth,blocks.0.mlp.fc2.weight,2359296,100.0,22.174721612627266,11.92143680285614,53.76138204173687,0.8522425546706435,0.9761214951540981,0.00608700830527955,0.0077613520851928,0.13619080185890198
DINOv2,teacher_training_229999.pth,blocks.0.mlp.fc2.bias,768,100.0,5.209158688072367,0.104793880231113,2.011723706383989,0.9998129569239542,0.9942765266567678,0.0027277305043421998,0.0037814234350536558,0.025170207023620605
DINOv2,teacher_training_229999.pth,blocks.0.ls2.gamma,768,100.0,4.073168159907173,0.8046386871930097,19.75461497301274,0.981129604075679,0.9406353913175989,0.023885987412542182,0.02903489766570445,0.11153635382652283
DINOv2,teacher_training_229999.pth,blocks.1.norm1.weight,768,100.0,38.79766955807839,1.5768939440404919,4.064403769612893,0.9994232778602806,0.9770888620579388,0.05189720376573822,0.05690125894220429,0.18886899948120117
DINOv2,teacher_training_229999.pth,blocks.1.norm1.bias,768,100.0,8.366019162267852,0.626962519756793,7.494155913298633,0.9974955276666703,1.0222657719184336,0.017424723128777703,0.022623561222086905,0.09862923622131348
DINOv2,teacher_training_229999.pth,blocks.1.attn.qkv.weight,1769472,100.0,25.202025915254058,12.838682036565501,50.94305545013593,0.8605117842783899,0.8606558035152406,0.0074790544608342325,0.009651584023243627,0.10501521080732346
DINOv2,teacher_training_229999.pth,blocks.1.attn.qkv.bias,2304,100.0,60.11453142889135,1.6929528530263815,2.816212341318758,0.9996183994614437,1.0051001635021537,0.01913030033886069,0.03526985110471628,0.21948470175266266
DINOv2,teacher_training_229999.pth,blocks.1.attn.proj.weight,589824,100.0,11.201787962731284,5.953900758877208,53.15134314884402,0.852483965554093,0.9485851589881441,0.0060811261116640696,0.007752474946454698,0.07350777089595795
DINOv2,teacher_training_229999.pth,blocks.1.attn.proj.bias,768,100.0,3.316409445827137,0.2618978372944444,7.897029651268681,0.9974974848113353,0.9623187989882205,0.007343712738759223,0.009450424178883017,0.04068455100059509
DINOv2,teacher_training_229999.pth,blocks.1.ls1.gamma,768,100.0,5.428907611101864,0.8177193252289932,15.062317943241382,0.9946856852313111,0.8847449985570315,0.025876895047034054,0.029506904533907398,0.13678359985351562
DINOv2,teacher_training_229999.pth,blocks.1.norm2.weight,768,100.0,38.347120640275406,1.547197332767725,4.034715793348841,0.9992004641687816,1.0046282398106048,0.0436191216831503,0.05582967478518231,0.23297977447509766
DINOv2,teacher_training_229999.pth,blocks.1.norm2.bias,768,100.0,9.459635270883824,1.13767218142751,12.026596679992462,0.992996858411573,0.9704876694974001,0.03246444044079588,0.0410522087622951,0.16628026962280273
DINOv2,teacher_training_229999.pth,blocks.1.mlp.fc1.weight,2359296,100.0,23.517339340457205,16.18159794913657,68.80709469246439,0.7846831491229452,1.0832953935458391,0.008195003137432856,0.010534894498135787,0.12811043858528137
DINOv2,teacher_training_229999.pth,blocks.1.mlp.fc1.bias,3072,100.0,56.351156637961466,1.4331864436156323,2.5433132683032693,0.9997931646219428,1.0150645844260073,0.016594848562893578,0.025857830594387742,0.11211919784545898
DINOv2,teacher_training_229999.pth,blocks.1.mlp.fc2.weight,2359296,100.0,20.764363312176826,12.925475288322087,62.24835837245352,0.8079389236958879,1.008565732546076,0.006619190918226307,0.008415022974168025,0.1054655909538269
DINOv2,teacher_training_229999.pth,blocks.1.mlp.fc2.bias,768,100.0,7.7691525357098135,0.11514267529982375,1.4820493582869778,0.9999326774891999,0.9907127783162228,0.0032319117498881647,0.0041548534112229325,0.01670902967453003
DINOv2,teacher_training_229999.pth,blocks.1.ls2.gamma,768,100.0,5.438592360778933,1.1691262882299953,21.496854529147853,0.9795465564335393,0.9038964957227934,0.03697107597971202,0.04218721107664099,0.09468698874115944
DINOv2,teacher_training_229999.pth,blocks.2.norm1.weight,768,100.0,41.512658860000116,1.7019902507303264,4.099930713834121,0.9994638941566792,0.974785585692407,0.05325706066408505,0.061415283088579534,0.19425344467163086
DINOv2,teacher_training_229999.pth,blocks.2.norm1.bias,768,100.0,6.942657453950505,0.6358720525503713,9.15891438930993,0.996219921476819,1.0252492725951325,0.01792806593550722,0.022945056294382295,0.09447097778320312
DINOv2,teacher_training_229999.pth,blocks.2.attn.qkv.weight,1769472,100.0,22.539122725940807,13.54723755544317,60.105434094164345,0.807911625248864,0.9261804502918743,0.007967841489253407,0.010184246418503804,0.10170691087841988
DINOv2,teacher_training_229999.pth,blocks.2.attn.qkv.bias,2304,100.0,26.4411171959957,2.834913236840306,10.721609135598973,0.9945761564364614,1.020595787440377,0.029126045132440166,0.05906069243417304,0.425994873046875
DINOv2,teacher_training_229999.pth,blocks.2.attn.proj.weight,589824,100.0,10.875104073629423,6.319073395950449,58.105865959235295,0.8318018114938498,1.0036256151175387,0.006505992709826384,0.008227960150977147,0.06398889888077974
DINOv2,teacher_training_229999.pth,blocks.2.attn.proj.bias,768,100.0,2.377589781228016,0.26824250291654383,11.282118767266809,0.993647228086044,0.9856826646359824,0.007513050280929671,0.009679367579185347,0.04442256689071655
DINOv2,teacher_training_229999.pth,blocks.2.ls1.gamma,768,100.0,4.795744012097434,0.6488072736925558,13.528813715993108,0.9946467156219592,0.907325647409559,0.019582136738335976,0.023411815882411518,0.0936957597732544
DINOv2,teacher_training_229999.pth,blocks.2.norm2.weight,768,100.0,55.35386395788772,1.3403371934888386,2.4213977085837124,0.9997068087183392,0.9998485271689136,0.034917201605878745,0.048365252466603025,0.27997952699661255
DINOv2,teacher_training_229999.pth,blocks.2.norm2.bias,768,100.0,7.425077845558647,0.6992121049361352,9.41689931714821,0.9963428089191776,0.9567600833954422,0.01834883838568165,0.025230643562845156,0.1072913408279419
DINOv2,teacher_training_229999.pth,blocks.2.mlp.fc1.weight,2359296,100.0,22.137814083400528,15.545153221856703,70.21991043602104,0.7826426644010768,1.1076243905105583,0.007934234603914488,0.010120542462146291,0.17496424913406372
DINOv2,teacher_training_229999.pth,blocks.2.mlp.fc1.bias,3072,100.0,44.16852928836087,0.9231263173472823,2.090009181244215,0.9998925434031666,1.01478926086112,0.013886789233879426,0.01665522586926504,0.11476790904998779
DINOv2,teacher_training_229999.pth,blocks.2.mlp.fc2.weight,2359296,100.0,19.61705004058221,14.437653604654754,73.59747553677678,0.7544694862833162,1.0874605466306724,0.0074017139594268755,0.009399514065530438,0.1201678067445755
DINOv2,teacher_training_229999.pth,blocks.2.mlp.fc2.bias,768,100.0,5.497456180370493,0.20164050105662334,3.6678873726472174,0.999348146201619,0.9928630020663741,0.005592631099110197,0.007276074847785782,0.03457450121641159
DINOv2,teacher_training_229999.pth,blocks.2.ls2.gamma,768,100.0,4.086069467269117,0.903155155821678,22.103274627518573,0.9829663092721715,0.8601728237360706,0.028557210122490535,0.032589804520852764,0.08366654813289642
DINOv2,teacher_training_229999.pth,blocks.3.norm1.weight,768,100.0,42.12137174323095,1.9395941621608455,4.60477444558188,0.9990506955179292,0.9841279952151463,0.06176136814368268,0.06998907572763692,0.2613835334777832
DINOv2,teacher_training_229999.pth,blocks.3.norm1.bias,768,100.0,9.266829391996778,0.729017379518811,7.8669558775779445,0.996950900807637,0.9869509958513293,0.019753137744568033,0.02630614876931882,0.1844068169593811
DINOv2,teacher_training_229999.pth,blocks.3.attn.qkv.weight,1769472,100.0,25.253621118724112,15.484110541307903,61.31441692465768,0.7986646506683786,0.9161848468404324,0.009045441152634873,0.01164030649633599,0.22073846065904945
DINOv2,teacher_training_229999.pth,blocks.3.attn.qkv.bias,2304,100.0,367.7691632822363,4.229903386397878,1.1501517279608708,0.9999352322934167,1.0015946543078702,0.0452023801506287,0.08812298721662246,0.5102132558822632
DINOv2,teacher_training_229999.pth,blocks.3.attn.proj.weight,589824,100.0,10.954279753859367,8.277003040607417,75.5595367891832,0.7352465573334181,1.0691804730266825,0.008526322370305638,0.01077734770912424,0.07049837184604257
DINOv2,teacher_training_229999.pth,blocks.3.attn.proj.bias,768,100.0,3.1402233642892345,0.39116068000785437,12.456460405210398,0.9923294265228848,0.9770313440974729,0.0110383274504026,0.014114795243683236,0.06503668427467346
DINOv2,teacher_training_229999.pth,blocks.3.ls1.gamma,768,100.0,5.802884039200268,0.6423945976879073,11.070264257364682,0.9942245305835453,0.9670677213663426,0.01911870245249266,0.023180418368817162,0.0963539183139801
DINOv2,teacher_training_229999.pth,blocks.3.norm2.weight,768,100.0,40.65039412567809,1.5202473546249797,3.739809631180594,0.9993124323100174,1.004206814509056,0.03520398444970348,0.05485720121422178,0.34907329082489014
DINOv2,teacher_training_229999.pth,blocks.3.norm2.bias,768,100.0,8.62920222569121,0.8794948570065916,10.192076092366035,0.9948352679820289,1.0040576282077653,0.025014137600275415,0.03173603702772794,0.13677668571472168
DINOv2,teacher_training_229999.pth,blocks.3.mlp.fc1.weight,2359296,100.0,22.35337710465601,19.06217776094692,85.27650060078142,0.694739886347553,1.1528574096466717,0.009807479119258802,0.012410271979783151,0.17256643995642662
DINOv2,teacher_training_229999.pth,blocks.3.mlp.fc1.bias,3072,100.0,49.32827112527534,1.1542842724172697,2.340005530471197,0.9998668002404639,1.0166352471383433,0.016852211324324646,0.020825822981295684,0.11493110656738281
DINOv2,teacher_training_229999.pth,blocks.3.mlp.fc2.weight,2359296,99.99995761447482,18.953442656467615,16.805698891875135,88.66831845000154,0.6732970070078886,1.162721086228424,0.0086350597208077,0.010941210216064541,0.16664437111467123
DINOv2,teacher_training_229999.pth,blocks.3.mlp.fc2.bias,768,100.0,3.6571810533667812,0.1732937082245048,4.738450344561737,0.9988783931348565,1.0007047114150116,0.004640690273814603,0.006253198068267894,0.04506980627775192
DINOv2,teacher_training_229999.pth,blocks.3.ls2.gamma,768,100.0,7.537362905851604,1.178790455357418,15.639295468210351,0.9929932858501337,0.8905509995732072,0.037826724384406894,0.042535936669922926,0.19730927422642708
DINOv2,teacher_training_229999.pth,blocks.4.norm1.weight,768,100.0,41.17544513528507,1.8344303461794194,4.455156077007204,0.9991778109144628,0.9807078517681245,0.057029254850931466,0.06619430338601913,0.3327503204345703
DINOv2,teacher_training_229999.pth,blocks.4.norm1.bias,768,100.0,8.15870451595151,0.796290111864322,9.760006754840228,0.9952290488548466,0.9926536129742342,0.021524406491892023,0.028733644402368967,0.20772171020507812
DINOv2,teacher_training_229999.pth,blocks.4.attn.qkv.weight,1769472,99.99994348596644,22.46564016682883,16.087278999910254,71.6083711857167,0.7393638535260811,0.9831563683580063,0.009559512448558037,0.01209374330875885,0.10584831424057484
DINOv2,teacher_training_229999.pth,blocks.4.attn.qkv.bias,2304,100.0,30.83349817092015,4.394458411867345,14.2522213584311,0.9900546482966415,1.0128754278354495,0.043485979237304524,0.09155121691390301,1.006965160369873
DINOv2,teacher_training_229999.pth,blocks.4.attn.proj.weight,589824,100.0,10.800601822727504,8.58471046477069,79.48363068719047,0.7213534901427783,1.1113735056072875,0.008879751128524927,0.01117800841767017,0.09160467982292175
DINOv2,teacher_training_229999.pth,blocks.4.attn.proj.bias,768,100.0,2.602822788007507,0.4877947477067746,18.740989588468583,0.9823017733360905,0.9760373519951413,0.013446184579540462,0.017601776806111996,0.116489103063941
DINOv2,teacher_training_229999.pth,blocks.4.ls1.gamma,768,100.0,7.175079608356023,0.7594333563727353,10.584319587037156,0.9953032387327176,0.9525093239329384,0.022322498389864148,0.027403690795836235,0.11898574233055115
DINOv2,teacher_training_229999.pth,blocks.4.norm2.weight,768,100.0,39.38113202907368,1.2141149435103396,3.082986397176196,0.9995570674702496,1.0076076352913663,0.02944969473173842,0.043810599341427614,0.34676218032836914
DINOv2,teacher_training_229999.pth,blocks.4.norm2.bias,768,100.0,8.35588052932885,1.3226342413539431,15.828783534081692,0.9877410863058287,1.0139611624594225,0.037974795089937764,0.04772645220531972,0.2441880702972412
DINOv2,teacher_training_229999.pth,blocks.4.mlp.fc1.weight,2359296,100.0,22.59524870037032,21.018814328857086,93.02315990225237,0.649104052163918,1.1845168820023706,0.010873665809260765,0.013684123912016332,0.17013873904943466
DINOv2,teacher_training_229999.pth,blocks.4.mlp.fc1.bias,3072,100.0,49.03010157067791,1.228360642644531,2.50531939215713,0.9998627760736518,1.018657283339907,0.019525857632788135,0.022162323365398803,0.10480284690856934
DINOv2,teacher_training_229999.pth,blocks.4.mlp.fc2.weight,2359296,99.99995761447482,18.810709488169653,19.608348376012323,104.2403445140882,0.6069471129698816,1.2814763861553042,0.010117994899167683,0.01276585180729969,0.1543445736169815
DINOv2,teacher_training_229999.pth,blocks.4.mlp.fc2.bias,768,100.0,3.3051139036662667,0.20196803824333995,6.110773913700907,0.9981314333652629,0.9988484091185801,0.0049313379113868905,0.0072878938279683095,0.08834876120090485
DINOv2,teacher_training_229999.pth,blocks.4.ls2.gamma,768,100.0,9.389621221209184,0.7226675750793308,7.696450773189619,0.9970715362247446,0.9884006769832895,0.018810248731218355,0.026077019937916605,0.16650429368019104
DINOv2,teacher_training_229999.pth,blocks.5.norm1.weight,768,100.0,38.601325643271885,2.1432854096059413,5.552362189352714,0.9988454569770117,0.9710044887504805,0.06632268972073992,0.07733915051163673,0.3993396759033203
DINOv2,teacher_training_229999.pth,blocks.5.norm1.bias,768,100.0,8.08936185860344,0.7081582751764083,8.754192080346197,0.9961609270822387,0.9965858309597166,0.01911376654532167,0.025553460675122524,0.1587929129600525
DINOv2,teacher_training_229999.pth,blocks.5.attn.qkv.weight,1769472,100.0,22.47317995088187,17.57262097106735,78.19374476364563,0.6994761494806412,1.0167978406845046,0.010445895417936597,0.01321036126043359,0.16202658042311668
DINOv2,teacher_training_229999.pth,blocks.5.attn.qkv.bias,2304,100.0,23.02192645993379,4.485942219770036,19.485520586546677,0.9820334977888238,1.0305962616334092,0.045991764413576185,0.09345712957854241,1.1692387163639069
DINOv2,teacher_training_229999.pth,blocks.5.attn.proj.weight,589824,100.0,10.929121069760077,9.414543540129516,86.14181762684224,0.6796831770312175,1.1313583872706818,0.009739063148727634,0.01225852023454364,0.09868180006742477
DINOv2,teacher_training_229999.pth,blocks.5.attn.proj.bias,768,100.0,3.0739705507294617,0.528952520288744,17.207468697552166,0.985193820514793,0.970477778986669,0.012336754003480147,0.01908692999857733,0.22156184911727905
DINOv2,teacher_training_229999.pth,blocks.5.ls1.gamma,768,100.0,13.290479338834558,1.0109994539815668,7.606945003311079,0.9985528432857679,0.9447537534939222,0.0315373208712136,0.03648130043167639,0.1387495994567871
DINOv2,teacher_training_229999.pth,blocks.5.norm2.weight,768,100.0,37.0830583509939,1.0515757360535167,2.8357308776969643,0.9996700791512392,1.011686905326107,0.02571715631832679,0.03794547089273605,0.2863501310348511
DINOv2,teacher_training_229999.pth,blocks.5.norm2.bias,768,100.0,10.654814642524723,0.920071359961614,8.635263876759451,0.9962659202647864,0.9946652631596324,0.02524337825010055,0.03320021545921893,0.2813441753387451
DINOv2,teacher_training_229999.pth,blocks.5.mlp.fc1.weight,2359296,100.0,23.47359137184589,23.596488198700925,100.52355357519956,0.5991690154031722,1.207035770011292,0.012214337077039604,0.015362297004362582,0.15171198546886444
DINOv2,teacher_training_229999.pth,blocks.5.mlp.fc1.bias,3072,100.0,56.04337200621755,1.2286128303016546,2.1922535820388362,0.9998840690460868,1.0156558510936515,0.018050708439356338,0.02216687338451526,0.1031346321105957
DINOv2,teacher_training_229999.pth,blocks.5.mlp.fc2.weight,2359296,100.0,18.784356055525326,22.73943366838627,121.05516740190612,0.5265491840203843,1.3883434742444978,0.011752911533785675,0.01480431879452231,0.133476996794343
DINOv2,teacher_training_229999.pth,blocks.5.mlp.fc2.bias,768,100.0,4.092506932079615,0.21092966367645652,5.154045360877917,0.9988039282389135,1.015104401351181,0.004975399100696147,0.007611268631479962,0.09737205505371094
DINOv2,teacher_training_229999.pth,blocks.5.ls2.gamma,768,100.0,14.976745711406986,0.7730966446785164,5.161980176305525,0.9987908599266829,1.0145320735755712,0.019944905550801195,0.027896722244671115,0.14900553226470947
DINOv2,teacher_training_229999.pth,blocks.6.norm1.weight,768,100.0,39.911317166138176,1.93590097353584,4.850506350059301,0.9992503034895774,0.9700285614263648,0.06383829404755186,0.06985580926221098,0.31017446517944336
DINOv2,teacher_training_229999.pth,blocks.6.norm1.bias,768,100.0,7.4607320511878,0.8157879774520503,10.934422679369263,0.994004056430371,0.9944774834498981,0.021851012814920523,0.0294372130239751,0.2006363868713379
DINOv2,teacher_training_229999.pth,blocks.6.attn.qkv.weight,1769472,100.0,22.852059474016322,19.644032145159,85.96175835921933,0.6441188292071856,1.0363323630890713,0.011721144394680694,0.014767561519501574,0.12873784080147743
DINOv2,teacher_training_229999.pth,blocks.6.attn.qkv.bias,2304,100.0,23.086836909149298,7.89406170924293,34.19291148591481,0.9564446284647122,1.1344947531694207,0.077688563659493,0.16445961894256103,1.205636739730835
DINOv2,teacher_training_229999.pth,blocks.6.attn.proj.weight,589824,100.0,10.871949218015533,10.378351743922886,95.45989900987834,0.6202578899724804,1.16429748593102,0.010748816059121393,0.013513478833232924,0.08187671308405697
DINOv2,teacher_training_229999.pth,blocks.6.attn.proj.bias,768,100.0,3.469754888733298,0.5753650410291714,16.582296429567673,0.986672153165324,0.9547473458878859,0.013125136867714104,0.020761697582530762,0.25669097900390625
DINOv2,teacher_training_229999.pth,blocks.6.ls1.gamma,768,100.0,16.93970748055125,1.5302967369956357,9.033784903030908,0.9982184331479865,0.930388003075311,0.04996310189667952,0.05521982706527727,0.16378891468048096
DINOv2,teacher_training_229999.pth,blocks.6.norm2.weight,768,100.0,41.800929124825714,0.9076464105770002,2.171354631536039,0.9997648404113726,1.0008667552749537,0.024561354502414662,0.03275186871722679,0.18868398666381836
DINOv2,teacher_training_229999.pth,blocks.6.norm2.bias,768,100.0,11.15195798445328,0.8173187284969615,7.328925823038154,0.9973233018290449,1.0023316691426247,0.02044378860307461,0.029492449244465212,0.3663923740386963
DINOv2,teacher_training_229999.pth,blocks.6.mlp.fc1.weight,2359296,100.0,23.98369713301608,25.61063127444344,106.78350019350317,0.5537842081106373,1.222326308886882,0.013262471498333808,0.016673588069299115,0.12385174632072449
DINOv2,teacher_training_229999.pth,blocks.6.mlp.fc1.bias,3072,100.0,61.529993763813025,1.342868240764904,2.1824612008244193,0.9998911545462296,1.015973275957981,0.01980856013066538,0.024228291884119266,0.1143648624420166
DINOv2,teacher_training_229999.pth,blocks.6.mlp.fc2.weight,2359296,100.0,18.97286566462227,25.06868905632121,132.12916540628606,0.4685791456974679,1.4511156849054199,0.012952260428607646,0.01632076110437579,0.13863258250057697
DINOv2,teacher_training_229999.pth,blocks.6.mlp.fc2.bias,768,100.0,4.224703045966168,0.23152300018519797,5.480219501019387,0.9988575465645884,1.0256843784119016,0.005550572879170564,0.008354366655032114,0.0982506275177002
DINOv2,teacher_training_229999.pth,blocks.6.ls2.gamma,768,100.0,24.232440765620414,0.899885490753745,3.713556960512416,0.9993105120092302,0.9985689312331969,0.023957788420375437,0.03247182064540707,0.2426396608352661
DINOv2,teacher_training_229999.pth,blocks.7.norm1.weight,768,100.0,40.28487477249007,1.937822521549662,4.810297990234715,0.9992418163634428,0.9709910775271248,0.0629860321059823,0.06992514715365104,0.27527809143066406
DINOv2,teacher_training_229999.pth,blocks.7.norm1.bias,768,100.0,7.509673698449447,0.8168286817922192,10.877019622848238,0.9941259819177568,0.9832897689479617,0.022322503990167775,0.02947476620715906,0.16212594509124756
DINOv2,teacher_training_229999.pth,blocks.7.attn.qkv.weight,1769472,100.0,23.235049973086348,21.636920817245336,93.12190351347573,0.5973991019978651,1.0707431401616134,0.012918302537864086,0.016265731846707307,0.13538099825382233
DINOv2,teacher_training_229999.pth,blocks.7.attn.qkv.bias,2304,100.0,27.66602660389652,11.195866452402605,40.4679233946293,0.9269819357022874,1.078839735981754,0.1077768594941162,0.2332472177583876,2.5579012632369995
DINOv2,teacher_training_229999.pth,blocks.7.attn.proj.weight,589824,100.0,11.025455603305716,11.370027291055095,103.12523763322821,0.5843035892226005,1.2206149501689474,0.011742002111673644,0.01480472303522799,0.14230237994343042
DINOv2,teacher_training_229999.pth,blocks.7.attn.proj.bias,768,100.0,3.74701657581455,0.6472784310478932,17.27450140535297,0.9851756679392508,0.9648794471111458,0.01315980534941256,0.023356648525383734,0.3308696746826172
DINOv2,teacher_training_229999.pth,blocks.7.ls1.gamma,768,100.0,23.574926936350824,1.569141923053106,6.655977884001851,0.9986601428933503,0.9567998375552506,0.05040695997498309,0.05662153197946486,0.25140202045440674
DINOv2,teacher_training_229999.pth,blocks.7.norm2.weight,768,100.0,40.88811803965456,0.9702051118358367,2.372828974165311,0.9997235842065931,0.9965178778973661,0.026695197739172727,0.03500926140547321,0.18120217323303223
DINOv2,teacher_training_229999.pth,blocks.7.norm2.bias,768,100.0,10.020267222983408,0.7450833154369332,7.435762927838304,0.99730189179575,1.0091391385737558,0.019739229040908413,0.02688587829601326,0.2633936405181885
DINOv2,teacher_training_229999.pth,blocks.7.mlp.fc1.weight,2359296,100.0,23.566735798724636,27.367628573000193,116.12821057077089,0.5069667937761868,1.2851643644667132,0.014211808019224257,0.017817466518880335,0.11450638622045517
DINOv2,teacher_training_229999.pth,blocks.7.mlp.fc1.bias,3072,100.0,62.84494937106504,1.3090515471776467,2.0829860796743005,0.9998887798052289,1.0144302749553615,0.020013482638925478,0.02361816447331595,0.12441546469926834
DINOv2,teacher_training_229999.pth,blocks.7.mlp.fc2.weight,2359296,100.0,18.70068740966063,27.014785057677084,144.4587809308093,0.4162915576154193,1.5388478367139005,0.013940973556457447,0.017587750688591853,0.14576135762035847
DINOv2,teacher_training_229999.pth,blocks.7.mlp.fc2.bias,768,100.0,4.364087344982418,0.4474095979966689,10.252077069701075,0.9963911690210822,1.0538878656871347,0.010371267016078415,0.01614450324008744,0.22332191467285156
DINOv2,teacher_training_229999.pth,blocks.7.ls2.gamma,768,100.0,33.9413246592898,1.4487979057045173,4.268536718138898,0.9991980176494654,0.9844088646638709,0.04089219394760827,0.05227899130374182,0.3920729160308838
DINOv2,teacher_training_229999.pth,blocks.8.norm1.weight,768,100.0,39.201941274760266,2.394496372170542,6.108106625097701,0.9993139947684833,0.9507407841014882,0.07971445308066905,0.0864039453153903,0.180122971534729
DINOv2,teacher_training_229999.pth,blocks.8.norm1.bias,768,100.0,8.345434505045242,0.7331096460237394,8.784559336970856,0.996135082441832,0.9975317734855573,0.020388842621057297,0.026453815717332324,0.13590601086616516
DINOv2,teacher_training_229999.pth,blocks.8.attn.qkv.weight,1769472,100.0,23.350075559150355,23.26488716732721,99.63516866741031,0.5466508111810758,1.0865987650648352,0.013908782461825031,0.017489568839482595,0.09344429895281792
DINOv2,teacher_training_229999.pth,blocks.8.attn.qkv.bias,2304,100.0,27.08099182972632,9.556620908520593,35.28903582486393,0.9465069979551166,1.0893604267654171,0.09572307575284672,0.19909626892751237,2.062727928161621
DINOv2,teacher_training_229999.pth,blocks.8.attn.proj.weight,589824,100.0,11.138283065733086,12.191401396976765,109.45494314544399,0.5229687750530844,1.2096526889303219,0.012515919244131781,0.015874220568980163,0.1709844246506691
DINOv2,teacher_training_229999.pth,blocks.8.attn.proj.bias,768,100.0,5.469300548316848,0.6474072342773414,11.837112050398801,0.993008440491273,1.001811000134955,0.013470580090370277,0.023361296311583384,0.3240509033203125
DINOv2,teacher_training_229999.pth,blocks.8.ls1.gamma,768,100.0,34.471719255430415,2.7021164607713426,7.838647213238927,0.9986058388874024,0.940657064324222,0.09117508700971182,0.09750422912550334,0.3195332884788513
DINOv2,teacher_training_229999.pth,blocks.8.norm2.weight,768,100.0,42.750829253269096,1.2945514231944855,3.02813172470916,0.9995777602989123,0.991053849318096,0.0382570581859909,0.046713100791321835,0.17734801769256592
DINOv2,teacher_training_229999.pth,blocks.8.norm2.bias,768,100.0,12.497116801738478,0.8696948887720047,6.959164282204846,0.9977689552036022,0.9781250065486241,0.024919977202519778,0.03138241113408491,0.13691258430480957
DINOv2,teacher_training_229999.pth,blocks.8.mlp.fc1.weight,2359296,100.0,24.9195548303006,29.61230419130352,118.8315938746098,0.4715196734730635,1.268028036737483,0.015321876301876999,0.01927884387454656,0.22556975483894348
DINOv2,teacher_training_229999.pth,blocks.8.mlp.fc1.bias,3072,100.0,68.83907975922858,1.2197050271499883,1.771820645214936,0.9999044214523786,1.0109853455969142,0.01846566809156987,0.0220061570549058,0.10004439949989319
DINOv2,teacher_training_229999.pth,blocks.8.mlp.fc2.weight,2359296,100.0,19.352911409040235,28.890841044196684,149.28421069866027,0.37358916397335434,1.5432670768324923,0.014912860329358643,0.01880914130481555,0.1357342996634543
DINOv2,teacher_training_229999.pth,blocks.8.mlp.fc2.bias,768,100.0,3.5187743251541557,0.5009004440432201,14.235082950972593,0.9927747023870692,1.0693603953188486,0.012062870443453258,0.018074687887847263,0.25210630893707275
DINOv2,teacher_training_229999.pth,blocks.8.ls2.gamma,768,100.0,59.17701855059605,1.9804985196282168,3.3467358919660692,0.9996319551558196,0.980033233725486,0.06332996084044377,0.07146508458981289,0.30538177490234375
DINOv2,teacher_training_229999.pth,blocks.9.norm1.weight,768,100.0,40.41384764249982,2.7933784688305865,6.911933982482347,0.9993308037586105,0.9406832251329746,0.09428646514425054,0.10079736318299022,0.20439571142196655
DINOv2,teacher_training_229999.pth,blocks.9.norm1.bias,768,100.0,8.876970111861121,0.7644031970713547,8.611082243591019,0.9962911990853686,0.9929405102680307,0.021959412154274105,0.027583024474909828,0.11282467842102051
DINOv2,teacher_training_229999.pth,blocks.9.attn.qkv.weight,1769472,100.0,23.25547144512755,25.201257841988095,108.36700473457064,0.48096910102757157,1.117892995741466,0.015086526975994496,0.01894525130076692,0.10524308495223522
DINOv2,teacher_training_229999.pth,blocks.9.attn.qkv.bias,2304,100.0,40.30550399308363,8.166551480306502,20.261628490510557,0.981775359487115,1.052033564736047,0.0889243104819294,0.17013648917305213,1.380631923675537
DINOv2,teacher_training_229999.pth,blocks.9.attn.proj.weight,589824,100.0,11.618794676248013,13.15468139023872,113.2189849015103,0.4684391758812968,1.1764569127447109,0.01353373000861457,0.017128491393540002,0.11877069994807243
DINOv2,teacher_training_229999.pth,blocks.9.attn.proj.bias,768,100.0,4.32399183601117,0.7549606528342745,17.459807545120544,0.9846874901941859,0.9943798220183776,0.01819738413958305,0.02724229600884025,0.33509397506713867
DINOv2,teacher_training_229999.pth,blocks.9.ls1.gamma,768,100.0,53.2807617406515,3.76573313236232,7.067716393944097,0.9989908913042093,0.9444192648734239,0.1264180845270554,0.1358841898541049,0.2789424657821655
DINOv2,teacher_training_229999.pth,blocks.9.norm2.weight,768,100.0,44.523173429181476,1.6580546604067576,3.724026237806382,0.9994495289909167,0.9825321372843843,0.050431653876633696,0.05982989403230969,0.2316495180130005
DINOv2,teacher_training_229999.pth,blocks.9.norm2.bias,768,100.0,14.154642486380537,1.0727732125445706,7.578949546601285,0.9975273810583115,0.9691562058262821,0.030814012917138218,0.038710368940126715,0.1356249451637268
DINOv2,teacher_training_229999.pth,blocks.9.mlp.fc1.weight,2359296,100.0,24.23669600385821,31.920919639343662,131.7049140454714,0.4028366605340245,1.3498824954558124,0.016581502906593232,0.020781848723531032,0.13409361150115728
DINOv2,teacher_training_229999.pth,blocks.9.mlp.fc1.bias,3072,100.0,72.9387786124616,1.314306782246605,1.8019314379114864,0.9999125238143225,1.012149801755986,0.019484243121496547,0.02371298045399463,0.13402001559734344
DINOv2,teacher_training_229999.pth,blocks.9.mlp.fc2.weight,2359296,100.0,20.28151001078526,29.89004440151124,147.37583338526753,0.3432740867495318,1.4789680266972356,0.01539657369972703,0.019459664323900547,0.22606077324599028
DINOv2,teacher_training_229999.pth,blocks.9.mlp.fc2.bias,768,100.0,5.234990637562478,0.5642986558191355,10.779363228849723,0.9960515543742777,1.0571920984785177,0.012900439454388865,0.020362373802532616,0.32989001274108887
DINOv2,teacher_training_229999.pth,blocks.9.ls2.gamma,768,100.0,105.41501668421355,3.4361919621730106,3.259679759352159,0.9997924675499145,0.974345868899022,0.1141543733344103,0.1239928971467385,0.36692142486572266
DINOv2,teacher_training_229999.pth,blocks.10.norm1.weight,768,100.0,42.78843343660085,3.8914019435726184,9.094518380390033,0.9987359116024489,0.9229437775679713,0.1327235312977185,0.14041887247791776,0.28206491470336914
DINOv2,teacher_training_229999.pth,blocks.10.norm1.bias,768,100.0,10.389416124251493,0.9827351328967768,9.459002518946443,0.9955748737673441,0.9847766265852036,0.028407517898964823,0.035461399595003544,0.11501213908195496
DINOv2,teacher_training_229999.pth,blocks.10.attn.qkv.weight,1769472,100.0,23.390959149096677,26.837836667799635,114.73593920083466,0.4257059694469295,1.131155575621965,0.01605479900249066,0.020175562792475687,0.13130975887179375
DINOv2,teacher_training_229999.pth,blocks.10.attn.qkv.bias,2304,100.0,40.10975160020108,8.994030894568175,22.42355171933572,0.9782187482536853,1.0630331727696785,0.09768919600305973,0.18737564363683695,0.8866671323776245
DINOv2,teacher_training_229999.pth,blocks.10.attn.proj.weight,589824,100.0,12.145571620879686,13.916983139150403,114.58483448589153,0.42188620037905644,1.1225690069942849,0.014280091633083993,0.018121071795768755,0.2390477955341339
DINOv2,teacher_training_229999.pth,blocks.10.attn.proj.bias,768,100.0,4.9968878315259415,0.8174529672975693,16.359241889324878,0.9865574123782893,0.9941736737899083,0.018016346616983963,0.02949729316994438,0.4453253746032715
DINOv2,teacher_training_229999.pth,blocks.10.ls1.gamma,768,100.0,91.14733545883324,5.188560923135142,5.692498740655518,0.9995681498896012,0.9508142734800613,0.1764159474793511,0.18722606535492797,0.3073136806488037
DINOv2,teacher_training_229999.pth,blocks.10.norm2.weight,768,100.0,55.94454592716659,2.9610835433088574,5.292890476158034,0.9993597392805692,0.9603551568037941,0.09733454669670512,0.10684889880139624,0.2802478075027466
DINOv2,teacher_training_229999.pth,blocks.10.norm2.bias,768,100.0,18.854369934643387,1.8138793927495338,9.620472065824256,0.9953850505916544,0.9885478568485642,0.05186361714133151,0.06545273473009114,0.2396547794342041
DINOv2,teacher_training_229999.pth,blocks.10.mlp.fc1.weight,2359296,100.0,24.613445204571228,33.65981849907877,136.75378728706957,0.3607726953076506,1.360931068474248,0.017476553359738037,0.021913944335337738,0.12503446266055107
DINOv2,teacher_training_229999.pth,blocks.10.mlp.fc1.bias,3072,100.0,80.77510083288614,1.3569417882976047,1.6799010763291429,0.9999369537587184,1.0124316828430282,0.020943962998179206,0.024482209585883572,0.06882810592651367
DINOv2,teacher_training_229999.pth,blocks.10.mlp.fc2.weight,2359296,100.0,21.84386458769148,31.66287347805981,144.95087785840383,0.3150688943981409,1.4106710609757072,0.01624768340518508,0.020613849920611858,0.37016175291500986
DINOv2,teacher_training_229999.pth,blocks.10.mlp.fc2.bias,768,100.0,5.973181459431551,0.7089345446087146,11.86862561306118,0.9939539010937044,1.0390181318504221,0.01808558601409042,0.025581471885479136,0.3419380187988281
DINOv2,teacher_training_229999.pth,blocks.10.ls2.gamma,768,100.0,203.83177824884157,4.591160972841705,2.2524264922208213,0.9999168447217219,0.9814496070146471,0.15085202762080976,0.16566925147269143,0.44558095932006836
DINOv2,teacher_training_229999.pth,blocks.11.norm1.weight,768,100.0,46.53881406246407,6.798888364706556,14.609070947921312,0.9959040417514784,0.881154942525951,0.23513374597920725,0.24533375172209654,0.41961991786956787
DINOv2,teacher_training_229999.pth,blocks.11.norm1.bias,768,100.0,10.936042569305775,1.5397633236547452,14.079712234994437,0.9903784905339645,0.9644288436315643,0.04333857213657666,0.05556142308752375,0.32424789667129517
DINOv2,teacher_training_229999.pth,blocks.11.attn.qkv.weight,1769472,100.0,23.601424677711538,28.261429108646627,119.7445895515615,0.3740457043714367,1.1315329066698763,0.016854077808490683,0.02124576003067794,0.13898178562521935
DINOv2,teacher_training_229999.pth,blocks.11.attn.qkv.bias,2304,100.0,41.99259930778119,32.54141992075235,77.49322608548896,0.8477682058976513,1.4127734623728396,0.28957179528299865,0.6779462483490072,4.970531165599823
DINOv2,teacher_training_229999.pth,blocks.11.attn.proj.weight,589824,100.0,13.0485811412222,14.243076028114748,109.15421281413487,0.40166809499262285,0.9956390337113004,0.014593748136116155,0.018545671911607744,0.22382080554962158
DINOv2,teacher_training_229999.pth,blocks.11.attn.proj.bias,768,100.0,9.586628110516992,1.2555979381900746,13.097388609584462,0.9914298665241087,1.000775404232484,0.03429752044280576,0.04530748797549866,0.2696540541946888
DINOv2,teacher_training_229999.pth,blocks.11.ls1.gamma,768,100.0,225.9729547163381,7.517536373508897,3.3267416372661036,0.9999528900712795,0.9681330322146429,0.255245582278197,0.2712657280555103,0.4811830520629883
DINOv2,teacher_training_229999.pth,blocks.11.norm2.weight,768,100.0,50.90290669241975,3.9463416603018615,7.752684309655611,0.9983456743104251,0.9463408974639108,0.13037397663477654,0.14240133874309463,0.2895803451538086
DINOv2,teacher_training_229999.pth,blocks.11.norm2.bias,768,100.0,14.891709043202836,3.3451707441306238,22.463309848626754,0.9759328120220533,1.02982977405901,0.09882909240972045,0.12070845185056726,0.34948188066482544
DINOv2,teacher_training_229999.pth,blocks.11.mlp.fc1.weight,2359296,100.0,24.568130630630375,37.086033742106196,150.9517931977661,0.29321787557847095,1.4613878587234181,0.019133467129601147,0.024144553217517056,0.5210531949996948
DINOv2,teacher_training_229999.pth,blocks.11.mlp.fc1.bias,3072,100.0,78.92760182031871,3.032548549840227,3.8421901589559546,0.9998341757512343,1.0336664313944552,0.050021165797564514,0.054713835049402006,0.12605804204940796
DINOv2,teacher_training_229999.pth,blocks.11.mlp.fc2.weight,2359296,100.0,22.618423878256454,33.637306503361614,148.71640342587193,0.30493301077239915,1.4471418383741599,0.01707424192675095,0.02189928808812605,0.3278026096522808
DINOv2,teacher_training_229999.pth,blocks.11.mlp.fc2.bias,768,100.0,6.431997624593203,0.9360052172633131,14.552325294468863,0.9894203085769637,1.0008029344663825,0.025620969559592293,0.033775179009366746,0.2750966548919678
DINOv2,teacher_training_229999.pth,blocks.11.ls2.gamma,768,100.0,255.31387511533867,4.61988156058961,1.80949098771172,0.9999359088386005,0.9858204014676646,0.14918121309407675,0.16670561641441248,0.5399208068847656
DINOv2,teacher_training_229999.pth,norm.weight,768,100.0,66.10938870630643,6.762859198311194,10.229801440693185,0.995022406385056,0.9719037351449515,0.21614706521514412,0.2440336611647815,0.8670318126678467
DINOv2,teacher_training_229999.pth,norm.bias,768,100.0,12.561260432703119,2.651991900740003,21.11246649926601,0.9774608579280841,0.975629751768034,0.07772240310557284,0.09569551486130924,0.40142504236428067
DINOv2,teacher_training_299999.pth,cls_token,768,100.0,0.39973614505004973,0.11453476554960158,28.6525917077779,0.9738084106565742,1.1481641442094035,0.0026257782752252545,0.004132917357602072,0.031583745032548904
DINOv2,teacher_training_299999.pth,pos_embed,1052160,100.0,9.681227938026321,6.980801391820482,72.10656991558896,0.8032893862150405,1.2097492003478874,0.005293641724600388,0.006805568170849663,0.04839528537195292
DINOv2,teacher_training_299999.pth,mask_token,768,100.0,0.0,0.492230230489722,,,,0.011018456249024903,0.017761828504782032,0.10130396485328674
DINOv2,teacher_training_299999.pth,patch_embed.proj.weight,451584,100.0,5.094310344763256,0.4691024128771709,9.208359544867326,0.9960571561225697,0.9713742305719826,0.0005080783772515567,0.0006980690667815043,0.006226921919733286
DINOv2,teacher_training_299999.pth,patch_embed.proj.bias,768,100.0,2.1172193107357185,0.03253237030470854,1.536561193247561,0.9999133125886603,0.9919927872217776,0.0005712146374108329,0.001173910797050004,0.01639378070831299
DINOv2,teacher_training_299999.pth,blocks.0.norm1.weight,768,100.0,25.942800841287482,0.750915362871094,2.8945038258013613,0.9996990999361606,0.9843333701153216,0.021656335296065993,0.027096324180765727,0.06924933195114136
DINOv2,teacher_training_299999.pth,blocks.0.norm1.bias,768,100.0,6.668605887828497,0.30350950695028944,4.551318702223103,0.9990303783210451,1.0105693124664155,0.008287194811849178,0.010951955971210011,0.04571753740310669
DINOv2,teacher_training_299999.pth,blocks.0.attn.qkv.weight,1769472,100.0,23.607932412289966,12.58314405827327,53.30049170982317,0.8461199032780569,0.8424960415034937,0.00690818533722609,0.009459481262104052,0.27090173959732056
DINOv2,teacher_training_299999.pth,blocks.0.attn.qkv.bias,2304,100.0,48.33284734659305,2.9689134417864977,6.14264129836285,0.9981121006738317,0.9971273552426229,0.02902125328425785,0.061852363370552034,0.5767615437507629
DINOv2,teacher_training_299999.pth,blocks.0.attn.proj.weight,589824,100.0,9.637798227537138,6.394268619938137,66.34574068658564,0.7718096094887144,0.9611923014758331,0.00634824915446739,0.008325870598877782,0.11852608248591423
DINOv2,teacher_training_299999.pth,blocks.0.attn.proj.bias,768,100.0,4.036111777013951,0.13906855271150703,3.4456070692470897,0.9995962460953862,0.9801058377991783,0.0031244323985575306,0.005018204146487515,0.04865837097167969
DINOv2,teacher_training_299999.pth,blocks.0.ls1.gamma,768,100.0,5.018033076083127,0.536673362695337,10.694894883280492,0.9961041291946562,0.9355936850127957,0.009947220848580685,0.01936553190119091,0.21316111087799072
DINOv2,teacher_training_299999.pth,blocks.0.norm2.weight,768,100.0,47.23673498037133,1.4522656490502386,3.0744412154093856,0.9995379898982669,1.0041653140243962,0.041520849154666216,0.05240412271337511,0.24838018417358398
DINOv2,teacher_training_299999.pth,blocks.0.norm2.bias,768,100.0,10.021818114746859,0.6552050494373693,6.537786277254935,0.9986032692349354,0.960096720864469,0.016563765896258076,0.023642675729191705,0.11175668239593506
DINOv2,teacher_training_299999.pth,blocks.0.mlp.fc1.weight,2359296,100.0,26.18232121206333,14.034665888454864,53.60359677349189,0.8478034155639216,0.9259391317720861,0.007066395584547606,0.009137152271129469,0.15563036208914127
DINOv2,teacher_training_299999.pth,blocks.0.mlp.fc1.bias,3072,100.0,60.787323274015456,1.2216961368926917,2.0097876844906675,0.9998843825646497,1.0130260396277213,0.015830779869872913,0.022042081046966297,0.09868800640106201
DINOv2,teacher_training_299999.pth,blocks.0.mlp.fc2.weight,2359296,100.0,22.174721612627266,12.72240695779944,57.3734686732425,0.8252181211640142,0.9259972770317795,0.0064777807433398366,0.008282817029817344,0.16031590104103088
DINOv2,teacher_training_299999.pth,blocks.0.mlp.fc2.bias,768,100.0,5.209158688072367,0.11825202362269085,2.2700791184084594,0.9997661161634563,0.9928659024750942,0.003096547021755214,0.004267052354423659,0.03000330924987793
DINOv2,teacher_training_299999.pth,blocks.0.ls2.gamma,768,100.0,4.073168159907173,0.8892198001425496,21.831158578113186,0.9767327349324028,0.9359064691859028,0.02647911473991608,0.032086955686315394,0.12024882435798645
DINOv2,teacher_training_299999.pth,blocks.1.norm1.weight,768,100.0,38.79766955807839,1.7777807233185237,4.5821843001607725,0.9992261177322964,0.9757213170647585,0.0580942611672981,0.06415013619800483,0.21284198760986328
DINOv2,teacher_training_299999.pth,blocks.1.norm1.bias,768,100.0,8.366019162267852,0.7030789841169992,8.403984864008,0.9968405932354925,1.0242971859144063,0.019469994917252837,0.02537017754634488,0.11259055137634277
DINOv2,teacher_training_299999.pth,blocks.1.attn.qkv.weight,1769472,100.0,25.202025915254058,13.824800284927296,54.855908534557706,0.8367848502000115,0.803229587729996,0.008027374776248035,0.01039290646614009,0.1211799830198288
DINOv2,teacher_training_299999.pth,blocks.1.attn.qkv.bias,2304,100.0,60.11453142889135,2.245962225133449,3.73613862031041,0.9993273537514406,1.0064711017085197,0.024047372136370388,0.04679087969028018,0.3064444661140442
DINOv2,teacher_training_299999.pth,blocks.1.attn.proj.weight,589824,100.0,11.201787962731284,6.302239227919551,56.26101162499511,0.829429781608144,0.8963917523476378,0.006418210045117088,0.008206040661353583,0.09801807999610901
DINOv2,teacher_training_299999.pth,blocks.1.attn.proj.bias,768,100.0,3.316409445827137,0.29110776768936686,8.77779937744576,0.9969870419845838,0.9559000844890619,0.008116399129657262,0.010504446752415438,0.04877990484237671
DINOv2,teacher_training_299999.pth,blocks.1.ls1.gamma,768,100.0,5.428907611101864,0.9007472767239588,16.591685496396597,0.9933200886945648,0.874100956986136,0.028437953678244792,0.032502917668024996,0.15275251865386963
DINOv2,teacher_training_299999.pth,blocks.1.norm2.weight,768,100.0,38.347120640275406,1.7673783013040092,4.608894414481171,0.9989640984891367,1.0062757906733502,0.04969807668142797,0.06377477112611082,0.26460278034210205
DINOv2,teacher_training_299999.pth,blocks.1.norm2.bias,768,100.0,9.459635270883824,1.227438507286526,12.975537345129007,0.991839366893256,0.9677191127756237,0.03496977927001884,0.04429137203722426,0.1813030242919922
DINOv2,teacher_training_299999.pth,blocks.1.mlp.fc1.weight,2359296,100.0,23.517339340457205,16.792459482001853,71.40458892436676,0.7545384075163072,1.0359451244990843,0.008499010990046475,0.010932590808594957,0.144743911921978
DINOv2,teacher_training_299999.pth,blocks.1.mlp.fc1.bias,3072,100.0,56.351156637961466,1.571717264632491,2.7891481886171072,0.9997527485965644,1.016590001584864,0.018244832312499664,0.028357230807048467,0.12070047855377197
DINOv2,teacher_training_299999.pth,blocks.1.mlp.fc2.weight,2359296,100.0,20.764363312176826,13.775900452223821,66.34395789128402,0.7719020199721013,0.9615986285476289,0.007048689979308088,0.008968685190249884,0.13179513812065125
DINOv2,teacher_training_299999.pth,blocks.1.mlp.fc2.bias,768,100.0,7.7691525357098135,0.13200658528811945,1.699111771604043,0.9999192510787687,0.9886406536852185,0.003731928083325897,0.004763377346931191,0.020307540893554688
DINOv2,teacher_training_299999.pth,blocks.1.ls2.gamma,768,100.0,5.438592360778933,1.2860577157762512,23.646885636268898,0.9746865970749191,0.8976704783271929,0.04062827190053516,0.04640661052480086,0.10687744617462158
DINOv2,teacher_training_299999.pth,blocks.2.norm1.weight,768,100.0,41.512658860000116,1.9771108671546758,4.76266980108985,0.9992669447253633,0.970934468939027,0.06157255273622771,0.07134284321059291,0.22578144073486328
DINOv2,teacher_training_299999.pth,blocks.2.norm1.bias,768,100.0,6.942657453950505,0.7149859624636419,10.298447924386664,0.9952196039380072,1.02789777750469,0.02007334200063345,0.025799833618449206,0.10719430446624756
DINOv2,teacher_training_299999.pth,blocks.2.attn.qkv.weight,1769472,100.0,22.539122725940807,14.418094646262551,63.969191798527405,0.7741561477191413,0.866478902157143,0.00847184415360084,0.010838920345340087,0.10424629971385002
DINOv2,teacher_training_299999.pth,blocks.2.attn.qkv.bias,2304,100.0,26.4411171959957,3.688290216156882,13.949071020022725,0.9910068049700653,1.0304040857028878,0.037611962507464604,0.07683937950326838,0.5911655426025391
DINOv2,teacher_training_299999.pth,blocks.2.attn.proj.weight,589824,100.0,10.875104073629423,6.672118382104707,61.35222556889035,0.8026348372028174,0.9462741080071252,0.006865962681472255,0.008687654143365505,0.06248828489333391
DINOv2,teacher_training_299999.pth,blocks.2.attn.proj.bias,768,100.0,2.377589781228016,0.2902392373832396,12.207288224183573,0.9925818677146084,0.9816022186013869,0.008076374174886306,0.010473106364537816,0.05144771933555603
DINOv2,teacher_training_299999.pth,blocks.2.ls1.gamma,768,100.0,4.795744012097434,0.7337306682705245,15.299621214553213,0.9931811779647306,0.8941019511091982,0.022092995002087907,0.026476224927416955,0.11324572563171387
DINOv2,teacher_training_299999.pth,blocks.2.norm2.weight,768,100.0,55.35386395788772,1.5711374794074207,2.838351954260529,0.9995971082421466,0.9996517679798156,0.04118231214915369,0.056693540416861525,0.3227289319038391
DINOv2,teacher_training_299999.pth,blocks.2.norm2.bias,768,100.0,7.425077845558647,0.7718890315791426,10.395702881968468,0.9954247077140905,0.9544684802425651,0.020291600915565294,0.027853146260421093,0.11777746677398682
DINOv2,teacher_training_299999.pth,blocks.2.mlp.fc1.weight,2359296,100.0,22.137814083400528,16.17321894935993,73.05698244835746,0.7496600623880085,1.0590505560777046,0.008240582341409803,0.010529439420156205,0.1743671118747443
DINOv2,teacher_training_299999.pth,blocks.2.mlp.fc1.bias,3072,100.0,44.16852928836087,1.0241678872825741,2.3187728995822803,0.9998689559344457,1.016470155211075,0.015585212998075804,0.01847823766931139,0.11818826198577881
DINOv2,teacher_training_299999.pth,blocks.2.mlp.fc2.weight,2359296,100.0,19.61705004058221,15.136756401826059,77.16122643573996,0.7141295817832942,1.0387317168421013,0.007755539999544302,0.009854659115772173,0.11522895097732544
DINOv2,teacher_training_299999.pth,blocks.2.mlp.fc2.bias,768,100.0,5.497456180370493,0.22975943441636676,4.17937727701692,0.9991592523317335,0.9910394640048741,0.006358685532253124,0.008290729456821595,0.03861677646636963
DINOv2,teacher_training_299999.pth,blocks.2.ls2.gamma,768,100.0,4.086069467269117,0.9936439163028443,24.31784198145158,0.9789176536957017,0.8469497917724957,0.031483263751359424,0.03585503640975507,0.09521342068910599
DINOv2,teacher_training_299999.pth,blocks.3.norm1.weight,768,100.0,42.12137174323095,2.221616964334661,5.274322445806106,0.9987395247962036,0.9825381015136625,0.07044638726317014,0.08016569702467849,0.3028440475463867
DINOv2,teacher_training_299999.pth,blocks.3.norm1.bias,768,100.0,9.266829391996778,0.8185164668988497,8.832756407555694,0.9961505003847022,0.9853071617745494,0.0221042112128013,0.02953566890626202,0.21329569816589355
DINOv2,teacher_training_299999.pth,blocks.3.attn.qkv.weight,1769472,100.0,25.253621118724112,16.499715806781737,65.3360392523991,0.7621748698360689,0.8504377427143753,0.00958746476220079,0.012403796045049164,0.2845191955566406
DINOv2,teacher_training_299999.pth,blocks.3.attn.qkv.bias,2304,100.0,367.7691632822363,5.507805112485598,1.4976255930024114,0.9998930065846339,1.0031043705535105,0.05885260429148112,0.11474593984344997,0.6943966150283813
DINOv2,teacher_training_299999.pth,blocks.3.attn.proj.weight,589824,100.0,10.954279753859367,8.59888020327536,78.49790580933299,0.6954863361897574,1.0115454532418424,0.008851697599076317,0.011196458598014792,0.07138098997529596
DINOv2,teacher_training_299999.pth,blocks.3.attn.proj.bias,768,100.0,3.1402233642892345,0.4400287875795738,14.012658863175197,0.9902806251536657,0.973216704258779,0.012398853718347405,0.015878171185015725,0.07522636651992798
DINOv2,teacher_training_299999.pth,blocks.3.ls1.gamma,768,100.0,5.802884039200268,0.6979823098424989,12.028196757464281,0.9932183853170602,0.9623880000542088,0.02076795810541417,0.02518626715482272,0.11271898448467255
DINOv2,teacher_training_299999.pth,blocks.3.norm2.weight,768,100.0,40.65039412567809,1.7366182010347198,4.2720820754299424,0.9991067660755714,1.0053835920176772,0.04011624435973745,0.06266481161543744,0.4026080369949341
DINOv2,teacher_training_299999.pth,blocks.3.norm2.bias,768,100.0,8.62920222569121,0.9879011340675075,11.448348389915909,0.993512145950975,1.006659474113008,0.0280581120157161,0.03564781160541325,0.15964055061340332
DINOv2,teacher_training_299999.pth,blocks.3.mlp.fc1.weight,2359296,100.0,22.35337710465601,19.728418021203066,88.25699100783214,0.6497643501557364,1.098232138195148,0.01014762070759179,0.012844022149220745,0.1789473108947277
DINOv2,teacher_training_299999.pth,blocks.3.mlp.fc1.bias,3072,100.0,49.32827112527534,1.2541524429028243,2.5424617856923195,0.9998451239354185,1.018194048988487,0.01859146792044915,0.022627664078586636,0.12022805213928223
DINOv2,teacher_training_299999.pth,blocks.3.mlp.fc2.weight,2359296,100.0,18.953442656467615,17.514696396638705,92.40905050387795,0.6236284088289297,1.1164322783361904,0.009005786687387095,0.011402797133228323,0.1626151716336608
DINOv2,teacher_training_299999.pth,blocks.3.mlp.fc2.bias,768,100.0,3.6571810533667812,0.19144270949681275,5.234706915058843,0.9986300841766238,1.0001336370580016,0.005196872434346744,0.00690809374139851,0.04723665118217468
DINOv2,teacher_training_299999.pth,blocks.3.ls2.gamma,768,100.0,7.537362905851604,1.2710381532889297,16.863167783816856,0.9914756309436551,0.8844215813909407,0.04055294979540728,0.04586463874697802,0.21709145978093147
DINOv2,teacher_training_299999.pth,blocks.4.norm1.weight,768,100.0,41.17544513528507,2.095190761304108,5.088447142271805,0.9989251339825909,0.977933403846495,0.06533770441698532,0.07560368437765898,0.36724090576171875
DINOv2,teacher_training_299999.pth,blocks.4.norm1.bias,768,100.0,8.15870451595151,0.9089717221232453,11.14112810858718,0.9937754677043298,0.9923078968698046,0.024442521251184957,0.032799691778350834,0.24656438827514648
DINOv2,teacher_training_299999.pth,blocks.4.attn.qkv.weight,1769472,100.0,22.46564016682883,16.869965739443902,75.09229923638186,0.6959298531821919,0.9154832658425714,0.010019202862222663,0.01268213445428086,0.10163904167711735
DINOv2,teacher_training_299999.pth,blocks.4.attn.qkv.bias,2304,100.0,30.83349817092015,5.523674377415941,17.91452382988271,0.9844772309106479,1.0203720019315208,0.05319626968757962,0.11507654952949876,1.3424072265625
DINOv2,teacher_training_299999.pth,blocks.4.attn.proj.weight,589824,100.0,10.800601822727504,8.839749455421913,81.84497123873776,0.6811817803657433,1.047062293114407,0.009138636006301992,0.011510090436747281,0.08904165029525757
DINOv2,teacher_training_299999.pth,blocks.4.attn.proj.bias,768,100.0,2.602822788007507,0.5452995477934921,20.950314032363522,0.9778266729107554,0.9717795197638086,0.01513614722597012,0.019676802544222115,0.1342679038643837
DINOv2,teacher_training_299999.pth,blocks.4.ls1.gamma,768,100.0,7.175079608356023,0.8496213291767227,11.841280871466047,0.9941779813889835,0.9450714446920325,0.02492908957841185,0.03065806894433928,0.13313081860542297
DINOv2,teacher_training_299999.pth,blocks.4.norm2.weight,768,100.0,39.38113202907368,1.3687717690211985,3.4757044769832497,0.999449867627094,1.0098465046289227,0.033103406603913754,0.04939129683147182,0.38152456283569336
DINOv2,teacher_training_299999.pth,blocks.4.norm2.bias,768,100.0,8.35588052932885,1.5089586121091443,18.05864273445213,0.9842334370919079,1.0206603012282665,0.04320809173866339,0.05444985380607616,0.283719539642334
DINOv2,teacher_training_299999.pth,blocks.4.mlp.fc1.weight,2359296,100.0,22.59524870037032,21.645440347462383,95.79642443637998,0.5992785109854675,1.125425094371186,0.011185925595172399,0.014092083559545823,0.16392451524734497
DINOv2,teacher_training_299999.pth,blocks.4.mlp.fc1.bias,3072,100.0,49.03010157067791,1.3467521901498756,2.746786457720273,0.9998367142918068,1.0205233967292422,0.021528442548711595,0.0242983668598359,0.11278486251831055
DINOv2,teacher_training_299999.pth,blocks.4.mlp.fc2.weight,2359296,100.0,18.810709488169653,20.11849471792128,106.95234398561155,0.5557858416864356,1.2286738637382164,0.01038347889245912,0.013097978331979999,0.15706849098205566
DINOv2,teacher_training_299999.pth,blocks.4.mlp.fc2.bias,768,100.0,3.3051139036662667,0.2228138746721978,6.741488528581023,0.9977258457169758,0.9964491430290416,0.005556027978945129,0.008040103157573558,0.08866322040557861
DINOv2,teacher_training_299999.pth,blocks.4.ls2.gamma,768,100.0,9.389621221209184,0.7861116508069353,8.37213378779619,0.9964932168807562,0.9936659027076227,0.020218178842090612,0.028366360825405328,0.1858939826488495
DINOv2,teacher_training_299999.pth,blocks.5.norm1.weight,768,100.0,38.601325643271885,2.437563882942898,6.314715472388858,0.9984902169413025,0.9673409556785993,0.0755293844655777,0.08795801024899946,0.44314098358154297
DINOv2,teacher_training_299999.pth,blocks.5.norm1.bias,768,100.0,8.08936185860344,0.804755686503318,9.948321024203167,0.995039437867254,0.9956655618494522,0.021704487354905194,0.029039119514660795,0.19173979759216309
DINOv2,teacher_training_299999.pth,blocks.5.attn.qkv.weight,1769472,100.0,22.47317995088187,18.295386931863963,81.40987155289535,0.6514437095399407,0.9466311505415025,0.010870137481024585,0.013753706471406276,0.1706969551742077
DINOv2,teacher_training_299999.pth,blocks.5.attn.qkv.bias,2304,100.0,23.02192645993379,5.7242061479020405,24.864149218199273,0.9716227280007091,1.0482602984347158,0.057585169242592826,0.11925429474795918,1.425961285829544
DINOv2,teacher_training_299999.pth,blocks.5.attn.proj.weight,589824,100.0,10.929121069760077,9.605598466517845,87.88994471930316,0.6370626869781385,1.0593340516431153,0.009944599991063991,0.012507289669945111,0.09891943633556366
DINOv2,teacher_training_299999.pth,blocks.5.attn.proj.bias,768,100.0,3.0739705507294617,0.6023468786718048,19.595076424166336,0.9808205150843556,0.9606813786273836,0.014192995543458172,0.021735320784168587,0.25113533437252045
DINOv2,teacher_training_299999.pth,blocks.5.ls1.gamma,768,100.0,13.290479338834558,1.1696615880029613,8.800747950340886,0.9981185396078203,0.934984273496694,0.036690104890567454,0.04220652704339218,0.16704225540161133
DINOv2,teacher_training_299999.pth,blocks.5.norm2.weight,768,100.0,37.0830583509939,1.166579017044333,3.1458543845078153,0.99960738132404,1.0139097160410546,0.0291903077547128,0.04209529434509467,0.30615413188934326
DINOv2,teacher_training_299999.pth,blocks.5.norm2.bias,768,100.0,10.654814642524723,1.0462118819123427,9.819146714545155,0.995175716609277,0.9992094678366504,0.02852088888577479,0.03775191947821725,0.33358001708984375
DINOv2,teacher_training_299999.pth,blocks.5.mlp.fc1.weight,2359296,99.99995761447482,23.47359137184589,24.07671227531728,102.56935930219339,0.545959852510618,1.1376688243199526,0.012454586178368858,0.015674942887576353,0.12443216145038605
DINOv2,teacher_training_299999.pth,blocks.5.mlp.fc1.bias,3072,100.0,56.04337200621755,1.340735848362954,2.3923183069966063,0.9998644663264338,1.0172215890846366,0.019850802405320184,0.024189818842641646,0.11111092567443848
DINOv2,teacher_training_299999.pth,blocks.5.mlp.fc2.weight,2359296,100.0,18.784356055525326,23.10181530084784,122.98433458437643,0.4725164783155117,1.330296448701786,0.01194447464453189,0.015040244336489478,0.144018167629838
DINOv2,teacher_training_299999.pth,blocks.5.mlp.fc2.bias,768,100.0,4.092506932079615,0.23039384608481733,5.629650722857598,0.9985306161816795,1.0137847362251844,0.0055565037537235185,0.008313621816043906,0.0965566635131836
DINOv2,teacher_training_299999.pth,blocks.5.ls2.gamma,768,100.0,14.976745711406986,0.8931025596515081,5.963261825105835,0.9985506991496783,1.024232364434235,0.023822261731159717,0.03222706270179638,0.16654598712921143
DINOv2,teacher_training_299999.pth,blocks.6.norm1.weight,768,100.0,39.911317166138176,2.1561771538320356,5.402420433423815,0.9990602519437113,0.9668111950927079,0.07102019642479718,0.07780434126159042,0.3382711410522461
DINOv2,teacher_training_299999.pth,blocks.6.norm1.bias,768,100.0,7.4607320511878,0.9437813474658926,12.649983151661855,0.9919678910199171,0.9935503537319648,0.025271694700403913,0.0340557759384738,0.23639452457427979
DINOv2,teacher_training_299999.pth,blocks.6.attn.qkv.weight,1769472,99.99994348596644,22.852059474016322,20.318349740646926,88.91255409058286,0.5897687189205958,0.9617517417970746,0.012113569762660635,0.015274485276369095,0.12463775277137756
DINOv2,teacher_training_299999.pth,blocks.6.attn.qkv.bias,2304,100.0,23.086836909149298,10.49886487518193,45.47554485916274,0.9299116732521139,1.1973780039823918,0.10140417917859976,0.21872635156629022,1.689088225364685
DINOv2,teacher_training_299999.pth,blocks.6.attn.proj.weight,589824,100.0,10.871949218015533,10.510478861545867,96.67520194197849,0.5723458233740741,1.084389970480531,0.010890017246890158,0.01368551935097118,0.07473612134344876
DINOv2,teacher_training_299999.pth,blocks.6.attn.proj.bias,768,100.0,3.469754888733298,0.6528934540323565,18.81670247522032,0.9828548619872512,0.9452981191029877,0.014854782923331792,0.02355926321485785,0.2933553457260132
DINOv2,teacher_training_299999.pth,blocks.6.ls1.gamma,768,100.0,16.93970748055125,1.7677296755992309,10.435420314245626,0.9976701061938864,0.9187053007017074,0.05799945763957718,0.06378745025385661,0.1844322681427002
DINOv2,teacher_training_299999.pth,blocks.6.norm2.weight,768,100.0,41.800929124825714,0.9735617700066604,2.329043373891081,0.9997289718696052,1.0004083091972928,0.026340367505326867,0.03513038437412962,0.19664692878723145
DINOv2,teacher_training_299999.pth,blocks.6.norm2.bias,768,100.0,11.15195798445328,0.925529015150974,8.299251274450956,0.9966079651667055,1.00734078424506,0.023082586564347213,0.033397151627514,0.42390894889831543
DINOv2,teacher_training_299999.pth,blocks.6.mlp.fc1.weight,2359296,100.0,23.98369713301608,25.983302513233554,108.33735253212822,0.49688879517827006,1.1454230426477272,0.01344512201164402,0.016916212573719763,0.12535559758543968
DINOv2,teacher_training_299999.pth,blocks.6.mlp.fc1.bias,3072,100.0,61.529993763813025,1.4553095602993267,2.3652034906514525,0.9998731496667578,1.0173584057341118,0.021701342194698253,0.02625698019978288,0.12272897362709045
DINOv2,teacher_training_299999.pth,blocks.6.mlp.fc2.weight,2359296,100.0,18.97286566462227,25.284919349412792,133.26884718611743,0.41184897320295333,1.3843088128672958,0.013064722493366578,0.016461536034773953,0.14915363676846027
DINOv2,teacher_training_299999.pth,blocks.6.mlp.fc2.bias,768,100.0,4.224703045966168,0.243393464247964,5.761196978811587,0.9986231301280694,1.0224410874218712,0.006071610435810726,0.008782705131409847,0.09142041206359863
DINOv2,teacher_training_299999.pth,blocks.6.ls2.gamma,768,100.0,24.232440765620414,0.9888932059201788,4.080865049810266,0.9991721551801009,1.002387997639601,0.026020698288145166,0.035683609914862954,0.2794543504714966
DINOv2,teacher_training_299999.pth,blocks.7.norm1.weight,768,100.0,40.28487477249007,2.1630461620786594,5.369375415201168,0.9990394087363941,0.9680110435957683,0.07010175733982275,0.0780522052466063,0.31522703170776367
DINOv2,teacher_training_299999.pth,blocks.7.norm1.bias,768,100.0,7.509673698449447,0.953451554920281,12.696311360600715,0.9919621556744447,0.9815433982234263,0.026168305178876732,0.03440471949328072,0.18442794680595398
DINOv2,teacher_training_299999.pth,blocks.7.attn.qkv.weight,1769472,100.0,23.235049973086348,22.19259981486187,95.51345850586951,0.5382928518858343,0.9877828628611955,0.013234640621415814,0.016683468069177268,0.1517966128885746
DINOv2,teacher_training_299999.pth,blocks.7.attn.qkv.bias,2304,100.0,27.66602660389652,14.228218056915358,51.42848396925722,0.8896478864532118,1.1262113202469446,0.1342074493787272,0.29642120951907,3.2218176126480103
DINOv2,teacher_training_299999.pth,blocks.7.attn.proj.weight,589824,100.0,11.025455603305716,11.411600877409844,103.5023067345022,0.5314388057363234,1.1261655952613525,0.011798826211157916,0.014858855309127401,0.13899395428597927
DINOv2,teacher_training_299999.pth,blocks.7.attn.proj.bias,768,100.0,3.74701657581455,0.7208203255966964,19.237180060779423,0.9815724434392633,0.9594055449550298,0.014688930949470583,0.026010363063787897,0.36818552017211914
DINOv2,teacher_training_299999.pth,blocks.7.ls1.gamma,768,100.0,23.574926936350824,1.8479581703633692,7.838659162561187,0.998202686724893,0.9476748574475967,0.06003252126780959,0.06668244669440372,0.27467453479766846
DINOv2,teacher_training_299999.pth,blocks.7.norm2.weight,768,100.0,40.88811803965456,1.0989227579661704,2.6876335000314793,0.9996492266978295,0.9950760636111079,0.030424912731784087,0.0396539593831484,0.20493006706237793
DINOv2,teacher_training_299999.pth,blocks.7.norm2.bias,768,100.0,10.020267222983408,0.8446958497514009,8.429873484949868,0.9966169928355715,1.0153708485949438,0.022232585986008264,0.030480336014833187,0.3077676296234131
DINOv2,teacher_training_299999.pth,blocks.7.mlp.fc1.weight,2359296,100.0,23.566735798724636,27.52686493472739,116.80389329190453,0.4470704935500911,1.198194301598927,0.01428455413907616,0.017921136025213145,0.1329021006822586
DINOv2,teacher_training_299999.pth,blocks.7.mlp.fc1.bias,3072,100.0,62.84494937106504,1.4401436137713297,2.291582105139539,0.9998665869921687,1.0159391299716638,0.022171604873127155,0.025983353221331173,0.1402827426791191
DINOv2,teacher_training_299999.pth,blocks.7.mlp.fc2.weight,2359296,100.0,18.70068740966063,26.93961500023521,144.05681679015936,0.35963918661788347,1.457171414355423,0.013908708510262546,0.017538811849111467,0.15936630964279175
DINOv2,teacher_training_299999.pth,blocks.7.mlp.fc2.bias,768,100.0,4.364087344982418,0.47781045766927643,10.948691442178305,0.9957007787947872,1.0540739346298873,0.011358305963047618,0.017241499772310938,0.23163676261901855
DINOv2,teacher_training_299999.pth,blocks.7.ls2.gamma,768,100.0,33.9413246592898,1.5927044091933216,4.692522832214787,0.9990043172873904,0.9844577365231499,0.044253861725640796,0.05747176996170426,0.44956064224243164
DINOv2,teacher_training_299999.pth,blocks.8.norm1.weight,768,100.0,39.201941274760266,2.657439071880025,6.778845601687046,0.999136062618222,0.9455809844893007,0.08823084982577711,0.09589207271906011,0.1944974958896637
DINOv2,teacher_training_299999.pth,blocks.8.norm1.bias,768,100.0,8.345434505045242,0.8362793116207791,10.020800128683598,0.9949675930233481,0.9964354787741477,0.023244098325297575,0.030176630355123232,0.14942947030067444
DINOv2,teacher_training_299999.pth,blocks.8.attn.qkv.weight,1769472,100.0,23.350075559150355,23.784589942869037,101.86086928334758,0.4801659309977302,0.9979718699428523,0.014208107111735367,0.01788025964333373,0.1000366872176528
DINOv2,teacher_training_299999.pth,blocks.8.attn.qkv.bias,2304,100.0,27.08099182972632,11.771021241892516,43.46599015244219,0.924041896471274,1.1308815842186895,0.1176362822153594,0.24522960920609407,2.6824514865875244
DINOv2,teacher_training_299999.pth,blocks.8.attn.proj.weight,589824,100.0,11.138283065733086,12.241521554384988,109.90492414442234,0.463133009413357,1.1130571738567139,0.012599390551117619,0.015939481190605453,0.17506493255496025
DINOv2,teacher_training_299999.pth,blocks.8.attn.proj.bias,768,100.0,5.469300548316848,0.72937841549595,13.335862768053818,0.9911152146067748,1.0008050134627924,0.015101844048975485,0.026319176532980586,0.36577558517456055
DINOv2,teacher_training_299999.pth,blocks.8.ls1.gamma,768,100.0,34.471719255430415,3.142566554650126,9.116361534985144,0.9980994852907836,0.9309177370150585,0.1062431992419685,0.1133976028920978,0.35402554273605347
DINOv2,teacher_training_299999.pth,blocks.8.norm2.weight,768,100.0,42.750829253269096,1.4998271642960916,3.5082995827066954,0.9994413124411202,0.9887757786883867,0.04466855894618978,0.05412035106526635,0.19885051250457764
DINOv2,teacher_training_299999.pth,blocks.8.norm2.bias,768,100.0,12.497116801738478,0.9527896111898447,7.624075427200151,0.997248971517286,0.9794118247654037,0.027402067323995045,0.034380833656345984,0.15876269340515137
DINOv2,teacher_training_299999.pth,blocks.8.mlp.fc1.weight,2359296,99.99995761447482,24.9195548303006,29.6023563469703,118.7916740429717,0.40903433965044883,1.1695968112505422,0.01526967282413505,0.01927236741339212,0.2625468373298645
DINOv2,teacher_training_299999.pth,blocks.8.mlp.fc1.bias,3072,100.0,68.83907975922858,1.3652712091295802,1.9832792854069952,0.9998798229653426,1.0122491416853436,0.020787670235828653,0.02463249062836903,0.10177192091941833
DINOv2,teacher_training_299999.pth,blocks.8.mlp.fc2.weight,2359296,100.0,19.352911409040235,28.493381099405163,147.2304631441406,0.316543254709893,1.4425452795154199,0.014715416766680974,0.018550378319925235,0.13668699457775801
DINOv2,teacher_training_299999.pth,blocks.8.mlp.fc2.bias,768,100.0,3.5187743251541557,0.5645058546562775,16.042684255732905,0.9902830253108417,1.0702657861515807,0.013832140017522457,0.020369850446557595,0.27180707454681396
DINOv2,teacher_training_299999.pth,blocks.8.ls2.gamma,768,100.0,59.17701855059605,2.275891656950088,3.845904563448414,0.9995009875236025,0.9775619298462113,0.07290276683246096,0.0821241662991598,0.3522310256958008
DINOv2,teacher_training_299999.pth,blocks.9.norm1.weight,768,100.0,40.41384764249982,3.137741934140298,7.764026731373631,0.9991461330980265,0.9334117707501031,0.10602953180205077,0.11322350939521737,0.22452974319458008
DINOv2,teacher_training_299999.pth,blocks.9.norm1.bias,768,100.0,8.876970111861121,0.8639561925628116,9.732557186470881,0.9952562647805866,0.9925545016899338,0.024845386563318545,0.03117533377151147,0.1238563060760498
DINOv2,teacher_training_299999.pth,blocks.9.attn.qkv.weight,1769472,100.0,23.25547144512755,25.46134584047131,109.48539959961093,0.41145406839718884,1.018083875568949,0.01523617523405851,0.019140774576726916,0.10496908542700112
DINOv2,teacher_training_299999.pth,blocks.9.attn.qkv.bias,2304,100.0,40.30550399308363,10.034472437082531,24.896035139033202,0.9732447830968428,1.0690918716786972,0.10696241577172413,0.20905150910588607,1.7983059883117676
DINOv2,teacher_training_299999.pth,blocks.9.attn.proj.weight,589824,100.0,11.618794676248013,13.175341443661118,113.39680070769398,0.40227685507807626,1.0713882876553076,0.013583039146126248,0.01715539250476708,0.10703820362687111
DINOv2,teacher_training_299999.pth,blocks.9.attn.proj.bias,768,100.0,4.32399183601117,0.841367678987132,19.458123671280646,0.9809161846805892,0.98855942018718,0.02017606963619774,0.03036024099691696,0.38408732414245605
DINOv2,teacher_training_299999.pth,blocks.9.ls1.gamma,768,100.0,53.2807617406515,4.4077739668308435,8.272730762157732,0.9986238260080329,0.9346445067147084,0.14853974583093077,0.15905184289230076,0.3123515844345093
DINOv2,teacher_training_299999.pth,blocks.9.norm2.weight,768,100.0,44.523173429181476,1.9272937693082326,4.328743036193915,0.9992631083796226,0.9792490784045023,0.059031791150725134,0.06954522353234979,0.2656707763671875
DINOv2,teacher_training_299999.pth,blocks.9.norm2.bias,768,100.0,14.154642486380537,1.194261139711828,8.437239872790393,0.996846936444049,0.9681673903356143,0.03423696994788846,0.04309418690595832,0.16052007675170898
DINOv2,teacher_training_299999.pth,blocks.9.mlp.fc1.weight,2359296,100.0,24.23669600385821,31.557057824823566,130.2036293222477,0.3392969013543263,1.2395307021734108,0.0163840374364306,0.020544959521369508,0.1572345346212387
DINOv2,teacher_training_299999.pth,blocks.9.mlp.fc1.bias,3072,100.0,72.9387786124616,1.4622840712794496,2.004810197122794,0.9998929705527856,1.0135998649319817,0.021803118029607067,0.02638281569327788,0.14002259075641632
DINOv2,teacher_training_299999.pth,blocks.9.mlp.fc2.weight,2359296,100.0,20.28151001078526,29.356489166822072,144.74508629392454,0.2830796751497761,1.3671682799724951,0.015125670585294201,0.019112297634649788,0.23578182887285948
DINOv2,teacher_training_299999.pth,blocks.9.mlp.fc2.bias,768,100.0,5.234990637562478,0.6308839255565518,12.05129042695489,0.9948605127105205,1.0602118695910092,0.014637932933917833,0.02276506276546769,0.36965322494506836
DINOv2,teacher_training_299999.pth,blocks.9.ls2.gamma,768,100.0,105.41501668421355,4.058565894477523,3.850083244435244,0.9997010359897277,0.96996090388103,0.13547662571848682,0.146450881981277,0.4071335792541504
DINOv2,teacher_training_299999.pth,blocks.10.norm1.weight,768,100.0,42.78843343660085,4.4149210480342775,10.318024506729879,0.9983955923390916,0.9121406111827929,0.15083992783911526,0.1593097409708459,0.3051190972328186
DINOv2,teacher_training_299999.pth,blocks.10.norm1.bias,768,100.0,10.389416124251493,1.1004681788164572,10.592204274576021,0.9944043868437463,0.9866866337043074,0.03184893372906572,0.03970972495464367,0.12704119086265564
DINOv2,teacher_training_299999.pth,blocks.10.attn.qkv.weight,1769472,100.0,23.390959149096677,26.922128133674466,115.0962983692533,0.3529657237222331,1.0232646062762607,0.016097590852149603,0.020238929590018946,0.13086793944239616
DINOv2,teacher_training_299999.pth,blocks.10.attn.qkv.bias,2304,100.0,40.10975160020108,11.550182479241657,28.796444800679726,0.9681063566662279,1.1100691726900636,0.12449985717754765,0.24062880165086784,1.3071746826171875
DINOv2,teacher_training_299999.pth,blocks.10.attn.proj.weight,589824,100.0,12.145571620879686,13.879646507127962,114.27742505974108,0.3510704158137012,1.0061913395278492,0.014280133429291242,0.01807245638948953,0.2121298536658287
DINOv2,teacher_training_299999.pth,blocks.10.attn.proj.bias,768,100.0,4.9968878315259415,0.9107168757555162,18.225681793569557,0.9832741020980397,0.9900200298141552,0.0202673093913243,0.032862664585811385,0.5090851783752441
DINOv2,teacher_training_299999.pth,blocks.10.ls1.gamma,768,100.0,91.14733545883324,6.153378831199235,6.751024371939445,0.9993978825757571,0.9414862196402226,0.20960840173453713,0.22204093278866394,0.36861753463745117
DINOv2,teacher_training_299999.pth,blocks.10.norm2.weight,768,100.0,55.94454592716659,3.342653355871046,5.974940542412837,0.9991765201588024,0.955316402908727,0.11025296027461688,0.12061761342623463,0.3066302537918091
DINOv2,teacher_training_299999.pth,blocks.10.norm2.bias,768,100.0,18.854369934643387,1.9992614056762463,10.603703081070687,0.9943997795214556,0.9857526172429892,0.05688947666632771,0.07214213192172565,0.29827213287353516
DINOv2,teacher_training_299999.pth,blocks.10.mlp.fc1.weight,2359296,100.0,24.613445204571228,33.03338560492515,134.20870313104388,0.29603094813744163,1.2388097779097371,0.017144086801616887,0.021506110419873145,0.12541555799543858
DINOv2,teacher_training_299999.pth,blocks.10.mlp.fc1.bias,3072,100.0,80.77510083288614,1.5316877486646368,1.896237495058672,0.9999206479686972,1.0140936468717339,0.023691321596629678,0.027635010437686874,0.07827228307723999
DINOv2,teacher_training_299999.pth,blocks.10.mlp.fc2.weight,2359296,100.0,21.84386458769148,30.891396773339366,141.41910031224953,0.2532544061042816,1.2847940260529491,0.015834297675793294,0.020111586440976152,0.38297913572750986
DINOv2,teacher_training_299999.pth,blocks.10.mlp.fc2.bias,768,100.0,5.973181459431551,0.813184411342094,13.613924453242413,0.9919603688193049,1.0421526711174718,0.021385410917562336,0.02934326492432283,0.3655080795288086
DINOv2,teacher_training_299999.pth,blocks.10.ls2.gamma,768,100.0,203.83177824884157,5.5420275378156925,2.7189222335341077,0.9998800369926636,0.9775340711900644,0.18373820274913064,0.19998069317588807,0.48043203353881836
DINOv2,teacher_training_299999.pth,blocks.11.norm1.weight,768,100.0,46.53881406246407,7.7553639110322,16.664292090948006,0.9946262037977412,0.8640461579624423,0.2688358504480372,0.2798475901061218,0.44465118646621704
DINOv2,teacher_training_299999.pth,blocks.11.norm1.bias,768,100.0,10.936042569305775,1.7010255108020464,15.554305865417167,0.9881468285097559,0.9630909352033113,0.04800706937052723,0.061380471034998885,0.3449738025665283
DINOv2,teacher_training_299999.pth,blocks.11.attn.qkv.weight,1769472,100.0,23.601424677711538,28.160308319801818,119.31613749739248,0.30034246290731115,1.0171685657766865,0.016794733981953597,0.02116974165221411,0.1497335322201252
DINOv2,teacher_training_299999.pth,blocks.11.attn.qkv.bias,2304,100.0,41.99259930778119,41.78903041699306,99.51522674436966,0.8081273740012767,1.6102482427040739,0.3632686971216812,0.870604800354022,6.379454791545868
DINOv2,teacher_training_299999.pth,blocks.11.attn.proj.weight,589824,100.0,13.0485811412222,14.336063484838483,109.86683785525888,0.3241342168540971,0.8828248258381691,0.014690218499526089,0.018666749329216775,0.25196194648742676
DINOv2,teacher_training_299999.pth,blocks.11.attn.proj.bias,768,100.0,9.586628110516992,1.4065546809805167,14.67204803154363,0.9891812176321979,0.9917072145264137,0.038311637411463074,0.05075467023087685,0.30845706537365913
DINOv2,teacher_training_299999.pth,blocks.11.ls1.gamma,768,100.0,225.9729547163381,9.027625684548,3.995002718745834,0.999937188448861,0.9615915822430444,0.3062976918881759,0.3257563824448104,0.5598793029785156
DINOv2,teacher_training_299999.pth,blocks.11.norm2.weight,768,100.0,50.90290669241975,4.560771345061697,8.959746390555077,0.9978859701446318,0.936208462495572,0.15175794217793737,0.1645726602364814,0.33010173961520195
DINOv2,teacher_training_299999.pth,blocks.11.norm2.bias,768,100.0,14.891709043202836,3.7471813367011033,25.162869660090927,0.9707711875995791,1.046360205496161,0.11084375255448957,0.13521475959042023,0.38735637068748474
DINOv2,teacher_training_299999.pth,blocks.11.mlp.fc1.weight,2359296,100.0,24.568130630630375,35.959578292161495,146.366766087318,0.23174321139160103,1.3253738334537577,0.018557485602468324,0.023411183783959306,0.6043960154056549
DINOv2,teacher_training_299999.pth,blocks.11.mlp.fc1.bias,3072,100.0,78.92760182031871,3.303837901644011,4.1859093972794295,0.9998013483131307,1.0366105840696362,0.05461943836417049,0.05960849068353307,0.13371038436889648
DINOv2,teacher_training_299999.pth,blocks.11.mlp.fc2.weight,2359296,100.0,22.618423878256454,32.59638317187691,144.11429968474712,0.24173398959590744,1.307251919566335,0.016597343486972747,0.021221603627524028,0.3195149414241314
DINOv2,teacher_training_299999.pth,blocks.11.mlp.fc2.bias,768,100.0,6.431997624593203,1.0470676695628793,16.27904316318994,0.9866868868531241,0.9938797526804183,0.028349945331531973,0.03778280005511765,0.3326690196990967
DINOv2,teacher_training_299999.pth,blocks.11.ls2.gamma,768,100.0,255.31387511533867,5.487788871034204,2.1494283726472294,0.9999161250374857,0.9827620776172794,0.1781741677162548,0.19802352387171437,0.5631818771362305
DINOv2,teacher_training_299999.pth,norm.weight,768,100.0,66.10938870630643,8.24402846536964,12.470283913823591,0.9925248961978443,0.9669032713141975,0.2645305569392349,0.2974807533555062,1.0625331401824951
DINOv2,teacher_training_299999.pth,norm.bias,768,100.0,12.561260432703119,2.4177763851994065,19.247880403026667,0.981505717538345,0.9614666666281059,0.06936913928145334,0.08724399042719985,0.39941160776652396
DINOv2,teacher_training_378562.pth,cls_token,768,100.0,0.39973614505004973,0.10263480460072572,25.675637760472007,0.9723111278822597,1.0786726192424747,0.002434623558241237,0.0037035145040283522,0.029437776654958725
DINOv2,teacher_training_378562.pth,pos_embed,1052160,100.0,9.681227938026321,6.784604598342252,70.08000061328383,0.7938613207716528,1.1421951336768874,0.005108275095855082,0.006614296341445847,0.051068064058199525
DINOv2,teacher_training_378562.pth,mask_token,768,100.0,0.0,0.4539459663588244,,,,0.010190486959939923,0.016380364117175753,0.09192610532045364
DINOv2,teacher_training_378562.pth,patch_embed.proj.weight,451584,100.0,5.094310344763256,0.5328204322913093,10.459127855039831,0.995416438397186,0.9530699936804724,0.0005923725405860589,0.0007928875480525436,0.006822406779974699
DINOv2,teacher_training_378562.pth,patch_embed.proj.bias,768,100.0,2.1172193107357185,0.039102965305159894,1.8469019768940182,0.9999056996818582,0.9875560864291245,0.0006654521880591346,0.0014110067215654164,0.022045135498046875
DINOv2,teacher_training_378562.pth,blocks.0.norm1.weight,768,100.0,25.942800841287482,0.7723324299533465,2.9770587789588,0.9996483504201188,0.9861164475605051,0.022200124817568796,0.027869146021090148,0.07349050045013428
DINOv2,teacher_training_378562.pth,blocks.0.norm1.bias,768,100.0,6.668605887828497,0.3245248802158906,4.8664576325947175,0.9988937448467122,1.0114218924700789,0.008834260181953768,0.01171028293446097,0.049588918685913086
DINOv2,teacher_training_378562.pth,blocks.0.attn.qkv.weight,1769472,100.0,23.607932412289966,13.335484134105142,56.48730223898334,0.8264112169931017,0.7812777372264741,0.007198143492460597,0.010025059055468213,0.33188170194625854
DINOv2,teacher_training_378562.pth,blocks.0.attn.qkv.bias,2304,100.0,48.33284734659305,3.3480179586729726,6.92700335791198,0.9975981077889273,0.997030466968581,0.03326213959590271,0.06975037413902026,0.608850359916687
DINOv2,teacher_training_378562.pth,blocks.0.attn.proj.weight,589824,100.0,9.637798227537138,6.544874232345566,67.9083964804901,0.7490987940475685,0.8984441471679964,0.006481234542713623,0.008521971656699956,0.11751589551568031
DINOv2,teacher_training_378562.pth,blocks.0.attn.proj.bias,768,100.0,4.036111777013951,0.146923699708005,3.6402287108288176,0.9995781939583196,0.9776307033571088,0.0032255111822365734,0.005301652348547027,0.05693626403808594
DINOv2,teacher_training_378562.pth,blocks.0.ls1.gamma,768,100.0,5.018033076083127,0.5481467925705905,10.923538849976085,0.9957151526239013,0.9375684823363217,0.010170127756647199,0.01977954364037877,0.2193235158920288
DINOv2,teacher_training_378562.pth,blocks.0.norm2.weight,768,100.0,47.23673498037133,1.608171984566542,3.4044943733617474,0.9994432756642544,1.006219665877342,0.046046966008650735,0.05802990801204423,0.25710248947143555
DINOv2,teacher_training_378562.pth,blocks.0.norm2.bias,768,100.0,10.021818114746859,0.6600463604838445,6.586093989399014,0.9985135021990564,0.9615421960611262,0.016654358765293864,0.02381737149393627,0.11554288864135742
DINOv2,teacher_training_378562.pth,blocks.0.mlp.fc1.weight,2359296,100.0,26.18232121206333,14.540396379831616,55.5351691779422,0.832211128416642,0.8636891179135361,0.007271793648853303,0.009466403893119542,0.1558508574962616
DINOv2,teacher_training_378562.pth,blocks.0.mlp.fc1.bias,3072,100.0,60.787323274015456,1.2970815768288622,2.1338027519025844,0.999868000863599,1.0137002302346123,0.016742959380920297,0.023402199923220245,0.10221946239471436
DINOv2,teacher_training_378562.pth,blocks.0.mlp.fc2.weight,2359296,100.0,22.174721612627266,13.247030704103969,59.73933263072184,0.8039741219670464,0.8610107339727202,0.006710470242824623,0.008624368947984355,0.1827293485403061
DINOv2,teacher_training_378562.pth,blocks.0.mlp.fc2.bias,768,100.0,5.209158688072367,0.13058260284111564,2.506788728477714,0.9997225105297484,0.9911494694809074,0.0033665065826653517,0.004711993806362507,0.035790085792541504
DINOv2,teacher_training_378562.pth,blocks.0.ls2.gamma,768,100.0,4.073168159907173,0.9218873125842337,22.63317585702731,0.9747030091861286,0.939037605024578,0.0274308078343779,0.033265743005187996,0.1269855499267578
DINOv2,teacher_training_378562.pth,blocks.1.norm1.weight,768,100.0,38.79766955807839,1.8998167681855378,4.896729081476392,0.9990692336565632,0.9758931854850095,0.061606990577009434,0.06855373265768032,0.2275383472442627
DINOv2,teacher_training_378562.pth,blocks.1.norm1.bias,768,100.0,8.366019162267852,0.7553993710094374,9.029376533302901,0.9963536386191253,1.0259093021641474,0.02089786834271834,0.027258126887373297,0.12171733379364014
DINOv2,teacher_training_378562.pth,blocks.1.attn.qkv.weight,1769472,100.0,25.202025915254058,14.65924227659041,58.16692009556896,0.8173694237395787,0.737170706762301,0.008465545170303049,0.011020205044928927,0.14001184701919556
DINOv2,teacher_training_378562.pth,blocks.1.attn.qkv.bias,2304,100.0,60.11453142889135,2.959689448772471,4.9234176469851505,0.9988326071358207,1.0083500232980456,0.029983497576796796,0.06166019684942649,0.4362984895706177
DINOv2,teacher_training_378562.pth,blocks.1.attn.proj.weight,589824,100.0,11.201787962731284,6.5644419267342835,58.601733478391104,0.8104751113797265,0.8273932328244569,0.006661199414596517,0.008547450425435265,0.11243361979722977
DINOv2,teacher_training_378562.pth,blocks.1.attn.proj.bias,768,100.0,3.316409445827137,0.31065920604039027,9.367335701907264,0.9966930075406647,0.9500920515882563,0.008649830026863961,0.01120994851460342,0.053608238697052
DINOv2,teacher_training_378562.pth,blocks.1.ls1.gamma,768,100.0,5.428907611101864,0.9387763867844726,17.29217835397896,0.9926753692901905,0.8689566075036356,0.029464785984240887,0.03387517497617997,0.16168558597564697
DINOv2,teacher_training_378562.pth,blocks.1.norm2.weight,768,100.0,38.347120640275406,1.9528697927255614,5.092611283764788,0.998753296884798,1.0088338230122325,0.05472245235432638,0.07046811878264947,0.28914427757263184
DINOv2,teacher_training_378562.pth,blocks.1.norm2.bias,768,100.0,9.459635270883824,1.2876709324860118,13.612268291668537,0.9910227028875142,0.965422264553164,0.03662942095629281,0.04646482246865346,0.19414430856704712
DINOv2,teacher_training_378562.pth,blocks.1.mlp.fc1.weight,2359296,100.0,23.517339340457205,16.950205171135185,72.07535225711317,0.7314243778696813,0.9648065983594717,0.008572939958621323,0.011035289824957802,0.17163451574742794
DINOv2,teacher_training_378562.pth,blocks.1.mlp.fc1.bias,3072,100.0,56.351156637961466,1.6865627318720142,2.992951400638769,0.9997134743399662,1.0176802933557185,0.019485494898996574,0.030429295226609313,0.1289074420928955
DINOv2,teacher_training_378562.pth,blocks.1.mlp.fc2.weight,2359296,100.0,20.764363312176826,14.19523132743611,68.36343168351141,0.7446049264891109,0.8922273357177493,0.0072402161128655145,0.009241687062132884,0.1634603589773178
DINOv2,teacher_training_378562.pth,blocks.1.mlp.fc2.bias,768,100.0,7.7691525357098135,0.14711162439467604,1.8935350248112417,0.9999122765865694,0.9863805229103141,0.004156193194243467,0.005308433496574332,0.02330195903778076
DINOv2,teacher_training_378562.pth,blocks.1.ls2.gamma,768,100.0,5.438592360778933,1.3433596773040801,24.70050314842276,0.9720099505067288,0.8957549214095092,0.04238704953297656,0.048474316956874965,0.11428394913673401
DINOv2,teacher_training_378562.pth,blocks.2.norm1.weight,768,100.0,41.512658860000116,2.159340413454941,5.201643240287825,0.9990888425020401,0.9693529306782998,0.06659520630879949,0.0779184855612655,0.24496173858642578
DINOv2,teacher_training_378562.pth,blocks.2.norm1.bias,768,100.0,6.942657453950505,0.7675755765682846,11.055933288650435,0.9944665159120237,1.0289196341817464,0.021552537272801448,0.027697497859692582,0.11510074138641357
DINOv2,teacher_training_378562.pth,blocks.2.attn.qkv.weight,1769472,100.0,22.539122725940807,15.041919196273156,66.73693283971987,0.7461283707381416,0.7918379551344354,0.008814393673341104,0.01130788554309493,0.1108100526034832
DINOv2,teacher_training_378562.pth,blocks.2.attn.qkv.bias,2304,100.0,26.4411171959957,4.508998528307587,17.05298038235101,0.9868311298828244,1.0408319900416878,0.04614243869794166,0.0939374693397414,0.7220466136932373
DINOv2,teacher_training_378562.pth,blocks.2.attn.proj.weight,589824,100.0,10.875104073629423,6.91648101223784,63.59921675608899,0.7771408416899379,0.8689772452635975,0.007110677885063603,0.009005834651351354,0.061048250645399094
DINOv2,teacher_training_378562.pth,blocks.2.attn.proj.bias,768,100.0,2.377589781228016,0.30339161639410084,12.760469395919099,0.9919809477015458,0.974398043411421,0.008428797350996812,0.010947701962188113,0.06053563952445984
DINOv2,teacher_training_378562.pth,blocks.2.ls1.gamma,768,100.0,4.795744012097434,0.7734217140173877,16.127251831340537,0.9922778985474949,0.8892038809243341,0.02308962258299137,0.027908452174065033,0.12563872337341309
DINOv2,teacher_training_378562.pth,blocks.2.norm2.weight,768,100.0,55.35386395788772,1.7620546824808718,3.1832550728914124,0.9994935755440051,1.0003414196620413,0.04622643233152246,0.06358267157857325,0.3567773699760437
DINOv2,teacher_training_378562.pth,blocks.2.norm2.bias,768,100.0,7.425077845558647,0.8211430797012037,11.059050110732176,0.9947459054460756,0.9529167847656057,0.021524462986301767,0.029630448631793017,0.1262073516845703
DINOv2,teacher_training_378562.pth,blocks.2.mlp.fc1.weight,2359296,100.0,22.137814083400528,16.30429863834267,73.64909009046214,0.7238923851602898,0.9816500861283773,0.008285052160753354,0.010614777759337677,0.17852087318897247
DINOv2,teacher_training_378562.pth,blocks.2.mlp.fc1.bias,3072,100.0,44.16852928836087,1.099484398296512,2.489293657749759,0.9998476668980714,1.0175963370727013,0.016771002699821718,0.019837112916446405,0.12351584434509277
DINOv2,teacher_training_378562.pth,blocks.2.mlp.fc2.weight,2359296,100.0,19.61705004058221,15.317623890033927,78.08321770269245,0.683359278031051,0.9602686342321837,0.007841518267608535,0.009972411386740838,0.11762332916259766
DINOv2,teacher_training_378562.pth,blocks.2.mlp.fc2.bias,768,100.0,5.497456180370493,0.2448460633284577,4.453806547885146,0.9990642937596148,0.9884293352737475,0.006765742249683626,0.008835121285794077,0.04179584980010986
DINOv2,teacher_training_378562.pth,blocks.2.ls2.gamma,768,100.0,4.086069467269117,1.0351107085508084,25.33267524799607,0.9764902484982191,0.8434201581918059,0.03264762529798304,0.0373513403889296,0.09848904982209206
DINOv2,teacher_training_378562.pth,blocks.3.norm1.weight,768,100.0,42.12137174323095,2.4063921163912583,5.712995604845119,0.998493928392933,0.9825579026760337,0.0756064619248112,0.08683319601089289,0.34233522415161133
DINOv2,teacher_training_378562.pth,blocks.3.norm1.bias,768,100.0,9.266829391996778,0.8863103634793023,9.564332372890744,0.9954798887543921,0.9841726216942418,0.0238687579894948,0.031981970433770636,0.23625844717025757
DINOv2,teacher_training_378562.pth,blocks.3.attn.qkv.weight,1769472,100.0,25.253621118724112,17.23123056619656,68.2327119947982,0.732085904810484,0.7710739881013171,0.009937309296282988,0.012953718236799599,0.349165141582489
DINOv2,teacher_training_378562.pth,blocks.3.attn.qkv.bias,2304,100.0,367.7691632822363,6.6794312259986715,1.8162020889371546,0.9998487513795818,1.0050817847345948,0.07155560552940049,0.13915481720830566,0.859492152929306
DINOv2,teacher_training_378562.pth,blocks.3.attn.proj.weight,589824,100.0,10.954279753859367,8.686922999940819,79.30163548069217,0.6635269326834952,0.9264773641104567,0.008929930475280482,0.011311097656172941,0.06560427171643823
DINOv2,teacher_training_378562.pth,blocks.3.attn.proj.bias,768,100.0,3.1402233642892345,0.47217376805033456,15.036311538214656,0.9889178472714633,0.9650940121593378,0.01330021347626816,0.017038103255508787,0.08055023849010468
DINOv2,teacher_training_378562.pth,blocks.3.ls1.gamma,768,100.0,5.802884039200268,0.7178036958301748,12.369774942618013,0.9928327393869987,0.9609269152823974,0.021225428045482886,0.02590150981330373,0.11804850399494171
DINOv2,teacher_training_378562.pth,blocks.3.norm2.weight,768,100.0,40.65039412567809,1.8979565090051689,4.668974433894272,0.9989495105869148,1.0078969643181401,0.04364339300828816,0.06848660633652104,0.43620264530181885
DINOv2,teacher_training_378562.pth,blocks.3.norm2.bias,768,100.0,8.62920222569121,1.0735771359340984,12.441209602642072,0.9923636939385309,1.0086139457831436,0.03048276039665628,0.0387393780267112,0.1770169734954834
DINOv2,teacher_training_378562.pth,blocks.3.mlp.fc1.weight,2359296,100.0,22.35337710465601,19.762183687530655,88.4080449902774,0.6139602736698951,1.0121379470081975,0.010155716585884246,0.01286600500490277,0.17452829703688622
DINOv2,teacher_training_378562.pth,blocks.3.mlp.fc1.bias,3072,100.0,49.32827112527534,1.3373203516160372,2.711062684965675,0.9998244044131768,1.019415875729672,0.019937092032402386,0.02412819578119638,0.12472045421600342
DINOv2,teacher_training_378562.pth,blocks.3.mlp.fc2.weight,2359296,100.0,18.953442656467615,17.523115740578053,92.4534716894744,0.5861486786777901,1.031496538512508,0.009012910739993461,0.011408278476938835,0.1558724343776703
DINOv2,teacher_training_378562.pth,blocks.3.mlp.fc2.bias,768,100.0,3.6571810533667812,0.20112537606543474,5.499464563841591,0.9984870351910806,0.9976092575604099,0.005499837002908237,0.007257486875765216,0.04913979768753052
DINOv2,teacher_training_378562.pth,blocks.3.ls2.gamma,768,100.0,7.537362905851604,1.3159055652784686,17.458434491151674,0.9905016537670208,0.8829227543332274,0.04155958004647194,0.04748365202135316,0.22996123507618904
DINOv2,teacher_training_378562.pth,blocks.4.norm1.weight,768,100.0,41.17544513528507,2.2545259297220697,5.475413616816171,0.9987322137548307,0.9771903888751612,0.0699775314424187,0.08135319702625177,0.4003324508666992
DINOv2,teacher_training_378562.pth,blocks.4.norm1.bias,768,100.0,8.15870451595151,0.9883476418924962,12.11402668107573,0.9926360553847617,0.9914946996992183,0.026500166747325693,0.035663923568722784,0.2741432189941406
DINOv2,teacher_training_378562.pth,blocks.4.attn.qkv.weight,1769472,100.0,22.46564016682883,17.318819590153733,77.09025632719549,0.6590862183848366,0.8284538815442929,0.010264659442489986,0.013019564000549249,0.09892279841005802
DINOv2,teacher_training_378562.pth,blocks.4.attn.qkv.bias,2304,100.0,30.83349817092015,6.536288000751445,21.198658564521825,0.9785623257275711,1.0287871983194519,0.06151775148189861,0.13617266668232178,1.6633927822113037
DINOv2,teacher_training_378562.pth,blocks.4.attn.proj.weight,589824,100.0,10.800601822727504,8.853658739383853,81.9737537287345,0.6482635209908073,0.9519331155921109,0.009147999733828396,0.011528201483572724,0.07691258192062378
DINOv2,teacher_training_378562.pth,blocks.4.attn.proj.bias,768,100.0,2.602822788007507,0.5868689866838853,22.547404663424693,0.9743034229306784,0.9640220981104627,0.016310302287596556,0.021176810465061504,0.14465110003948212
DINOv2,teacher_training_378562.pth,blocks.4.ls1.gamma,768,100.0,7.175079608356023,0.8919971897138236,12.431878646684462,0.9935837993463983,0.9419705549975602,0.026153344257484907,0.03218717609985411,0.13767343759536743
DINOv2,teacher_training_378562.pth,blocks.4.norm2.weight,768,100.0,39.38113202907368,1.5231944204786405,3.867827921640547,0.999358970004389,1.0140000154375264,0.03729742476328587,0.054963544293217446,0.40970754623413086
DINOv2,teacher_training_378562.pth,blocks.4.norm2.bias,768,100.0,8.35588052932885,1.643748131896367,19.671752439816103,0.9814539097395614,1.0256077470406637,0.04705265725132849,0.0593136516518945,0.3083162307739258
DINOv2,teacher_training_378562.pth,blocks.4.mlp.fc1.weight,2359296,99.99995761447482,22.59524870037032,21.530956418975666,95.28975186107506,0.5604217101474037,1.0316819081050355,0.011110644772593591,0.014017549751937282,0.1900201216340065
DINOv2,teacher_training_378562.pth,blocks.4.mlp.fc1.bias,3072,100.0,49.03010157067791,1.4333576741687553,2.923423831995413,0.9998151365063396,1.02183666863602,0.022990639765535874,0.025860919969573338,0.11732935905456543
DINOv2,teacher_training_378562.pth,blocks.4.mlp.fc2.weight,2359296,100.0,18.810709488169653,19.788257645251246,105.19676388440527,0.5168421185371386,1.1282026411987585,0.010211969725578572,0.01288298023779378,0.14789080619812012
DINOv2,teacher_training_378562.pth,blocks.4.mlp.fc2.bias,768,100.0,3.3051139036662667,0.22946353603745798,6.942681635961797,0.9975995178450094,0.9926114486366965,0.005885525587904302,0.00828005214377686,0.07509945333003998
DINOv2,teacher_training_378562.pth,blocks.4.ls2.gamma,768,100.0,9.389621221209184,0.830501118330289,8.844884141379007,0.9960889277542491,1.0001323844501606,0.021261920418813435,0.02996812776439235,0.20441579818725586
DINOv2,teacher_training_378562.pth,blocks.5.norm1.weight,768,100.0,38.601325643271885,2.606367281381597,6.752014957900494,0.9982243547396463,0.9664307548403878,0.08014788986959805,0.09404917821954362,0.47841548919677734
DINOv2,teacher_training_378562.pth,blocks.5.norm1.bias,768,100.0,8.08936185860344,0.873287186037842,10.79550156492329,0.994155897277125,0.9946391101822891,0.023564656034267273,0.03151203699617493,0.2162838578224182
DINOv2,teacher_training_378562.pth,blocks.5.attn.qkv.weight,1769472,100.0,22.47317995088187,18.58638014044004,82.70471816210724,0.6113895049559587,0.8518144774476929,0.011036172480150496,0.013972462991333036,0.1525026075541973
DINOv2,teacher_training_378562.pth,blocks.5.attn.qkv.bias,2304,100.0,23.02192645993379,6.833138134624505,29.681000617027237,0.9608276908177245,1.0670634249419721,0.06751882868108242,0.14235704447134387,1.5782138407230377
DINOv2,teacher_training_378562.pth,blocks.5.attn.proj.weight,589824,100.0,10.929121069760077,9.535200502769687,87.24581274108814,0.6019663313739008,0.9534583628526452,0.009869080772653971,0.01241562565464803,0.09385458007454872
DINOv2,teacher_training_378562.pth,blocks.5.attn.proj.bias,768,100.0,3.0739705507294617,0.6514398930338003,21.19213187905173,0.9776882235276277,0.9496720178151994,0.01571662771955573,0.023506812350245352,0.2695459872484207
DINOv2,teacher_training_378562.pth,blocks.5.ls1.gamma,768,100.0,13.290479338834558,1.2672088806410384,9.53471164082303,0.9978488783481401,0.9286140848696738,0.03983274902566336,0.04572646177234924,0.1935896873474121
DINOv2,teacher_training_378562.pth,blocks.5.norm2.weight,768,100.0,37.0830583509939,1.286706071102319,3.4697949099115575,0.9995630807341612,1.017737239269069,0.033078179035025336,0.046430006032428105,0.3240147829055786
DINOv2,teacher_training_378562.pth,blocks.5.norm2.bias,768,100.0,10.654814642524723,1.141101056737085,10.70972227130827,0.9942940735358008,1.0038082619548083,0.030841806738825046,0.04117593764248265,0.37205982208251953
DINOv2,teacher_training_378562.pth,blocks.5.mlp.fc1.weight,2359296,100.0,23.47359137184589,23.745878284558042,101.15997125620382,0.5037041008613405,1.0300612036728534,0.01227237466448974,0.015459556174842475,0.1471691131591797
DINOv2,teacher_training_378562.pth,blocks.5.mlp.fc1.bias,3072,100.0,56.04337200621755,1.4389612439353883,2.567585054974471,0.9998431428323695,1.0184323754782592,0.021320084379112814,0.025962020673110472,0.12738573551177979
DINOv2,teacher_training_378562.pth,blocks.5.mlp.fc2.weight,2359296,100.0,18.784356055525326,22.418605311031857,119.34721235459939,0.4316949501544258,1.2131911047644257,0.011589136585141527,0.014595446166036367,0.13877723552286625
DINOv2,teacher_training_378562.pth,blocks.5.mlp.fc2.bias,768,100.0,4.092506932079615,0.23226915969945508,5.675473824583777,0.9984260631625814,1.0071268628778107,0.005899799329128541,0.008381291367308035,0.0726785659790039
DINOv2,teacher_training_378562.pth,blocks.5.ls2.gamma,768,100.0,14.976745711406986,0.9945994337290454,6.6409582755452155,0.9983975823459874,1.0331533749001196,0.027181608638784382,0.03588951567495711,0.16966983675956726
DINOv2,teacher_training_378562.pth,blocks.6.norm1.weight,768,100.0,39.911317166138176,2.255582574862096,5.651486182409917,0.9989340885210011,0.9663266842041912,0.07375277406147991,0.08139132542350377,0.35559749603271484
DINOv2,teacher_training_378562.pth,blocks.6.norm1.bias,768,100.0,7.4607320511878,1.0415954605231157,13.961035638014724,0.990208133810474,0.9919969526981947,0.027816397489829114,0.03758533871998206,0.2644541263580322
DINOv2,teacher_training_378562.pth,blocks.6.attn.qkv.weight,1769472,100.0,22.852059474016322,20.493462424197173,89.67884250213437,0.5439343662134405,0.8603108413190961,0.012194400687009145,0.015406127665674113,0.12257954105734825
DINOv2,teacher_training_378562.pth,blocks.6.attn.qkv.bias,2304,100.0,23.086836909149298,12.6796066670198,54.92136803719041,0.9063744706207868,1.2573023089305504,0.12062703988711752,0.2641584722295792,2.1165571212768555
DINOv2,teacher_training_378562.pth,blocks.6.attn.proj.weight,589824,100.0,10.871949218015533,10.357016256855946,95.26365557055482,0.5321202142333046,0.9687760623130341,0.010728406342217816,0.013485698251114512,0.07670298404991627
DINOv2,teacher_training_378562.pth,blocks.6.attn.proj.bias,768,100.0,3.469754888733298,0.7089582432172497,20.432516588399956,0.9798839499113157,0.9360509862044704,0.016426204579062187,0.025582327035355203,0.30659711360931396
DINOv2,teacher_training_378562.pth,blocks.6.ls1.gamma,768,100.0,16.93970748055125,1.9253613588827274,11.365965800137138,0.9972266120164528,0.9113229824609955,0.0632751407787661,0.06947549367739039,0.209458589553833
DINOv2,teacher_training_378562.pth,blocks.6.norm2.weight,768,100.0,41.800929124825714,1.0272989860728825,2.4575984495587835,0.9996982563445761,1.0004616384986251,0.028083498783720035,0.03706945913421302,0.2143080234527588
DINOv2,teacher_training_378562.pth,blocks.6.norm2.bias,768,100.0,11.15195798445328,1.0087399348862123,9.045406522267001,0.9960663481761565,1.0142352194754658,0.02502912533611834,0.03639976705930502,0.47330689430236816
DINOv2,teacher_training_378562.pth,blocks.6.mlp.fc1.weight,2359296,100.0,23.98369713301608,25.455093416978638,106.13498526020422,0.4514706819455285,1.026178682824877,0.01315308291954514,0.016572326443345466,0.13377313688397408
DINOv2,teacher_training_378562.pth,blocks.6.mlp.fc1.bias,3072,100.0,61.529993763813025,1.569295515853534,2.5504561594421404,0.9998512179705044,1.0186379350659587,0.02344217367742078,0.028313537141128452,0.12902745604515076
DINOv2,teacher_training_378562.pth,blocks.6.mlp.fc2.weight,2359296,100.0,18.97286566462227,24.33290375898437,128.2510728168844,0.3691771613603419,1.2529902322855568,0.012562425654173766,0.015841734218088783,0.16148101538419724
DINOv2,teacher_training_378562.pth,blocks.6.mlp.fc2.bias,768,100.0,4.224703045966168,0.24025577649747445,5.686926959916758,0.9985119631100366,1.0146443621443386,0.006304650318848341,0.008669483577198715,0.07059359550476074
DINOv2,teacher_training_378562.pth,blocks.6.ls2.gamma,768,100.0,24.232440765620414,1.0436833059775223,4.306967325628379,0.9990976970927707,1.006253470320107,0.027439460934450228,0.03766067735342757,0.29797685146331787
DINOv2,teacher_training_378562.pth,blocks.7.norm1.weight,768,100.0,40.28487477249007,2.2848801149245985,5.671806423201067,0.9989035569270297,0.9668839558723896,0.0735623558672766,0.08244850933860876,0.34029626846313477
DINOv2,teacher_training_378562.pth,blocks.7.norm1.bias,768,100.0,7.509673698449447,1.0561375680067273,14.063694514780215,0.9901167721230862,0.9796299813868692,0.029040865619422835,0.03811008182437254,0.20314449071884155
DINOv2,teacher_training_378562.pth,blocks.7.attn.qkv.weight,1769472,100.0,23.235049973086348,22.148502736500816,95.32367161747403,0.48939822703219055,0.8743279111120935,0.013181878043064999,0.01665031773055457,0.14584694057703018
DINOv2,teacher_training_378562.pth,blocks.7.attn.qkv.bias,2304,100.0,27.66602660389652,16.728978186325055,60.46758512105575,0.8571404694628106,1.1738780097515165,0.15627448091260257,0.34852037888177195,3.673103451728821
DINOv2,teacher_training_378562.pth,blocks.7.attn.proj.weight,589824,100.0,11.025455603305716,11.063107830040714,100.34150268333318,0.4907179364989627,0.9883581773122797,0.011445059884072191,0.014405088320365512,0.1216678824275732
DINOv2,teacher_training_378562.pth,blocks.7.attn.proj.bias,768,100.0,3.74701657581455,0.7845537155902965,20.938090337103603,0.9781094022329384,0.9549066990941315,0.016343565316371194,0.028310143680611178,0.39371347427368164
DINOv2,teacher_training_378562.pth,blocks.7.ls1.gamma,768,100.0,23.574926936350824,2.067644970034402,8.77052546384033,0.9978172885185628,0.9400976821640109,0.06781761290039867,0.0746097112523711,0.2877267599105835
DINOv2,teacher_training_378562.pth,blocks.7.norm2.weight,768,100.0,40.88811803965456,1.1893396960915994,2.9087660501716934,0.9995915319190033,0.9941764901238813,0.03332064351222167,0.04291659960602454,0.23008155822753906
DINOv2,teacher_training_378562.pth,blocks.7.norm2.bias,768,100.0,10.020267222983408,0.9264622008029498,9.245883170440113,0.9960424198861018,1.0215206021741725,0.02435843333188359,0.03343082506422476,0.3397212028503418
DINOv2,teacher_training_378562.pth,blocks.7.mlp.fc1.weight,2359296,100.0,23.566735798724636,26.63552233612653,113.02168685392556,0.4006772733399581,1.0624419197980657,0.013799710970308647,0.017340834854249042,0.15666452050209045
DINOv2,teacher_training_378562.pth,blocks.7.mlp.fc1.bias,3072,100.0,62.84494937106504,1.5466964945242105,2.4611309421093077,0.9998476993156404,1.0172010384237151,0.023943986935705652,0.027905801170881355,0.1530768722295761
DINOv2,teacher_training_378562.pth,blocks.7.mlp.fc2.weight,2359296,100.0,18.70068740966063,25.584915838771636,136.812702540307,0.3181242527832818,1.3045190002587401,0.013205690809184573,0.016656846249200285,0.1893426924943924
DINOv2,teacher_training_378562.pth,blocks.7.mlp.fc2.bias,768,100.0,4.364087344982418,0.4797534503458254,10.993213756306204,0.9953306511085254,1.047944146575991,0.011789444219620767,0.017311611481363377,0.21556758880615234
DINOv2,teacher_training_378562.pth,blocks.7.ls2.gamma,768,100.0,33.9413246592898,1.6811011561164824,4.952962717253176,0.998869215908332,0.9849805710077055,0.04611827677581459,0.06066151281367763,0.4842243194580078
DINOv2,teacher_training_378562.pth,blocks.8.norm1.weight,768,100.0,39.201941274760266,2.777995106098572,7.086371275922382,0.9990196876892925,0.9436843266908028,0.09195758305334796,0.10024226389459209,0.20951378345489502
DINOv2,teacher_training_378562.pth,blocks.8.norm1.bias,768,100.0,8.345434505045242,0.9223636007980562,11.052313696074664,0.9938781585085784,0.9969043382861643,0.02559856286504214,0.033282929575716894,0.16448038816452026
DINOv2,teacher_training_378562.pth,blocks.8.attn.qkv.weight,1769472,100.0,23.350075559150355,23.647908405350023,101.27551127380808,0.42484529658394066,0.8789008486991183,0.0141014925984445,0.017777508181771418,0.1022561676800251
DINOv2,teacher_training_378562.pth,blocks.8.attn.qkv.bias,2304,100.0,27.08099182972632,13.378076411329424,49.40024536562413,0.907306567217825,1.1666203368772476,0.1325818050619293,0.27870992523602967,3.0540730953216553
DINOv2,teacher_training_378562.pth,blocks.8.attn.proj.weight,589824,100.0,11.138283065733086,11.936865929792333,107.16971241749175,0.4143985601473173,0.9803145367878063,0.012303753994114677,0.0155427941794171,0.16945482790470123
DINOv2,teacher_training_378562.pth,blocks.8.attn.proj.bias,768,100.0,5.469300548316848,0.7859780523106996,14.370723374355073,0.9896650273121962,0.9990796603413422,0.016183389881364956,0.02836154000492001,0.3969600200653076
DINOv2,teacher_training_378562.pth,blocks.8.ls1.gamma,768,100.0,34.471719255430415,3.445745852422683,9.995863063545537,0.997661017895975,0.9247279357744281,0.11671370555025835,0.12433764346595454,0.37999194860458374
DINOv2,teacher_training_378562.pth,blocks.8.norm2.weight,768,100.0,42.750829253269096,1.6379484146575587,3.8313839597212187,0.9993368832603226,0.9874139411260912,0.04895690659759566,0.05910437238257889,0.21605563163757324
DINOv2,teacher_training_378562.pth,blocks.8.norm2.bias,768,100.0,12.497116801738478,0.9892001907212894,7.915427265460792,0.9969848319345511,0.9813594043549596,0.028547248886525267,0.03569468727471035,0.17059564590454102
DINOv2,teacher_training_378562.pth,blocks.8.mlp.fc1.weight,2359296,100.0,24.9195548303006,28.548043482995585,114.56080847914254,0.36010018944707656,1.0249987007849335,0.014651864159376594,0.018585965809241916,0.3125363737344742
DINOv2,teacher_training_378562.pth,blocks.8.mlp.fc1.bias,3072,100.0,68.83907975922858,1.478093150447736,2.147171571173687,0.9998582342055907,1.0131820131112783,0.022519731614011107,0.0266680461968232,0.10480692982673645
DINOv2,teacher_training_378562.pth,blocks.8.mlp.fc2.weight,2359296,100.0,19.352911409040235,26.874412310886115,138.86495805655574,0.27366668103798375,1.275285925020069,0.013876547056353735,0.01749636218156648,0.13822643272578716
DINOv2,teacher_training_378562.pth,blocks.8.mlp.fc2.bias,768,100.0,3.5187743251541557,0.5779143492796014,16.423740083254224,0.9891349483162931,1.0623597379227168,0.014483228275783707,0.020853687820320328,0.2712305784225464
DINOv2,teacher_training_378562.pth,blocks.8.ls2.gamma,768,100.0,59.17701855059605,2.4705149365222674,4.174787775781555,0.9994012986945455,0.9760380555629485,0.07913972965131204,0.08914702897738264,0.37317848205566406
DINOv2,teacher_training_378562.pth,blocks.9.norm1.weight,768,100.0,40.41384764249982,3.3680875513815147,8.333993786425776,0.9990063112570307,0.9285850419231321,0.11375049169873819,0.12153539090277156,0.2412053942680359
DINOv2,teacher_training_378562.pth,blocks.9.norm1.bias,768,100.0,8.876970111861121,0.9594822325378978,10.808668052806313,0.9941442074180771,0.9918127592645936,0.027572134014159626,0.034622332827401146,0.13198935985565186
DINOv2,teacher_training_378562.pth,blocks.9.attn.qkv.weight,1769472,100.0,23.25547144512755,24.94314638868604,107.25710913898538,0.3562509556556511,0.8828660802872813,0.014904422186807362,0.018751213908781414,0.11142842378467321
DINOv2,teacher_training_378562.pth,blocks.9.attn.qkv.bias,2304,100.0,40.30550399308363,11.714700551684277,29.0647663249528,0.9656228491702414,1.0956365061146784,0.12313808356891719,0.24405626149342247,2.0569040775299072
DINOv2,teacher_training_378562.pth,blocks.9.attn.proj.weight,589824,100.0,11.618794676248013,12.798714267573997,110.15526673982853,0.3486481824491113,0.9274174233192068,0.013236220850986774,0.01666499253590364,0.09517522528767586
DINOv2,teacher_training_378562.pth,blocks.9.attn.proj.bias,768,100.0,4.32399183601117,0.8966121139499846,20.73574946378942,0.978296634927294,0.9861347783663518,0.02151701970147239,0.03235370283423144,0.4144554138183594
DINOv2,teacher_training_378562.pth,blocks.9.ls1.gamma,768,100.0,53.2807617406515,4.897697004907412,9.19224283756932,0.9983059723100712,0.9271403402364254,0.16539520402632965,0.1767304177620324,0.35015368461608887
DINOv2,teacher_training_378562.pth,blocks.9.norm2.weight,768,100.0,44.523173429181476,2.0551397903482864,4.615887934442027,0.9991355519972828,0.9790733136563698,0.06251676549436525,0.0741584694487434,0.29223203659057617
DINOv2,teacher_training_378562.pth,blocks.9.norm2.bias,768,100.0,14.154642486380537,1.257988710329762,8.887463682252566,0.9964390397201786,0.9683416920018053,0.03600587167056801,0.04539375753414989,0.17427176237106323
DINOv2,teacher_training_378562.pth,blocks.9.mlp.fc1.weight,2359296,100.0,24.23669600385821,30.12137150188211,124.28002355224956,0.28852347361642006,1.0808606620926742,0.015621443671093058,0.019610267904871165,0.20621442049741745
DINOv2,teacher_training_378562.pth,blocks.9.mlp.fc1.bias,3072,100.0,72.9387786124616,1.6194804668423792,2.220328469505919,0.9998674307435276,1.0149626257708273,0.024008564175574065,0.02921898385871214,0.12841133773326874
DINOv2,teacher_training_378562.pth,blocks.9.mlp.fc2.weight,2359296,100.0,20.28151001078526,27.564378957781166,135.90890886883196,0.2381397336895264,1.1888414133732037,0.01419634798471149,0.017945559217305448,0.22915060352534056
DINOv2,teacher_training_378562.pth,blocks.9.mlp.fc2.bias,768,100.0,5.234990637562478,0.6620644562680785,12.646908124679085,0.993918314497731,1.0561119187140682,0.01572047562122947,0.023890193252953645,0.3839583396911621
DINOv2,teacher_training_378562.pth,blocks.9.ls2.gamma,768,100.0,105.41501668421355,4.546761373771414,4.313200829244203,0.9996154567439801,0.9665786363640576,0.15225617001609257,0.1640671189429949,0.42516183853149414
DINOv2,teacher_training_378562.pth,blocks.10.norm1.weight,768,100.0,42.78843343660085,4.764254238868494,11.134444185547569,0.9981124181604274,0.9052362424307869,0.1628245658163602,0.17191521670615878,0.3207203149795532
DINOv2,teacher_training_378562.pth,blocks.10.norm1.bias,768,100.0,10.389416124251493,1.2096570518722396,11.643166828678638,0.9932072017598869,0.9890987947999075,0.03492559592609368,0.04364973903284791,0.1393183171749115
DINOv2,teacher_training_378562.pth,blocks.10.attn.qkv.weight,1769472,100.0,23.390959149096677,26.210174962675527,112.05258747881541,0.29458970158638503,0.8797062099422106,0.015663600587874082,0.019703712982041544,0.11856932379305363
DINOv2,teacher_training_378562.pth,blocks.10.attn.qkv.bias,2304,100.0,40.10975160020108,14.33971045506159,35.751182400714995,0.9561157367498723,1.1609864432104853,0.15116702197321924,0.29874396781378315,1.674820899963379
DINOv2,teacher_training_378562.pth,blocks.10.attn.proj.weight,589824,100.0,12.145571620879686,13.50275693343541,111.17432225439731,0.2939525090357405,0.8617386223221306,0.013933595807878445,0.017581714757077357,0.18677975609898567
DINOv2,teacher_training_378562.pth,blocks.10.attn.proj.bias,768,100.0,4.9968878315259415,0.9914912326520808,19.842175091396854,0.9801364321537499,0.9863506795616689,0.02238127529775132,0.03577735812942704,0.5586848258972168
DINOv2,teacher_training_378562.pth,blocks.10.ls1.gamma,768,100.0,91.14733545883324,6.908166907495742,7.579121071088052,0.9992404850509654,0.9342339116455828,0.23546052859940877,0.2492770014780957,0.41733860969543457
DINOv2,teacher_training_378562.pth,blocks.10.norm2.weight,768,100.0,55.94454592716659,3.595686101106627,6.42723261314481,0.9990199479566664,0.9524174982175405,0.11875836558950444,0.1297481461497067,0.3362237215042114
DINOv2,teacher_training_378562.pth,blocks.10.norm2.bias,768,100.0,18.854369934643387,2.1118195427539668,11.200690079140053,0.9937434702967334,0.985279985063734,0.060072361529061404,0.0762037238430572,0.33405303955078125
DINOv2,teacher_training_378562.pth,blocks.10.mlp.fc1.weight,2359296,100.0,24.613445204571228,31.399203271513663,127.56931429364539,0.24432737107994892,1.073235604356665,0.016279432645212494,0.020442189629891708,0.13307554088532925
DINOv2,teacher_training_378562.pth,blocks.10.mlp.fc1.bias,3072,100.0,80.77510083288614,1.7019259172286823,2.1069932438088315,0.9999013907910198,1.0156091391580404,0.02633988779405172,0.030706480826649386,0.09363800287246704
DINOv2,teacher_training_378562.pth,blocks.10.mlp.fc2.weight,2359296,100.0,21.84386458769148,29.02958597244728,132.89583377478357,0.20535972340979997,1.1044163842874328,0.01486353257428319,0.018899470034145365,0.35947773954831064
DINOv2,teacher_training_378562.pth,blocks.10.mlp.fc2.bias,768,100.0,5.973181459431551,0.8784761673539856,14.707006196285679,0.9902351048629378,1.0370877038161666,0.023639689312593266,0.03169927823115589,0.351473331451416
DINOv2,teacher_training_378562.pth,blocks.10.ls2.gamma,768,100.0,203.83177824884157,6.312890169967199,3.097107930962711,0.9998443421970918,0.9743901406354896,0.21009539684746414,0.22779680243719402,0.5523624420166016
DINOv2,teacher_training_378562.pth,blocks.11.norm1.weight,768,100.0,46.53881406246407,8.374998748723238,17.995728764128742,0.99367650960781,0.8530435436234107,0.2908710430492647,0.30220673637738377,0.46525096893310547
DINOv2,teacher_training_378562.pth,blocks.11.norm1.bias,768,100.0,10.936042569305775,1.7391885170249743,15.903271279378156,0.9874636816538205,0.9680748620954511,0.04907723757774344,0.06275755990474219,0.34642617404460907
DINOv2,teacher_training_378562.pth,blocks.11.attn.qkv.weight,1769472,100.0,23.601424677711538,27.502141720680005,116.52746432147455,0.2377623669349607,0.8814982889167678,0.016399302472558542,0.020674959538705517,0.16534626483917236
DINOv2,teacher_training_378562.pth,blocks.11.attn.qkv.bias,2304,100.0,41.99259930778119,51.450464340814214,122.52269492467566,0.7707317550732976,1.8172538596840315,0.4368947942023864,1.0718846737669627,7.811446845531464
DINOv2,teacher_training_378562.pth,blocks.11.attn.proj.weight,589824,100.0,13.0485811412222,14.162668654734784,108.5379973612076,0.26027498999705123,0.7560498961148537,0.014532528452186567,0.018440974810852582,0.2753615602850914
DINOv2,teacher_training_378562.pth,blocks.11.attn.proj.bias,768,100.0,9.586628110516992,1.5239098191111364,15.896202518165214,0.9873013755386854,0.9815627702697439,0.04139464884735844,0.054989359017783034,0.3382021375000477
DINOv2,teacher_training_378562.pth,blocks.11.ls1.gamma,768,100.0,225.9729547163381,10.198193015997019,4.51301485560461,0.999923136875011,0.9565294741274076,0.34576022264081985,0.3679955926896025,0.6243410110473633
DINOv2,teacher_training_378562.pth,blocks.11.norm2.weight,768,100.0,50.90290669241975,4.946364849826834,9.717254222269053,0.9975283994776771,0.9304060430938538,0.16487198743561748,0.1784865673473516,0.3855040483176708
DINOv2,teacher_training_378562.pth,blocks.11.norm2.bias,768,100.0,14.891709043202836,4.003254113490875,26.882435735729864,0.9678340915101049,1.0625408167082382,0.11861672617339518,0.14445499000365208,0.42003050446510315
DINOv2,teacher_training_378562.pth,blocks.11.mlp.fc1.weight,2359296,100.0,24.568130630630375,33.66979168600742,137.04661617204823,0.18410342969614002,1.1391278132836757,0.01738390758412963,0.02192043729557775,0.6764327138662338
DINOv2,teacher_training_378562.pth,blocks.11.mlp.fc1.bias,3072,100.0,78.92760182031871,3.559823106438622,4.510238527888731,0.9997580280228694,1.0391323820368983,0.0586342898895964,0.06422702589905588,0.15056204795837402
DINOv2,teacher_training_378562.pth,blocks.11.mlp.fc2.weight,2359296,100.0,22.618423878256454,30.321566699256078,134.0569389912478,0.19453177103711008,1.1082980973553587,0.015481303435916076,0.019740603319828177,0.2811962440609932
DINOv2,teacher_training_378562.pth,blocks.11.mlp.fc2.bias,768,100.0,6.431997624593203,1.1194511109393424,17.40440802806022,0.9847383369140255,0.983771864503023,0.029785999518158707,0.04039471251534093,0.3737250566482544
DINOv2,teacher_training_378562.pth,blocks.11.ls2.gamma,768,100.0,255.31387511533867,6.252501998779132,2.448947201147822,0.9998981461143853,0.9799974716940165,0.2040613100010281,0.22561773200648783,0.5931644439697266
DINOv2,teacher_training_378562.pth,norm.weight,768,100.0,66.10938870630643,9.33646696760091,14.122754952520486,0.9902975548048052,0.9651089105921836,0.3003290834838405,0.3369007323140271,1.2300522327423096
DINOv2,teacher_training_378562.pth,norm.bias,768,100.0,12.561260432703119,2.3599699538860435,18.787684297523874,0.9827281244093408,0.950289341580091,0.06623816899762858,0.085158080509721,0.4006814543681685
RAD-DINO,spine_rad_dino_vitb14_teacher_20000.pth,cls_token,768,100.0,1.4511170236042474,0.036486258679878876,2.5143567394210042,0.9998017187552967,0.9844499824576529,0.0010068669813894833,0.0013165844544093994,0.007241785526275635
RAD-DINO,spine_rad_dino_vitb14_teacher_20000.pth,pos_embed,1052160,100.0,32.168337485446706,1.3959352133629632,4.3394695606961315,0.9991277724449814,0.9873207712299555,0.00108211325186329,0.0013608942187873548,0.009556770324707031
RAD-DINO,spine_rad_dino_vitb14_teacher_20000.pth,mask_token,768,100.0,2.590206780176692,0.038580556148248124,1.489477845688302,0.9999668690108637,0.9874931548619185,0.0008877180211518029,0.0013921559048547829,0.010053753852844238
RAD-DINO,spine_rad_dino_vitb14_teacher_20000.pth,patch_embed.proj.weight,451584,99.99955711451247,7.28197395162057,0.039599486678593566,0.5438015425718584,0.9999886277827144,0.9973756397371787,4.598576250625684e-05,5.89278075574309e-05,0.0003496359568089247
RAD-DINO,spine_rad_dino_vitb14_teacher_20000.pth,patch_embed.proj.bias,768,100.0,2.8577219807976046,0.005172324616002771,0.18099467515587886,0.9999984066329523,0.9996997836488831,0.0001446870885869108,0.000186640188086583,0.001170974224805832
RAD-DINO,spine_rad_dino_vitb14_teacher_20000.pth,blocks.0.norm1.weight,768,100.0,23.60748344048692,0.03581205816366262,0.15169790653011664,0.9999990410715722,1.0006182095044358,0.0010250717329363113,0.0012922563388140717,0.004872173070907593
RAD-DINO,spine_rad_dino_vitb14_teacher_20000.pth,blocks.0.norm1.bias,768,100.0,6.784078726221279,0.028379459316334437,0.41832443964195776,0.9999921347562996,0.9986620565100468,0.0008168022210680211,0.0010240555297338573,0.003450840711593628
RAD-DINO,spine_rad_dino_vitb14_teacher_20000.pth,blocks.0.attn.qkv.weight,1769472,100.0,46.998751146329035,1.9040225329368332,4.051219418594173,0.9992559182817785,0.9868612380148395,0.0011308991485333621,0.001431364481685148,0.009187936782836914
RAD-DINO,spine_rad_dino_vitb14_teacher_20000.pth,blocks.0.attn.qkv.bias,2304,100.0,50.178603188996,0.05417380994659156,0.10796197284039122,0.9999994172829433,1.000011458207287,0.0008729771480717988,0.0011286210405539907,0.004434719681739807
RAD-DINO,spine_rad_dino_vitb14_teacher_20000.pth,blocks.0.attn.proj.weight,589824,100.0,29.693365346666695,1.095033876398406,3.687806564240897,0.999394631532391,0.9871626545339872,0.0011305048426442361,0.001425825359893758,0.008298918604850769
RAD-DINO,spine_rad_dino_vitb14_teacher_20000.pth,blocks.0.attn.proj.bias,768,100.0,3.889434479947598,0.024958174258837625,0.6416915977762887,0.9999799428449007,1.001010914598506,0.0007161561545938611,0.0009006005391763432,0.0035048723220825195
RAD-DINO,spine_rad_dino_vitb14_teacher_20000.pth,blocks.0.ls1.gamma,768,100.0,3.460789942310875,0.041827384100179915,1.2086079998328505,0.9999275511908723,1.0010142711643342,0.0012089515785428755,0.001509315716858547,0.004429996013641357
RAD-DINO,spine_rad_dino_vitb14_teacher_20000.pth,blocks.0.norm2.weight,768,100.0,44.22209733456492,0.03998080500327202,0.09040911085875201,0.999999600125553,0.9998668145903109,0.0011438296069930705,0.0014426830331910649,0.004496335983276367
RAD-DINO,spine_rad_dino_vitb14_teacher_20000.pth,blocks.0.norm2.bias,768,100.0,9.137029923600851,0.033591399043044305,0.367640243316683,0.999993242516074,1.0000250648666347,0.0009578297913321876,0.0012121252049973603,0.004615277051925659
RAD-DINO,spine_rad_dino_vitb14_teacher_20000.pth,blocks.0.mlp.fc1.weight,2359296,99.99987284342448,60.062566950311755,2.3230534862146146,3.8677226168778605,0.9993338921446021,0.9865215616387799,0.0012010247902511774,0.001512404613420973,0.014500021934509277
RAD-DINO,spine_rad_dino_vitb14_teacher_20000.pth,blocks.0.mlp.fc1.bias,3072,100.0,64.5492698300922,0.06827807468425197,0.10577668014522053,0.999999440608383,0.9999900765764812,0.0009644677174946992,0.0012318863999594453,0.005929827690124512
RAD-DINO,spine_rad_dino_vitb14_teacher_20000.pth,blocks.0.mlp.fc2.weight,2359296,99.99987284342448,61.837337177621635,2.2834930017926935,3.6927414827607885,0.9994011766290477,0.986503664722656,0.0011816725302756842,0.0014866490897087847,0.008037596940994263
RAD-DINO,spine_rad_dino_vitb14_teacher_20000.pth,blocks.0.mlp.fc2.bias,768,100.0,5.826174843003099,0.02665073084715232,0.45743101718202495,0.9999895408844934,1.0000682296890502,0.0007590194664809738,0.0009616754142939785,0.0038116276264190674
RAD-DINO,spine_rad_dino_vitb14_teacher_20000.pth,blocks.0.ls2.gamma,768,100.0,2.538596521229324,0.03727147167263316,1.4681920250400533,0.9998922174209322,0.9999646134672078,0.001080847052648437,0.0013449183877055166,0.004758425056934357
RAD-DINO,spine_rad_dino_vitb14_teacher_20000.pth,blocks.1.norm1.weight,768,100.0,31.84047975959894,0.04648255470063825,0.1459857233672026,0.9999990105298134,1.0003891947795598,0.0013555031317849704,0.0016772947168146874,0.005499720573425293
RAD-DINO,spine_rad_dino_vitb14_teacher_20000.pth,blocks.1.norm1.bias,768,100.0,8.270050617527524,0.027221447612518056,0.32915696495043195,0.9999945972692765,0.999824307810398,0.000790662393550671,0.0009822693816761623,0.003517746925354004
RAD-DINO,spine_rad_dino_vitb14_teacher_20000.pth,blocks.1.attn.qkv.weight,1769472,99.99994348596644,55.837690702299184,2.255052849980008,4.038585445810985,0.9992785510577444,0.9855439289523935,0.001344445874333441,0.0016952543879854044,0.014125049114227295
RAD-DINO,spine_rad_dino_vitb14_teacher_20000.pth,blocks.1.attn.qkv.bias,2304,100.0,64.46607269959495,0.05797803565037746,0.08993573397987023,0.9999995960289227,0.9999695688071562,0.000955710557131321,0.0012078757427161969,0.004834622144699097
RAD-DINO,spine_rad_dino_vitb14_teacher_20000.pth,blocks.1.attn.proj.weight,589824,99.99983045789931,31.47266697879827,1.2629783513889778,4.012937169385072,0.9992815846497,0.9860887118556994,0.001305930330999745,0.0016445030617043982,0.008656442165374756
RAD-DINO,spine_rad_dino_vitb14_teacher_20000.pth,blocks.1.attn.proj.bias,768,100.0,3.868661313492843,0.028092611682829165,0.7261584668797381,0.9999745277918572,1.0013112568031632,0.0007942991474294558,0.0010137048073325652,0.0033319592475891113
RAD-DINO,spine_rad_dino_vitb14_teacher_20000.pth,blocks.1.ls1.gamma,768,100.0,2.4153185674900888,0.050398074701874636,2.0866015514568943,0.999802151981935,1.0061056201672005,0.0014751684384937864,0.001818583874735387,0.00552719458937645
RAD-DINO,spine_rad_dino_vitb14_teacher_20000.pth,blocks.1.norm2.weight,768,100.0,39.633783298448364,0.04417298384580975,0.11145285705677027,0.9999993794040021,0.9999680373558386,0.0012516537462943234,0.001593955257142953,0.005324602127075195
RAD-DINO,spine_rad_dino_vitb14_teacher_20000.pth,blocks.1.norm2.bias,768,100.0,8.497390137455374,0.033500833466626884,0.39424850365478253,0.9999922447899029,0.9998110592159417,0.0009683394599449002,0.001208857201252116,0.004287946969270706
RAD-DINO,spine_rad_dino_vitb14_teacher_20000.pth,blocks.1.mlp.fc1.weight,2359296,99.99995761447482,66.74221416868292,2.652818426433869,3.9747234332519885,0.9993107363895212,0.9851054380663322,0.0013715556178673619,0.00172709532970955,0.01681077480316162
RAD-DINO,spine_rad_dino_vitb14_teacher_20000.pth,blocks.1.mlp.fc1.bias,3072,100.0,59.54128607812521,0.07341994926314077,0.12330931039481598,0.9999992445424846,1.000097245270707,0.0010158799884720793,0.0013246571084675933,0.006623506546020508
RAD-DINO,spine_rad_dino_vitb14_teacher_20000.pth,blocks.1.mlp.fc2.weight,2359296,100.0,63.668770175262395,2.532008542779339,3.9768453761701767,0.9993096170056444,0.9851236889583106,0.0013086577100939207,0.001648443061705299,0.012089341878890991
RAD-DINO,spine_rad_dino_vitb14_teacher_20000.pth,blocks.1.mlp.fc2.bias,768,100.0,7.635208748315016,0.026938493132791508,0.3528193402536173,0.9999937759068358,0.9999927285272536,0.0007593250980638307,0.0009720591413612539,0.0033697597682476044
RAD-DINO,spine_rad_dino_vitb14_teacher_20000.pth,blocks.1.ls2.gamma,768,100.0,3.4442977729844153,0.044313050111579315,1.286562690925034,0.9999183684109426,1.0014243037911015,0.0012584207362351663,0.0015990094631583558,0.0059617385268211365
RAD-DINO,spine_rad_dino_vitb14_teacher_20000.pth,blocks.2.norm1.weight,768,100.0,31.31928082065778,0.05231392417016728,0.16703424471886885,0.9999986136897314,1.0001306185217196,0.0015103203089286883,0.0018877161376257344,0.005464315414428711
RAD-DINO,spine_rad_dino_vitb14_teacher_20000.pth,blocks.2.norm1.bias,768,100.0,7.311083583568001,0.03033915173347739,0.4149747624506174,0.9999915762654762,0.9993808330634685,0.0008774816166502811,0.0010947698387692546,0.003487996757030487
RAD-DINO,spine_rad_dino_vitb14_teacher_20000.pth,blocks.2.attn.qkv.weight,1769472,99.99988697193287,58.15732488134747,2.5588758959826188,4.3999202184819115,0.9991547377090514,0.9834665357934821,0.0015258195416169055,0.0019236558429276166,0.013576984405517578
RAD-DINO,spine_rad_dino_vitb14_teacher_20000.pth,blocks.2.attn.qkv.bias,2304,100.0,30.884772987151102,0.062151603124201496,0.20123704049907779,0.999998008526695,1.0002562564750574,0.0009809097502824216,0.0012948250650875312,0.005283534526824951
RAD-DINO,spine_rad_dino_vitb14_teacher_20000.pth,blocks.2.attn.proj.weight,589824,100.0,32.76501610808458,1.470598480029062,4.488319112000071,0.9991032103284743,0.9842127525189317,0.0015215642944805896,0.0019148417708711744,0.009287029504776001
RAD-DINO,spine_rad_dino_vitb14_teacher_20000.pth,blocks.2.attn.proj.bias,768,100.0,3.265881181377662,0.029191417118503912,0.8938297352933691,0.9999605610196164,1.0009689033401665,0.0008441786629873604,0.0010533545332121802,0.003138710046187043
RAD-DINO,spine_rad_dino_vitb14_teacher_20000.pth,blocks.2.ls1.gamma,768,100.0,2.919220370957251,0.055464480935608705,1.89997581160415,0.9998288834006254,1.0041632680870047,0.0015925882621180183,0.0020014020624147845,0.006070706993341446
RAD-DINO,spine_rad_dino_vitb14_teacher_20000.pth,blocks.2.norm2.weight,768,100.0,48.75334248302221,0.0495836509248852,0.10170308003426051,0.9999994833198087,0.9999679947014247,0.0014325485281384924,0.0017891958880554319,0.006425082683563232
RAD-DINO,spine_rad_dino_vitb14_teacher_20000.pth,blocks.2.norm2.bias,768,100.0,7.07263934855213,0.03964529540303391,0.5605445640480716,0.9999843077444178,0.9997925894334388,0.001131774713115874,0.0014305763733152412,0.004336521029472351
RAD-DINO,spine_rad_dino_vitb14_teacher_20000.pth,blocks.2.mlp.fc1.weight,2359296,99.99991522894965,68.10672309542724,3.03253808890811,4.4526266293256995,0.9991317995031921,0.9834174376483558,0.0015674453528142372,0.001974308651632884,0.018752992153167725
RAD-DINO,spine_rad_dino_vitb14_teacher_20000.pth,blocks.2.mlp.fc1.bias,3072,100.0,47.950063379277275,0.08194613966185788,0.1708989183469417,0.9999985448156457,1.0000999225141758,0.001140231910236859,0.0014784883060257597,0.006216645240783691
RAD-DINO,spine_rad_dino_vitb14_teacher_20000.pth,blocks.2.mlp.fc2.weight,2359296,100.0,64.9041403749015,2.8071044346481044,4.325000559954438,0.9991889609278455,0.9834047085087938,0.0014479423959640524,0.001827541949640693,0.011751174926757812
RAD-DINO,spine_rad_dino_vitb14_teacher_20000.pth,blocks.2.mlp.fc2.bias,768,100.0,6.222423129182375,0.024545797539157792,0.39447329488155697,0.9999923350764219,0.9995115756438566,0.0006916432984856632,0.0008857201760441753,0.003361031413078308
RAD-DINO,spine_rad_dino_vitb14_teacher_20000.pth,blocks.2.ls2.gamma,768,100.0,3.8140622151886987,0.050724304570586645,1.3299286091503122,0.9999131739189462,1.0017093886066049,0.0014525217072313505,0.0018303556811427979,0.00847741961479187
RAD-DINO,spine_rad_dino_vitb14_teacher_20000.pth,blocks.3.norm1.weight,768,100.0,38.03917908735768,0.05687926296847423,0.14952810321655458,0.9999988825822537,0.9999667715041239,0.0016185299997838836,0.002052453611634757,0.008488655090332031
RAD-DINO,spine_rad_dino_vitb14_teacher_20000.pth,blocks.3.norm1.bias,768,100.0,8.584696292752144,0.031036677992617688,0.36153495632479415,0.9999936616098025,0.9993659576632504,0.0008883269852664929,0.0011199396496118473,0.0037111863493919373
RAD-DINO,spine_rad_dino_vitb14_teacher_20000.pth,blocks.3.attn.qkv.weight,1769472,100.0,61.674562358514656,2.9726364429945114,4.81987440091517,0.9989885175198171,0.981634063898293,0.0017732597066349508,0.0022347037116741833,0.016684412956237793
RAD-DINO,spine_rad_dino_vitb14_teacher_20000.pth,blocks.3.attn.qkv.bias,2304,100.0,368.25763205735143,0.07221647294026172,0.019610312632710056,0.9999999812034183,0.9999705996930687,0.0011595954548755888,0.001504509852922119,0.006042972207069397
RAD-DINO,spine_rad_dino_vitb14_teacher_20000.pth,blocks.3.attn.proj.weight,589824,100.0,34.4503068377707,1.701177945080767,4.938063260486337,0.9989204404198275,0.9821725102492477,0.0017550605899212797,0.0022150754493239153,0.011173181235790253
RAD-DINO,spine_rad_dino_vitb14_teacher_20000.pth,blocks.3.attn.proj.bias,768,100.0,3.817396664180864,0.02988593976972902,0.7828879835871584,0.9999694215730562,1.0003374441774444,0.0008589484398934625,0.0010784159606898745,0.003418621141463518
RAD-DINO,spine_rad_dino_vitb14_teacher_20000.pth,blocks.3.ls1.gamma,768,100.0,4.517955699889944,0.061561766920495545,1.3626022699159084,0.9999128229333973,1.0032776351470953,0.001767163705854576,0.0022214189189585687,0.007530957460403442
RAD-DINO,spine_rad_dino_vitb14_teacher_20000.pth,blocks.3.norm2.weight,768,100.0,36.700284730100584,0.06125529753803726,0.1669068727627536,0.9999986170822946,1.0001398860431185,0.001776117563281332,0.002210360157679777,0.006656765937805176
RAD-DINO,spine_rad_dino_vitb14_teacher_20000.pth,blocks.3.norm2.bias,768,100.0,7.471220914459426,0.04236424795176308,0.5670324627902976,0.999984034740415,1.000455539888991,0.0012244862033128356,0.001528688122435404,0.004985786974430084
RAD-DINO,spine_rad_dino_vitb14_teacher_20000.pth,blocks.3.mlp.fc1.weight,2359296,99.99995761447482,70.21764022471545,3.535828426642425,5.035527276802265,0.9988782783907081,0.9817473549968271,0.00182982947564504,0.002301971631928662,0.019327521324157715
RAD-DINO,spine_rad_dino_vitb14_teacher_20000.pth,blocks.3.mlp.fc1.bias,3072,100.0,53.06527831196579,0.0953244828452406,0.17963626287765214,0.9999983927160682,1.0001095386249466,0.001319996246214335,0.0017198629947206728,0.008259683847427368
RAD-DINO,spine_rad_dino_vitb14_teacher_20000.pth,blocks.3.mlp.fc2.weight,2359296,100.0,67.70145394298925,3.2681776389776727,4.827337447922129,0.9989852191043259,0.9816132107998953,0.0016850867150573735,0.0021277198170427556,0.014858663082122803
RAD-DINO,spine_rad_dino_vitb14_teacher_20000.pth,blocks.3.mlp.fc2.bias,768,100.0,4.319938575148875,0.027126182504693803,0.6279298196678403,0.9999804773135629,0.9993603207978794,0.0007605632957610927,0.0009788317981982428,0.004234444350004196
RAD-DINO,spine_rad_dino_vitb14_teacher_20000.pth,blocks.3.ls2.gamma,768,100.0,7.108843553017685,0.05710271326860198,0.8032630461302253,0.999967765045419,1.0002007501482257,0.001648665818417309,0.002060516679817836,0.007804989814758301
RAD-DINO,spine_rad_dino_vitb14_teacher_20000.pth,blocks.4.norm1.weight,768,100.0,36.60306489033351,0.06469970869217972,0.17676035841814502,0.9999984389270375,1.00004617720167,0.0018283556564711034,0.0023346496393700207,0.007889270782470703
RAD-DINO,spine_rad_dino_vitb14_teacher_20000.pth,blocks.4.norm1.bias,768,100.0,7.727365959432482,0.03421185852449958,0.4427363567884157,0.9999902418101365,0.9996982423965844,0.000973020147682746,0.0012345141080373266,0.0040816739201545715
RAD-DINO,spine_rad_dino_vitb14_teacher_20000.pth,blocks.4.attn.qkv.weight,1769472,99.99994348596644,62.900339993871114,3.3944468399382353,5.396547682045889,0.9987265979997861,0.9795669988211458,0.0020265773227048723,0.0025518031208179876,0.01464080810546875
RAD-DINO,spine_rad_dino_vitb14_teacher_20000.pth,blocks.4.attn.qkv.bias,2304,100.0,38.89622519586585,0.07666926883452528,0.19711236359942247,0.9999980580664305,1.0000363336559401,0.0012220480624876018,0.00159727643405261,0.0063828229904174805
RAD-DINO,spine_rad_dino_vitb14_teacher_20000.pth,blocks.4.attn.proj.weight,589824,100.0,35.82343672743902,1.9563250736249576,5.461020081656507,0.9986768866548653,0.980297605605806,0.0020217286950696255,0.002547298272949163,0.014065712690353394
RAD-DINO,spine_rad_dino_vitb14_teacher_20000.pth,blocks.4.attn.proj.bias,768,100.0,3.6589323035196553,0.03168561042033847,0.8659796845615038,0.9999625114929704,0.9998341653343958,0.0008932186716492652,0.0011433559816012516,0.004121625795960426
RAD-DINO,spine_rad_dino_vitb14_teacher_20000.pth,blocks.4.ls1.gamma,768,100.0,6.469515336128599,0.07020403854776994,1.0851514356217677,0.9999464853136036,1.0032219783837,0.0020000967269879766,0.002533270034609615,0.008399397134780884
RAD-DINO,spine_rad_dino_vitb14_teacher_20000.pth,blocks.4.norm2.weight,768,100.0,34.450326147575275,0.06803002348142098,0.1974727995026809,0.9999981371093638,1.000414997820155,0.0019298266658249001,0.002454822023123435,0.008269667625427246
RAD-DINO,spine_rad_dino_vitb14_teacher_20000.pth,blocks.4.norm2.bias,768,100.0,7.919754984471205,0.047326893868809006,0.5975802781980758,0.9999821454217278,1.0000193089855982,0.001370870936023394,0.001707762182191608,0.006038770079612732
RAD-DINO,spine_rad_dino_vitb14_teacher_20000.pth,blocks.4.mlp.fc1.weight,2359296,100.0,72.6222280352943,4.076939841065285,5.613900800570175,0.9986004087375314,0.9797758356845049,0.002109220511246752,0.002654257709026878,0.01965022087097168
RAD-DINO,spine_rad_dino_vitb14_teacher_20000.pth,blocks.4.mlp.fc1.bias,3072,100.0,53.31912964414459,0.1054035681267152,0.19768433736669302,0.9999980529777323,1.0001158196096198,0.001476093363938465,0.001901711825984565,0.008135437965393066
RAD-DINO,spine_rad_dino_vitb14_teacher_20000.pth,blocks.4.mlp.fc2.weight,2359296,99.99995761447482,70.13031378404459,3.74745112850224,5.343553915988361,0.9987572317655152,0.9794864027946873,0.0019322822110454706,0.0024397468284519793,0.020792901515960693
RAD-DINO,spine_rad_dino_vitb14_teacher_20000.pth,blocks.4.mlp.fc2.bias,768,100.0,4.1535088504900655,0.029047277956923887,0.699343109705825,0.9999760705320244,0.9989515144438189,0.0008198798000430921,0.001048153359228493,0.0037767887115478516
RAD-DINO,spine_rad_dino_vitb14_teacher_20000.pth,blocks.4.ls2.gamma,768,100.0,11.227556489868643,0.06468645030283633,0.576140056486976,0.9999834223546545,0.9997866468580908,0.0018239076453028247,0.002334171218453994,0.009502321481704712
RAD-DINO,spine_rad_dino_vitb14_teacher_20000.pth,blocks.5.norm1.weight,768,100.0,34.129609238860255,0.07454585106327921,0.21841987859152126,0.9999976147920222,0.9999798927660095,0.002141169893244902,0.002689941698647125,0.010129809379577637
RAD-DINO,spine_rad_dino_vitb14_teacher_20000.pth,blocks.5.norm1.bias,768,100.0,8.066283988785816,0.03906603646092571,0.4843126836996742,0.9999883341433555,0.9996357715772342,0.0011068365844314105,0.0014096741666804495,0.0054505327716469765
RAD-DINO,spine_rad_dino_vitb14_teacher_20000.pth,blocks.5.attn.qkv.weight,1769472,99.99994348596644,66.32642320765137,3.8664779432507803,5.829468492739023,0.9985283705674262,0.9771466700077627,0.0023079353182238363,0.0029066563559265474,0.019802868366241455
RAD-DINO,spine_rad_dino_vitb14_teacher_20000.pth,blocks.5.attn.qkv.bias,2304,100.0,41.94013079326548,0.0846487886699227,0.20183243845180174,0.9999979753567894,1.0001540234236568,0.0013433209159113464,0.0017635164306233897,0.007478855550289154
RAD-DINO,spine_rad_dino_vitb14_teacher_20000.pth,blocks.5.attn.proj.weight,589824,100.0,37.042302311831605,2.246546417743882,6.064813139399052,0.9983673277086991,0.9779830966024784,0.002323537267587556,0.0029251906481040134,0.015167057514190674
RAD-DINO,spine_rad_dino_vitb14_teacher_20000.pth,blocks.5.attn.proj.bias,768,100.0,3.6484930798442434,0.03279398751396727,0.8988365003385799,0.9999596207135889,0.9997758733374197,0.000932599466608508,0.0011833510949368893,0.004558950662612915
RAD-DINO,spine_rad_dino_vitb14_teacher_20000.pth,blocks.5.ls1.gamma,768,100.0,11.20463464338304,0.08468934833604809,0.7558421227599943,0.9999726611669506,1.0015388069988396,0.002433519303546442,0.003055963628706959,0.010007902979850769
RAD-DINO,spine_rad_dino_vitb14_teacher_20000.pth,blocks.5.norm2.weight,768,100.0,33.25938207282215,0.07842365223063305,0.2357940747633938,0.9999973014996216,1.0004008991882212,0.0022562932329795635,0.0028298697953868493,0.011849641799926758
RAD-DINO,spine_rad_dino_vitb14_teacher_20000.pth,blocks.5.norm2.bias,768,100.0,8.359260829148731,0.05348710478861742,0.6398544785456145,0.9999796578875372,1.0004871657663261,0.0015331237728825424,0.0019300496467426244,0.007081955671310425
RAD-DINO,spine_rad_dino_vitb14_teacher_20000.pth,blocks.5.mlp.fc1.weight,2359296,99.99991522894965,75.14090922786188,4.707031973358711,6.264273378812623,0.9982519856758801,0.9774880987014323,0.0024354273621169428,0.003064473940988744,0.017672225832939148
RAD-DINO,spine_rad_dino_vitb14_teacher_20000.pth,blocks.5.mlp.fc1.bias,3072,100.0,60.68015898513002,0.12623459848208196,0.20803274182754922,0.9999978694955363,1.0002562447626175,0.001776529415413582,0.002277549356708573,0.009341537952423096
RAD-DINO,spine_rad_dino_vitb14_teacher_20000.pth,blocks.5.mlp.fc2.weight,2359296,100.0,73.73290932652878,4.300603894131377,5.832678967116299,0.9985263198055156,0.9771528376911994,0.0022163358400737526,0.0027998723269084484,0.026528477668762207
RAD-DINO,spine_rad_dino_vitb14_teacher_20000.pth,blocks.5.mlp.fc2.bias,768,100.0,4.989067688602086,0.032144668132669384,0.6443021049024126,0.9999800943186524,0.998675658126621,0.0009065028679818473,0.0011599207999629909,0.004668712615966797
RAD-DINO,spine_rad_dino_vitb14_teacher_20000.pth,blocks.5.ls2.gamma,768,100.0,18.67983420852597,0.07298082185533615,0.3906930920298306,0.9999923826099898,0.9998209555993874,0.002101849328028038,0.0026334685714911534,0.008000433444976807
RAD-DINO,spine_rad_dino_vitb14_teacher_20000.pth,blocks.6.norm1.weight,768,100.0,35.35552126573267,0.08327271146461891,0.23552958203823343,0.9999972489163107,1.0002099895832737,0.002365577907767147,0.003004845148765485,0.01244431734085083
RAD-DINO,spine_rad_dino_vitb14_teacher_20000.pth,blocks.6.norm1.bias,768,100.0,6.675838495934328,0.04466480001955492,0.6690515363239593,0.99997763737174,0.9997820884205189,0.001264171024464152,0.0016117021446619272,0.00650981068611145
RAD-DINO,spine_rad_dino_vitb14_teacher_20000.pth,blocks.6.attn.qkv.weight,1769472,99.99994348596644,68.40049056226988,4.400206635398213,6.433004499276783,0.9982021001576161,0.9748400059054493,0.0026291823446233653,0.003307891257079604,0.01738753914833069
RAD-DINO,spine_rad_dino_vitb14_teacher_20000.pth,blocks.6.attn.qkv.bias,2304,100.0,43.35992735471201,0.09313688457650034,0.2147994479201519,0.9999976976442526,1.000093479107276,0.0014899912772029387,0.0019403517620104236,0.008495872840285301
RAD-DINO,spine_rad_dino_vitb14_teacher_20000.pth,blocks.6.attn.proj.weight,589824,100.0,39.65878479700171,2.5829882362230023,6.513029205116447,0.9981324213467454,0.9755429218793636,0.0026702810542906918,0.0033632659325820344,0.017247185111045837
RAD-DINO,spine_rad_dino_vitb14_teacher_20000.pth,blocks.6.attn.proj.bias,768,100.0,3.4044624054140753,0.03751586262186529,1.1019614304509362,0.9999393113958104,0.9996977039713253,0.0010719395502801394,0.001353737086475934,0.005573928356170654
RAD-DINO,spine_rad_dino_vitb14_teacher_20000.pth,blocks.6.ls1.gamma,768,100.0,14.997642374512868,0.08953701719131649,0.5970072825811378,0.9999832574491464,1.001451912667849,0.0025711724350306517,0.00323088881111517,0.010988444089889526
RAD-DINO,spine_rad_dino_vitb14_teacher_20000.pth,blocks.6.norm2.weight,768,100.0,37.025794570322184,0.08251133634011207,0.22284825294809082,0.9999975217088829,1.000095288227961,0.002378779424664875,0.0029773713904474655,0.010572314262390137
RAD-DINO,spine_rad_dino_vitb14_teacher_20000.pth,blocks.6.norm2.bias,768,100.0,8.726225823197517,0.056816586685148426,0.6511014937764853,0.9999789328747627,1.000488353004271,0.001603884062634009,0.002050191976069134,0.00672878697514534
RAD-DINO,spine_rad_dino_vitb14_teacher_20000.pth,blocks.6.mlp.fc1.weight,2359296,99.99995761447482,78.63418946545195,5.384506381255767,6.84753847894809,0.9979150420191722,0.9750390849857755,0.002785526168908727,0.003505538008630057,0.019915834069252014
RAD-DINO,spine_rad_dino_vitb14_teacher_20000.pth,blocks.6.mlp.fc1.bias,3072,100.0,67.00556373549423,0.14360932679874755,0.2143244811216695,0.9999977373531185,1.0002589071783967,0.00203819767815124,0.0025910276089186825,0.009752511978149414
RAD-DINO,spine_rad_dino_vitb14_teacher_20000.pth,blocks.6.mlp.fc2.weight,2359296,99.99995761447482,78.86637162404273,4.944168843647809,6.269045655119957,0.9983135002503296,0.9746504885091658,0.0025468863947088276,0.0032188599242498755,0.021775007247924805
RAD-DINO,spine_rad_dino_vitb14_teacher_20000.pth,blocks.6.mlp.fc2.bias,768,100.0,5.063531269893844,0.03891407100578879,0.7685164548535436,0.9999717665604549,0.9983606575712178,0.0011137854663540263,0.0014041905856535231,0.005384266376495361
RAD-DINO,spine_rad_dino_vitb14_teacher_20000.pth,blocks.6.ls2.gamma,768,100.0,29.301688455750924,0.08030492714906352,0.274062456401902,0.9999962695294549,0.9997724485584795,0.0023097768522954234,0.0028977544566728196,0.009436845779418945
RAD-DINO,spine_rad_dino_vitb14_teacher_20000.pth,blocks.7.norm1.weight,768,100.0,35.25483134005978,0.09098139593542733,0.25806788027956296,0.9999966700459019,0.9999991144877021,0.0026434315174507597,0.0032830083396604304,0.011323094367980957
RAD-DINO,spine_rad_dino_vitb14_teacher_20000.pth,blocks.7.norm1.bias,768,100.0,6.369451215049221,0.046249910078667626,0.7261207993773797,0.9999736816500628,1.0002722353477815,0.0013138742909936478,0.0016688998771196713,0.005672454833984375
RAD-DINO,spine_rad_dino_vitb14_teacher_20000.pth,blocks.7.attn.qkv.weight,1769472,99.99994348596644,71.22993275813987,4.936765795258773,6.930746112061463,0.9979301096160834,0.9720838749705176,0.002949104277962114,0.003711253985441132,0.020510435104370117
RAD-DINO,spine_rad_dino_vitb14_teacher_20000.pth,blocks.7.attn.qkv.bias,2304,100.0,55.11817629362908,0.10732049091013952,0.19470980015451694,0.9999981206224388,1.00017822902724,0.0017456285559344703,0.002235843560627907,0.009177759289741516
RAD-DINO,spine_rad_dino_vitb14_teacher_20000.pth,blocks.7.attn.proj.weight,589824,100.0,41.65502942795093,2.8942081081086353,6.948040003463768,0.9978971252658322,0.9728731646923171,0.0029954260096585663,0.003768500140766452,0.021531522274017334
RAD-DINO,spine_rad_dino_vitb14_teacher_20000.pth,blocks.7.attn.proj.bias,768,100.0,3.7843492021783516,0.046469487657892015,1.2279386804775627,0.9999246331485996,0.9996894360770123,0.001297476629008069,0.0016768232005242468,0.006751298904418945
RAD-DINO,spine_rad_dino_vitb14_teacher_20000.pth,blocks.7.ls1.gamma,768,100.0,21.699801419040135,0.09780695178122004,0.4507274047927504,0.9999904458328354,1.001089207088096,0.002863750579611709,0.0035293043712190083,0.011134505271911621
RAD-DINO,spine_rad_dino_vitb14_teacher_20000.pth,blocks.7.norm2.weight,768,100.0,36.39711754234938,0.09186210565575002,0.2523884083646599,0.9999968226659431,0.999872996781367,0.0026214667207871876,0.00331478821429207,0.010546207427978516
RAD-DINO,spine_rad_dino_vitb14_teacher_20000.pth,blocks.7.norm2.bias,768,100.0,8.55042441243144,0.06080701245394616,0.7111578270376732,0.9999752819184023,1.0010425182014404,0.0017483045332748286,0.0021941840630564213,0.00654572993516922
RAD-DINO,spine_rad_dino_vitb14_teacher_20000.pth,blocks.7.mlp.fc1.weight,2359296,99.99987284342448,82.67063497010237,6.068903306797676,7.341062892516163,0.9976277565595808,0.9721275389665948,0.0031390038220922498,0.003951108923696403,0.025765955448150635
RAD-DINO,spine_rad_dino_vitb14_teacher_20000.pth,blocks.7.mlp.fc1.bias,3072,100.0,68.82035759111065,0.16648635987530752,0.2419144068742998,0.9999970915664258,1.0001852386793997,0.002347251776579166,0.0030037795215753036,0.01264488697052002
RAD-DINO,spine_rad_dino_vitb14_teacher_20000.pth,blocks.7.mlp.fc2.weight,2359296,100.0,82.86845860835179,5.704739203623518,6.884089917232481,0.9979667486104503,0.9719532765052569,0.0029421637548183634,0.0037140229190257275,0.02411872148513794
RAD-DINO,spine_rad_dino_vitb14_teacher_20000.pth,blocks.7.mlp.fc2.bias,768,100.0,5.649548307766635,0.048687283519119676,0.8617907285116501,0.9999632027182278,0.9991415480036762,0.0013730229843105235,0.001756851015367211,0.00696486234664917
RAD-DINO,spine_rad_dino_vitb14_teacher_20000.pth,blocks.7.ls2.gamma,768,100.0,38.615709310527706,0.09265093099210486,0.2399306723775385,0.9999971314474819,0.9998572173784601,0.002678185778980454,0.0033432524968100737,0.01096498966217041
RAD-DINO,spine_rad_dino_vitb14_teacher_20000.pth,blocks.8.norm1.weight,768,100.0,30.941669443358563,0.09256866160119555,0.2991715161673826,0.9999955416897707,0.9998118053947042,0.0026436637272126973,0.0033402838558733512,0.011071324348449707
RAD-DINO,spine_rad_dino_vitb14_teacher_20000.pth,blocks.8.norm1.bias,768,100.0,7.312580864996485,0.05657207520228057,0.7736266613211362,0.9999700783599689,1.0000563126499584,0.0016078919221627075,0.0020413689279157776,0.007152855338063091
RAD-DINO,spine_rad_dino_vitb14_teacher_20000.pth,blocks.8.attn.qkv.weight,1769472,100.0,73.91204671042381,5.426932629649812,7.342419634125018,0.9977128231375226,0.9690424540885624,0.0032408148154297774,0.004079740904430056,0.02334970235824585
RAD-DINO,spine_rad_dino_vitb14_teacher_20000.pth,blocks.8.attn.qkv.bias,2304,100.0,75.68985348604413,0.11208275172227075,0.14808160745473875,0.999998905629323,1.000062749893352,0.0018134773063774251,0.002335057327547307,0.009505748748779297
RAD-DINO,spine_rad_dino_vitb14_teacher_20000.pth,blocks.8.attn.proj.weight,589824,100.0,43.89059081828979,3.133088269804974,7.138405319664493,0.9978465593699238,0.9696785083692563,0.0032441974021818914,0.004079542017975227,0.025990784168243408
RAD-DINO,spine_rad_dino_vitb14_teacher_20000.pth,blocks.8.attn.proj.bias,768,100.0,5.56895856153875,0.05794197840415527,1.0404454937826908,0.9999459027683029,0.9996986262645623,0.0016447642788364192,0.002090801051813658,0.007727503776550293
RAD-DINO,spine_rad_dino_vitb14_teacher_20000.pth,blocks.8.ls1.gamma,768,100.0,29.872454043255463,0.1074620387953502,0.3597362260219553,0.999993736366091,1.0006369988682478,0.003073955148768922,0.00387770231413509,0.016068756580352783
RAD-DINO,spine_rad_dino_vitb14_teacher_20000.pth,blocks.8.norm2.weight,768,100.0,38.171430311526784,0.10188355595702352,0.26691050119297555,0.9999964648564701,0.9997644152879838,0.00286705654192095,0.003676406153611489,0.015496015548706055
RAD-DINO,spine_rad_dino_vitb14_teacher_20000.pth,blocks.8.norm2.bias,768,100.0,9.702165640064024,0.06609995449607449,0.6812907236207348,0.9999769056639243,1.000453944662252,0.0019290141953736868,0.002385176657608164,0.007921218872070312
RAD-DINO,spine_rad_dino_vitb14_teacher_20000.pth,blocks.8.mlp.fc1.weight,2359296,99.99991522894965,87.86916222146357,6.732881711261561,7.662394338405262,0.99746739633539,0.968964142980298,0.00348431034710787,0.004383386530769246,0.02387668564915657
RAD-DINO,spine_rad_dino_vitb14_teacher_20000.pth,blocks.8.mlp.fc1.bias,3072,100.0,75.4712031849714,0.1856393573259795,0.2459737615034418,0.9999969881142872,1.0001599199410645,0.0026470395120365233,0.003349341653885731,0.012189865112304688
RAD-DINO,spine_rad_dino_vitb14_teacher_20000.pth,blocks.8.mlp.fc2.weight,2359296,100.0,89.6120877569878,6.447708817593674,7.195132910058658,0.997823443177397,0.9690377259944428,0.003329756105315268,0.0041977270947875485,0.02658480405807495
RAD-DINO,spine_rad_dino_vitb14_teacher_20000.pth,blocks.8.mlp.fc2.bias,768,100.0,4.821737318115487,0.06339358281533045,1.3147456742854462,0.9999153823410467,0.9980107928716195,0.0018167021098474123,0.0022875188814578664,0.007968306541442871
RAD-DINO,spine_rad_dino_vitb14_teacher_20000.pth,blocks.8.ls2.gamma,768,100.0,58.73839228147685,0.10025806170589403,0.17068574370482117,0.9999985453273494,1.0000619418980203,0.002859666710719466,0.003617751182145502,0.013951599597930908
RAD-DINO,spine_rad_dino_vitb14_teacher_20000.pth,blocks.9.norm1.weight,768,100.0,29.112984404583063,0.10502325421213292,0.36074369000657935,0.9999934931890351,0.9999888675316074,0.0030079161030395576,0.00378970025565909,0.014433860778808594
RAD-DINO,spine_rad_dino_vitb14_teacher_20000.pth,blocks.9.norm1.bias,768,100.0,7.7009742015951,0.06378708986271704,0.8282989683240964,0.9999657006639331,0.9998636104915972,0.001831787964609551,0.0023017183439414082,0.008287489414215088
RAD-DINO,spine_rad_dino_vitb14_teacher_20000.pth,blocks.9.attn.qkv.weight,1769472,100.0,77.6090565860085,6.000914214858522,7.7322344566940355,0.9975108444777989,0.9657834143874202,0.003587155743008424,0.004511236246526587,0.024738527834415436
RAD-DINO,spine_rad_dino_vitb14_teacher_20000.pth,blocks.9.attn.qkv.bias,2304,100.0,80.36221864117798,0.13671717618107382,0.17012618428508555,0.9999985740796127,1.000204615621254,0.002199771343592813,0.002848274503772371,0.014038622379302979
RAD-DINO,spine_rad_dino_vitb14_teacher_20000.pth,blocks.9.attn.proj.weight,589824,100.0,45.57062577852618,3.429151467496433,7.5249163444938265,0.9976585526429305,0.9662734564864769,0.0035517741211392017,0.004465040973302648,0.028939515352249146
RAD-DINO,spine_rad_dino_vitb14_teacher_20000.pth,blocks.9.attn.proj.bias,768,100.0,4.108815047197659,0.07310564803443657,1.7792392014407397,0.9998417191725987,0.9996611323189052,0.002080197987678408,0.0026379728482477495,0.01074230670928955
RAD-DINO,spine_rad_dino_vitb14_teacher_20000.pth,blocks.9.ls1.gamma,768,100.0,44.06973592504983,0.11488579305234323,0.2606909041790755,0.9999966613909325,1.0003412883824052,0.003291775482163454,0.004145583971552125,0.015957117080688477
RAD-DINO,spine_rad_dino_vitb14_teacher_20000.pth,blocks.9.norm2.weight,768,100.0,38.58331163021603,0.11259833989918548,0.2918317146499304,0.9999957547560046,0.9998341843414242,0.0032593639067878635,0.004063042615693732,0.015391826629638672
RAD-DINO,spine_rad_dino_vitb14_teacher_20000.pth,blocks.9.norm2.bias,768,100.0,9.631337531911841,0.07569898743808133,0.7859654714339029,0.9999691280484454,1.0001458260868583,0.00212935638592171,0.002731551923422397,0.010634779930114746
RAD-DINO,spine_rad_dino_vitb14_teacher_20000.pth,blocks.9.mlp.fc1.weight,2359296,99.99991522894965,93.92854366158181,7.364365079553325,7.840390995613254,0.9974325891351248,0.9655117031009287,0.0038099105007568276,0.004794508515334196,0.027528293430805206
RAD-DINO,spine_rad_dino_vitb14_teacher_20000.pth,blocks.9.mlp.fc1.bias,3072,99.96744791666667,81.52286477314111,0.20409690891769305,0.25035541806049944,0.9999968720679933,1.0001060934286294,0.002926787448207809,0.003682356415762519,0.013642072677612305
RAD-DINO,spine_rad_dino_vitb14_teacher_20000.pth,blocks.9.mlp.fc2.weight,2359296,100.0,96.16737451749655,7.262926726777298,7.55238121370974,0.9976563355471678,0.9656874435250336,0.0037503230263345117,0.00472846792107897,0.03023374080657959
RAD-DINO,spine_rad_dino_vitb14_teacher_20000.pth,blocks.9.mlp.fc2.bias,768,100.0,6.488167136315475,0.0858230097737493,1.322762006135477,0.9999132744333825,0.9986778309595653,0.0024763715154373736,0.0030968711122211275,0.011606454849243164
RAD-DINO,spine_rad_dino_vitb14_teacher_20000.pth,blocks.9.ls2.gamma,768,100.0,90.28561651860291,0.11643505715886215,0.1289630194139188,0.9999991765572074,1.0001266956945354,0.003293586584428946,0.0042014882246111575,0.0158555805683136
RAD-DINO,spine_rad_dino_vitb14_teacher_20000.pth,blocks.10.norm1.weight,768,100.0,26.838929957178067,0.11001464624293854,0.40990697624111183,0.9999917320093812,0.9994755343349028,0.003154032708456119,0.003969811601447626,0.0162489116191864
RAD-DINO,spine_rad_dino_vitb14_teacher_20000.pth,blocks.10.norm1.bias,768,100.0,8.993291771901575,0.08427103753753311,0.9370432948792733,0.9999561819978139,0.9995427460380978,0.0024150930104151294,0.003040869137948987,0.0088643878698349
RAD-DINO,spine_rad_dino_vitb14_teacher_20000.pth,blocks.10.attn.qkv.weight,1769472,100.0,82.42569913248467,6.760399345243733,8.201810134940551,0.9972593921435907,0.9618579208808677,0.004037974375497763,0.005082185392976353,0.027356959879398346
RAD-DINO,spine_rad_dino_vitb14_teacher_20000.pth,blocks.10.attn.qkv.bias,2304,100.0,115.1179314350274,0.1627086438715234,0.14134083356367136,0.9999990200035692,1.0001932652663634,0.0026626048241303758,0.0033897634139900706,0.011813640594482422
RAD-DINO,spine_rad_dino_vitb14_teacher_20000.pth,blocks.10.attn.proj.weight,589824,100.0,45.959373504883104,3.7863930451603776,8.238565403329703,0.9972036607555601,0.9625260452841331,0.00392569753218652,0.004930199277552575,0.037313878536224365
RAD-DINO,spine_rad_dino_vitb14_teacher_20000.pth,blocks.10.attn.proj.bias,768,100.0,5.044540751770597,0.09208095450601846,1.8253585219566066,0.9998334696011153,1.0002338543808877,0.0025935805633897266,0.003322685241955465,0.014037609100341797
RAD-DINO,spine_rad_dino_vitb14_teacher_20000.pth,blocks.10.ls1.gamma,768,100.0,64.23383626231643,0.12217826552913104,0.1902085764116325,0.9999981947910643,1.000084887591588,0.0034207440718698003,0.004408728405772836,0.016836166381835938
RAD-DINO,spine_rad_dino_vitb14_teacher_20000.pth,blocks.10.norm2.weight,768,100.0,37.511075064314376,0.12373870316239767,0.32987245220309536,0.999994752400902,1.0006163735183853,0.0035455300918935486,0.004465035848749094,0.01594376564025879
RAD-DINO,spine_rad_dino_vitb14_teacher_20000.pth,blocks.10.norm2.bias,768,100.0,9.896477515433237,0.08983975538277292,0.9077952760734386,0.9999621442920548,0.9973738546076986,0.002573390882541086,0.0032418129346358797,0.013037681579589844
RAD-DINO,spine_rad_dino_vitb14_teacher_20000.pth,blocks.10.mlp.fc1.weight,2359296,99.99991522894965,101.3314425565473,8.15412968112471,8.046988649721783,0.9973864056703644,0.9619597935133453,0.004216589478849759,0.005308678177815567,0.032945454120635986
RAD-DINO,spine_rad_dino_vitb14_teacher_20000.pth,blocks.10.mlp.fc1.bias,3072,100.0,92.30739773931845,0.2294696461053757,0.24859290991325703,0.9999969114360139,1.0000491134746496,0.003308367859669185,0.004140136310930838,0.019688010215759277
RAD-DINO,spine_rad_dino_vitb14_teacher_20000.pth,blocks.10.mlp.fc2.weight,2359296,99.99995761447482,103.20965708269927,8.117159215131407,7.864728402912272,0.9975323703505372,0.9620891032562262,0.004188273842642712,0.005284608864017843,0.03795933723449707
RAD-DINO,spine_rad_dino_vitb14_teacher_20000.pth,blocks.10.mlp.fc2.bias,768,100.0,6.5271765785201765,0.10947218493374335,1.6771751708694018,0.9998607511048794,0.9981834749224643,0.003081408660041992,0.003950237215017076,0.016872882843017578
RAD-DINO,spine_rad_dino_vitb14_teacher_20000.pth,blocks.10.ls2.gamma,768,100.0,159.99786118464792,0.13677403125443707,0.08548491226179016,0.9999996456229511,1.000148013577998,0.0038823051242313036,0.004935407735181221,0.020333290100097656
RAD-DINO,spine_rad_dino_vitb14_teacher_20000.pth,blocks.11.norm1.weight,768,100.0,25.139848619337307,0.13572238625654817,0.5398695446087608,0.9999854501445945,1.000200887853737,0.003873957854618008,0.0048974597650172785,0.020250022411346436
RAD-DINO,spine_rad_dino_vitb14_teacher_20000.pth,blocks.11.norm1.bias,768,100.0,8.436218863208504,0.1177806028441677,1.396130242161271,0.9999038611448977,0.9982761333475422,0.0034041531200254362,0.004250041422337289,0.015125751495361328
RAD-DINO,spine_rad_dino_vitb14_teacher_20000.pth,blocks.11.attn.qkv.weight,1769472,100.0,89.27368566649272,7.84769527543181,8.790602983222973,0.9968940849454097,0.9578391661769551,0.0046808807719837826,0.005899568984099882,0.03407925367355347
RAD-DINO,spine_rad_dino_vitb14_teacher_20000.pth,blocks.11.attn.qkv.bias,2304,100.0,54.88171038322963,0.18462991970547307,0.3364142961584721,0.9999943663545705,1.0002184171188497,0.003013345273903351,0.003846456660530689,0.015803245943970978
RAD-DINO,spine_rad_dino_vitb14_teacher_20000.pth,blocks.11.attn.proj.weight,589824,100.0,40.745025975295306,4.095716533374942,10.05206509343809,0.995600772030514,0.9591961221623025,0.004241187063654185,0.005332964236165289,0.040938377380371094
RAD-DINO,spine_rad_dino_vitb14_teacher_20000.pth,blocks.11.attn.proj.bias,768,100.0,10.556598347583986,0.10767098691276125,1.0199401679178517,0.9999483345156194,0.9991119762347128,0.003004995759435284,0.003885242079874711,0.021051406860351562
RAD-DINO,spine_rad_dino_vitb14_teacher_20000.pth,blocks.11.ls1.gamma,768,100.0,124.40786621516123,0.1346074540254849,0.10819850715282237,0.9999994188665164,0.9999076307115733,0.003755095519106059,0.004857228113533993,0.021546363830566406
RAD-DINO,spine_rad_dino_vitb14_teacher_20000.pth,blocks.11.norm2.weight,768,100.0,38.15778954835383,0.15367532016769356,0.40273643202773857,0.9999932540526315,1.0016448636126727,0.004470114674101448,0.005545280466663738,0.020984217524528503
RAD-DINO,spine_rad_dino_vitb14_teacher_20000.pth,blocks.11.norm2.bias,768,100.0,10.395327651219514,0.14725856990738123,1.4165842082919413,0.9999095410313293,0.995464169573073,0.0042262735063332,0.005313735936031618,0.02102947235107422
RAD-DINO,spine_rad_dino_vitb14_teacher_20000.pth,blocks.11.mlp.fc1.weight,2359296,99.99995761447482,108.9051905110807,9.543167332705021,8.762821393470716,0.9968946215683211,0.9584551836271561,0.004922667440906766,0.006212999565563165,0.056546151638031006
RAD-DINO,spine_rad_dino_vitb14_teacher_20000.pth,blocks.11.mlp.fc1.bias,3072,100.0,95.35097262919943,0.2784141474187434,0.2919887859995298,0.9999957412631844,0.9999046939106229,0.003803646133746952,0.005023202592450364,0.05110454559326172
RAD-DINO,spine_rad_dino_vitb14_teacher_20000.pth,blocks.11.mlp.fc2.weight,2359296,99.99991522894965,103.49391269199656,9.256827751548395,8.944320985425694,0.9967071229596038,0.9589556097787633,0.004739891258652964,0.006026580567414319,0.14457333087921143
RAD-DINO,spine_rad_dino_vitb14_teacher_20000.pth,blocks.11.mlp.fc2.bias,768,100.0,6.938595457559169,0.11517837394689133,1.6599666986120607,0.9998811699347648,0.993724634044838,0.0029848144208699523,0.004156141575191318,0.04693317413330078
RAD-DINO,spine_rad_dino_vitb14_teacher_20000.pth,blocks.11.ls2.gamma,768,100.0,203.6326226064988,0.2153256979713943,0.1057422407152764,0.9999995499760994,1.0004665559164874,0.005710424563403649,0.007769896855451784,0.06473636627197266
RAD-DINO,spine_rad_dino_vitb14_teacher_20000.pth,norm.weight,768,100.0,48.744909384696705,0.27174192080266446,0.5574775381323755,0.9999876234000428,1.002502593343747,0.007989650990869753,0.009805641945345268,0.03137373924255371
RAD-DINO,spine_rad_dino_vitb14_teacher_20000.pth,norm.bias,768,100.0,8.99812415587235,0.3451752210869833,3.836079777380214,0.9992850642963939,0.9927896403925593,0.011066223770171746,0.012455437925759899,0.029879063367843628
RAD-DINO,teacher_training_75712.pth,cls_token,768,100.0,1.4511170236042474,0.09083374641516845,6.259574172009774,0.999451112432657,0.9463403505819302,0.0019254075723248814,0.0032776804965187318,0.027448296546936035
RAD-DINO,teacher_training_75712.pth,pos_embed,1052160,100.0,32.168337485446706,4.6829050917165835,14.557498017530992,0.990138635177627,0.9505584415897278,0.0035734787470186225,0.004565354040388343,0.039730966091156006
RAD-DINO,teacher_training_75712.pth,mask_token,768,100.0,2.590206780176692,0.1292254363034603,4.98900077370059,0.9998024942637053,0.9540418079934471,0.002831099038256587,0.004663021277246853,0.03415334224700928
RAD-DINO,teacher_training_75712.pth,patch_embed.proj.weight,451584,99.99977855725623,7.28197395162057,0.11340573603813996,1.5573488286497101,0.9999357155550158,0.9892600994167828,0.00013113344190913672,0.0001687585357710416,0.0011533637589309365
RAD-DINO,teacher_training_75712.pth,patch_embed.proj.bias,768,100.0,2.8577219807976046,0.013425923861151929,0.46981210738368206,0.9999893285298975,0.9991352118519167,0.0002860351007901348,0.00048446629720971785,0.006235387176275253
RAD-DINO,teacher_training_75712.pth,blocks.0.norm1.weight,768,100.0,23.60748344048692,0.18940071205834003,0.8022909876684149,0.9999800764954319,1.0049318913848628,0.004842701551933004,0.006834409505724338,0.0427095890045166
RAD-DINO,teacher_training_75712.pth,blocks.0.norm1.bias,768,100.0,6.784078726221279,0.08950698535379825,1.3193683175851572,0.9999259085220484,0.9948371159944902,0.0024285284113719405,0.0032298051305229567,0.012457206845283508
RAD-DINO,teacher_training_75712.pth,blocks.0.attn.qkv.weight,1769472,100.0,46.998751146329035,7.34706035874671,15.632458692087123,0.9887715378132843,0.9428745829510282,0.004319205367223469,0.005523212598795366,0.045598357915878296
RAD-DINO,teacher_training_75712.pth,blocks.0.attn.qkv.bias,2304,100.0,50.178603188996,0.22129488043127934,0.44101442919361405,0.9999903636652437,0.9995698924747682,0.00331623247933541,0.004610310008984987,0.036038875579833984
RAD-DINO,teacher_training_75712.pth,blocks.0.attn.proj.weight,589824,100.0,29.693365346666695,4.283717671629643,14.426514548343446,0.9905881152963568,0.9450112969810688,0.0043849520566567966,0.005577757384934431,0.03160408139228821
RAD-DINO,teacher_training_75712.pth,blocks.0.attn.proj.bias,768,100.0,3.889434479947598,0.06471426525606613,1.6638476773347783,0.9998615767290063,0.9999689468913854,0.0017777101904007016,0.002335174904124914,0.015476100146770477
RAD-DINO,teacher_training_75712.pth,blocks.0.ls1.gamma,768,100.0,3.460789942310875,0.17705420137544847,5.116005430171356,0.9987473927230305,1.0094106767952928,0.005084477956463533,0.006388893176579337,0.019731998443603516
RAD-DINO,teacher_training_75712.pth,blocks.0.norm2.weight,768,100.0,44.22209733456492,0.24274707876396415,0.5489271052149485,0.999988983311655,0.9971431369768916,0.007024356838580085,0.008759380704335623,0.028776705265045166
RAD-DINO,teacher_training_75712.pth,blocks.0.norm2.bias,768,100.0,9.137029923600851,0.09010273206094883,0.9861271421276016,0.999951508391946,1.0004651321569924,0.0025130181121918818,0.003251302288131846,0.011250361800193787
RAD-DINO,teacher_training_75712.pth,blocks.0.mlp.fc1.weight,2359296,100.0,60.062566950311755,9.204862238019572,15.325455946021291,0.9893797589457144,0.9408074684209329,0.004730597171050933,0.005992748852877325,0.059637606143951416
RAD-DINO,teacher_training_75712.pth,blocks.0.mlp.fc1.bias,3072,100.0,64.5492698300922,0.22307601170411537,0.3455902945010845,0.9999943703929928,1.000821463400486,0.0032089476274469084,0.004024781106472472,0.016386747360229492
RAD-DINO,teacher_training_75712.pth,blocks.0.mlp.fc2.weight,2359296,99.99995761447482,61.837337177621635,8.849957220823278,14.311672566693245,0.9909485826465042,0.9413351710046952,0.004544893794327641,0.005761690898973488,0.03696185350418091
RAD-DINO,teacher_training_75712.pth,blocks.0.mlp.fc2.bias,768,100.0,5.826174843003099,0.06041434688603732,1.0369470280932518,0.9999464020547247,1.0005233735409311,0.0015716845624448676,0.0021800149648480674,0.01736120879650116
RAD-DINO,teacher_training_75712.pth,blocks.0.ls2.gamma,768,100.0,2.538596521229324,0.12071268209087883,4.7550952300377105,0.9989028674250428,1.0071509953729425,0.003425574106564966,0.004355843718735664,0.01416105031967163
RAD-DINO,teacher_training_75712.pth,blocks.1.norm1.weight,768,100.0,31.84047975959894,0.21469965659679396,0.6742978064960486,0.9999836531357396,1.0035577672754623,0.005931280585240506,0.00774730653319245,0.028310775756835938
RAD-DINO,teacher_training_75712.pth,blocks.1.norm1.bias,768,100.0,8.270050617527524,0.10728183809241369,1.2972331495171363,0.9999173930377714,0.998164029449243,0.003033753749385267,0.0038711998813633058,0.017338871955871582
RAD-DINO,teacher_training_75712.pth,blocks.1.attn.qkv.weight,1769472,100.0,55.837690702299184,8.795621672103122,15.752122914604975,0.9889691364783262,0.9353697844452273,0.005213124264595746,0.006612180390727661,0.0626259446144104
RAD-DINO,teacher_training_75712.pth,blocks.1.attn.qkv.bias,2304,100.0,64.46607269959495,0.24059708004832284,0.3732150416072027,0.9999930563053224,1.0001970307831767,0.0037263650278028925,0.005012439167673392,0.029918670654296875
RAD-DINO,teacher_training_75712.pth,blocks.1.attn.proj.weight,589824,100.0,31.47266697879827,4.785059033703325,15.203856212524999,0.9896489414403966,0.9394418536219334,0.0049166190408254104,0.006230545616801204,0.037134379148483276
RAD-DINO,teacher_training_75712.pth,blocks.1.attn.proj.bias,768,100.0,3.868661313492843,0.07656978471974381,1.97923205251101,0.9998118166181081,1.0037366861663082,0.0021439444976939135,0.002762974113733486,0.013579517602920532
RAD-DINO,teacher_training_75712.pth,blocks.1.ls1.gamma,768,100.0,2.4153185674900888,0.21138297684296972,8.751763833067836,0.9973348550211792,1.045668591263023,0.006505182620789658,0.007627626161399562,0.017797470092773438
RAD-DINO,teacher_training_75712.pth,blocks.1.norm2.weight,768,100.0,39.633783298448364,0.21362385765676908,0.5389943625824192,0.9999872778849593,0.9980879558848438,0.005991418864141451,0.007708486982716371,0.02707076072692871
RAD-DINO,teacher_training_75712.pth,blocks.1.norm2.bias,768,100.0,8.497390137455374,0.09558661713992882,1.1248938273246465,0.9999397564797139,1.002400488278337,0.002676708950057597,0.0034491849460414744,0.013701677322387695
RAD-DINO,teacher_training_75712.pth,blocks.1.mlp.fc1.weight,2359296,99.99995761447482,66.74221416868292,10.778643134005815,16.149663699744945,0.9883677950798093,0.934034912656639,0.005541419061622695,0.007017345790368369,0.050479233264923096
RAD-DINO,teacher_training_75712.pth,blocks.1.mlp.fc1.bias,3072,100.0,59.54128607812521,0.22976791747467107,0.3858967996982604,0.9999933020425763,1.0012163163584378,0.003202057748922016,0.004145517781410658,0.02200925350189209
RAD-DINO,teacher_training_75712.pth,blocks.1.mlp.fc2.weight,2359296,99.99995761447482,63.668770175262395,9.996881252408482,15.701388961793752,0.9890850708096566,0.9348389757290231,0.005139311844580865,0.006508386232036773,0.04309527575969696
RAD-DINO,teacher_training_75712.pth,blocks.1.mlp.fc2.bias,768,100.0,7.635208748315016,0.062131782753430516,0.8137535567333656,0.9999690013494733,0.9979139721591692,0.0017160889984163912,0.0022419875936202783,0.010991297662258148
RAD-DINO,teacher_training_75712.pth,blocks.1.ls2.gamma,768,100.0,3.4442977729844153,0.14725200095928007,4.275240140799126,0.9991781225538162,1.0127681341917456,0.004090981127338485,0.0053134988995344615,0.02060490846633911
RAD-DINO,teacher_training_75712.pth,blocks.2.norm1.weight,768,100.0,31.31928082065778,0.2459099460443601,0.7851711137701514,0.9999701227269543,1.0013469721558208,0.006535117805469781,0.008873510846569854,0.04891765117645264
RAD-DINO,teacher_training_75712.pth,blocks.2.norm1.bias,768,100.0,7.311083583568001,0.10504304012997721,1.4367643172082771,0.9998982605605171,0.9981776088617833,0.003027649269706482,0.003790414218471188,0.012873649597167969
RAD-DINO,teacher_training_75712.pth,blocks.2.attn.qkv.weight,1769472,100.0,58.15732488134747,10.177111114040613,17.499276548231794,0.9863319833090438,0.9273977040693586,0.006041481657053226,0.007650726355812604,0.06530427932739258
RAD-DINO,teacher_training_75712.pth,blocks.2.attn.qkv.bias,2304,100.0,30.884772987151102,0.2529645192050701,0.8190590208006714,0.9999664643863769,0.9998413031027773,0.003992204079800388,0.005270094150105627,0.02274423837661743
RAD-DINO,teacher_training_75712.pth,blocks.2.attn.proj.weight,589824,100.0,32.76501610808458,5.600502230760224,17.09293293885588,0.9868291330181829,0.9316152451036307,0.005780241636143477,0.007292320612969042,0.039310675114393234
RAD-DINO,teacher_training_75712.pth,blocks.2.attn.proj.bias,768,100.0,3.265881181377662,0.0858941747572496,2.630045919827875,0.9996542408841891,1.000215909634123,0.0024283392501539915,0.003099439057369926,0.011374637484550476
RAD-DINO,teacher_training_75712.pth,blocks.2.ls1.gamma,768,100.0,2.919220370957251,0.22097672828174886,7.569717260135715,0.9977073367321115,1.0316188644022497,0.006525084236130851,0.007973810847381906,0.023179102689027786
RAD-DINO,teacher_training_75712.pth,blocks.2.norm2.weight,768,100.0,48.75334248302221,0.2774913306718581,0.5691739612899183,0.9999863404293495,0.9977331326928132,0.007642074514668214,0.010013105903824046,0.037352561950683594
RAD-DINO,teacher_training_75712.pth,blocks.2.norm2.bias,768,100.0,7.07263934855213,0.10724140882008087,1.516285555293226,0.9998920739440802,1.0036433037041455,0.0030017816836315583,0.003869741015659275,0.013908632099628448
RAD-DINO,teacher_training_75712.pth,blocks.2.mlp.fc1.weight,2359296,100.0,68.10672309542724,12.263908900044473,18.006899088157546,0.9852957683181784,0.9284398755469048,0.006304592605297234,0.007984315690133121,0.07404214143753052
RAD-DINO,teacher_training_75712.pth,blocks.2.mlp.fc1.bias,3072,100.0,47.950063379277275,0.24170535897073275,0.5040772460692748,0.9999882153419685,1.0013447586753457,0.003330797741000424,0.00436089543957274,0.027581393718719482
RAD-DINO,teacher_training_75712.pth,blocks.2.mlp.fc2.weight,2359296,100.0,64.9041403749015,11.354338464234482,17.494012552433738,0.9862557997388034,0.9287705839272783,0.005842980784369911,0.007392147437652657,0.046715155243873596
RAD-DINO,teacher_training_75712.pth,blocks.2.mlp.fc2.bias,768,100.0,6.222423129182375,0.07545465862920209,1.2126250025545404,0.9999365122216195,0.995456064295462,0.002103783207796065,0.0027227354669488216,0.012645542621612549
RAD-DINO,teacher_training_75712.pth,blocks.2.ls2.gamma,768,100.0,3.8140622151886987,0.17532107836930808,4.596702111232713,0.999099254875007,1.0167709305662236,0.004844679733698361,0.006326354486945969,0.02655807137489319
RAD-DINO,teacher_training_75712.pth,blocks.3.norm1.weight,768,100.0,38.03917908735768,0.20996903159885152,0.5519809749749166,0.9999848665443052,1.000433884701208,0.005839910494008412,0.0075766048071926224,0.029732227325439453
RAD-DINO,teacher_training_75712.pth,blocks.3.norm1.bias,768,100.0,8.584696292752144,0.12943852776808445,1.5077822598962103,0.9998863250835378,0.9998244915310114,0.003517371619949472,0.004670710553150776,0.026389360427856445
RAD-DINO,teacher_training_75712.pth,blocks.3.attn.qkv.weight,1769472,99.99994348596644,61.674562358514656,11.582181786219772,18.779511914316423,0.9842940894101684,0.9202483149844677,0.006868820353908802,0.008706999703225476,0.0805211067199707
RAD-DINO,teacher_training_75712.pth,blocks.3.attn.qkv.bias,2304,100.0,368.25763205735143,0.2934841647630238,0.07969533804999793,0.9999996879784885,1.0001050054283638,0.004647530679062268,0.006114253432562995,0.029435157775878906
RAD-DINO,teacher_training_75712.pth,blocks.3.attn.proj.weight,589824,100.0,34.4503068377707,6.316474466470596,18.33503108177059,0.9849714965393774,0.9234395091509453,0.006477846786400119,0.00822457612821692,0.048864513635635376
RAD-DINO,teacher_training_75712.pth,blocks.3.attn.proj.bias,768,100.0,3.817396664180864,0.0915805735732668,2.399032158030088,0.999712363343361,0.9991250379697516,0.0025544480097986857,0.003304629300316619,0.015493690967559814
RAD-DINO,teacher_training_75712.pth,blocks.3.ls1.gamma,768,100.0,4.517955699889944,0.20682999899402327,4.577955445624701,0.9991636333719996,1.0197484301732407,0.005811633181432778,0.007463334724730585,0.030483245849609375
RAD-DINO,teacher_training_75712.pth,blocks.3.norm2.weight,768,100.0,36.700284730100584,0.2360099210807754,0.6430738148666362,0.9999798167468554,1.0009739466232617,0.006780486636292456,0.008516274466713,0.027975916862487793
RAD-DINO,teacher_training_75712.pth,blocks.3.norm2.bias,768,100.0,7.471220914459426,0.13402144461146537,1.7938359224807152,0.9998528194777557,1.0050916503870044,0.0037870306171114976,0.004836082320225753,0.020679950714111328
RAD-DINO,teacher_training_75712.pth,blocks.3.mlp.fc1.weight,2359296,100.0,70.21764022471545,14.33677646851447,20.4176278533897,0.9806031006910856,0.9234157436886643,0.007377641450511224,0.009333838846689108,0.07387036085128784
RAD-DINO,teacher_training_75712.pth,blocks.3.mlp.fc1.bias,3072,100.0,53.06527831196579,0.28548052777050675,0.5379798935420512,0.9999866010188883,1.0014509964211267,0.003813274903980831,0.005150695611146829,0.026726484298706055
RAD-DINO,teacher_training_75712.pth,blocks.3.mlp.fc2.weight,2359296,100.0,67.70145394298925,13.120038932476072,19.37925726606157,0.9828955015361123,0.9225703147701726,0.006744934498615909,0.008541692013330776,0.06337416172027588
RAD-DINO,teacher_training_75712.pth,blocks.3.mlp.fc2.bias,768,100.0,4.319938575148875,0.07685497687331314,1.7790756867570632,0.9998602672545592,0.9937721588225553,0.002044202749073539,0.0027732650991481125,0.021822333335876465
RAD-DINO,teacher_training_75712.pth,blocks.3.ls2.gamma,768,100.0,7.108843553017685,0.21096009511697691,2.9675726233618533,0.9996066119066652,1.009303379152248,0.006050906809377921,0.00761236673150348,0.02455580234527588
RAD-DINO,teacher_training_75712.pth,blocks.4.norm1.weight,768,100.0,36.60306489033351,0.2449152935853297,0.6691114373048287,0.9999776239853094,1.0001172049941673,0.007029204706971844,0.008837619417509145,0.038446664810180664
RAD-DINO,teacher_training_75712.pth,blocks.4.norm1.bias,768,100.0,7.727365959432482,0.15580273993205865,2.0162464253666745,0.999796721351872,0.9997019018776567,0.0043700083240878485,0.0056220471150159575,0.03798782825469971
RAD-DINO,teacher_training_75712.pth,blocks.4.attn.qkv.weight,1769472,100.0,62.900339993871114,13.311246650122317,21.16243990321728,0.9797000965643312,0.9118976963569035,0.007903422072344502,0.010006838329033365,0.07427600026130676
RAD-DINO,teacher_training_75712.pth,blocks.4.attn.qkv.bias,2304,100.0,38.89622519586585,0.3196715999767518,0.8218576439410594,0.9999667700519379,1.0010089825041284,0.004934934486003881,0.006659824999515663,0.03685903549194336
RAD-DINO,teacher_training_75712.pth,blocks.4.attn.proj.weight,589824,100.0,35.82343672743902,7.16953572966969,20.01353411237111,0.9820182117563926,0.9155808503704455,0.007374949282467381,0.009335332981340741,0.057506710290908813
RAD-DINO,teacher_training_75712.pth,blocks.4.attn.proj.bias,768,100.0,3.6589323035196553,0.1046366958748259,2.8597603670932146,0.9995939836375034,0.997153684472837,0.0028965708960555503,0.0037757515331527333,0.02386486530303955
RAD-DINO,teacher_training_75712.pth,blocks.4.ls1.gamma,768,100.0,6.469515336128599,0.2563428307157972,3.962318928038812,0.9993767846499356,1.017375529772681,0.007202480021078372,0.009249975144912263,0.042268455028533936
RAD-DINO,teacher_training_75712.pth,blocks.4.norm2.weight,768,100.0,34.450326147575275,0.27620664037974246,0.8017533395665191,0.9999700630838038,1.0020695643524822,0.007906709176798662,0.009966748635950404,0.04550701379776001
RAD-DINO,teacher_training_75712.pth,blocks.4.norm2.bias,768,100.0,7.919754984471205,0.14204618230370594,1.7935678891862867,0.999856525010606,1.0057522169629447,0.004055236417912056,0.005125650099400205,0.024618864059448242
RAD-DINO,teacher_training_75712.pth,blocks.4.mlp.fc1.weight,2359296,99.99995761447482,72.6222280352943,16.586378942487976,22.839259261540445,0.9753722847106514,0.9160910048386545,0.008544715142655182,0.010798423790682276,0.08530956506729126
RAD-DINO,teacher_training_75712.pth,blocks.4.mlp.fc1.bias,3072,100.0,53.31912964414459,0.3155167977572541,0.5917515905886578,0.9999834116413726,1.0013400812457307,0.0041650295109623885,0.00569261587871873,0.031122803688049316
RAD-DINO,teacher_training_75712.pth,blocks.4.mlp.fc2.weight,2359296,99.99995761447482,70.13031378404459,15.131387348237533,21.576101020782954,0.9785613887750192,0.9142558281507851,0.0077881580337907375,0.009851163638175477,0.08452528715133667
RAD-DINO,teacher_training_75712.pth,blocks.4.mlp.fc2.bias,768,100.0,4.1535088504900655,0.0929563524315579,2.238019847257341,0.9997965276610608,0.9901027148515475,0.002355542703663597,0.003354273443702855,0.03559720516204834
RAD-DINO,teacher_training_75712.pth,blocks.4.ls2.gamma,768,100.0,11.227556489868643,0.2416879657482036,2.152631928116277,0.9997777832796918,1.0041364942644662,0.006912605279164079,0.00872116325528865,0.03338456153869629
RAD-DINO,teacher_training_75712.pth,blocks.5.norm1.weight,768,100.0,34.129609238860255,0.25938576614315684,0.7600021562737906,0.9999712283162067,1.0004379059106845,0.007550139193578313,0.009359777619169308,0.029950261116027832
RAD-DINO,teacher_training_75712.pth,blocks.5.norm1.bias,768,100.0,8.066283988785816,0.17903411823728183,2.219536511312827,0.9997539951958633,0.9989262617871405,0.00490941525580979,0.006460337272401372,0.03893017768859863
RAD-DINO,teacher_training_75712.pth,blocks.5.attn.qkv.weight,1769472,100.0,66.32642320765137,15.011783441664386,22.633187070356957,0.9768370551318606,0.9031027484974132,0.008916296423769142,0.0112852307435694,0.08807894587516785
RAD-DINO,teacher_training_75712.pth,blocks.5.attn.qkv.bias,2304,100.0,41.94013079326548,0.37150254154925455,0.8857925202486693,0.999961623349343,1.001269679290804,0.005788192111212077,0.007739636282276137,0.04003429412841797
RAD-DINO,teacher_training_75712.pth,blocks.5.attn.proj.weight,589824,100.0,37.042302311831605,8.134362335007184,21.959656466625738,0.9780674258974935,0.9085078053193864,0.008386716319012118,0.010591617623707271,0.06905561685562134
RAD-DINO,teacher_training_75712.pth,blocks.5.attn.proj.bias,768,100.0,3.6484930798442434,0.12275493465739386,3.364537960495031,0.9994431779019018,0.9951214394306144,0.003459229939908918,0.004429537160550079,0.022719532251358032
RAD-DINO,teacher_training_75712.pth,blocks.5.ls1.gamma,768,100.0,11.20463464338304,0.29477749138951403,2.6308532207571496,0.9997016619658878,1.0094767222866654,0.008456887720967643,0.010636866500298657,0.04957222938537598
RAD-DINO,teacher_training_75712.pth,blocks.5.norm2.weight,768,100.0,33.25938207282215,0.30838055477114934,0.9271986896688077,0.9999595661003456,1.0022186757930254,0.008798669713238874,0.011127724769373074,0.04231524467468262
RAD-DINO,teacher_training_75712.pth,blocks.5.norm2.bias,768,100.0,8.359260829148731,0.19326307515033747,2.311963690335267,0.999766686734017,1.0080095936033902,0.005433576646604858,0.006973780528903888,0.02593410015106201
RAD-DINO,teacher_training_75712.pth,blocks.5.mlp.fc1.weight,2359296,100.0,75.14090922786188,19.029573266439126,25.325183660917233,0.9692589552417981,0.9092638299203163,0.009805056692214011,0.012389045095337973,0.08046584576368332
RAD-DINO,teacher_training_75712.pth,blocks.5.mlp.fc1.bias,3072,100.0,60.68015898513002,0.3885343127471233,0.6402987718643511,0.9999810437669582,1.0017377864857138,0.005020728430584616,0.007010012189186184,0.04663270711898804
RAD-DINO,teacher_training_75712.pth,blocks.5.mlp.fc2.weight,2359296,99.99995761447482,73.73290932652878,17.386940988197335,23.580977811683322,0.9741522169484907,0.906485436020405,0.00894107520387424,0.011319623039190973,0.1057441234588623
RAD-DINO,teacher_training_75712.pth,blocks.5.mlp.fc2.bias,768,100.0,4.989067688602086,0.10790428323557788,2.1628145772023424,0.9998560300020942,0.9864449367921793,0.002520693077561494,0.003893660435798407,0.05338907241821289
RAD-DINO,teacher_training_75712.pth,blocks.5.ls2.gamma,768,100.0,18.67983420852597,0.2975068003247949,1.5926629594442805,0.9998819527443799,1.0040744405681752,0.00847875610149155,0.010735351953329034,0.056360721588134766
RAD-DINO,teacher_training_75712.pth,blocks.6.norm1.weight,768,100.0,35.35552126573267,0.2993661070736598,0.8467308537855214,0.9999643182624692,1.0005414768196919,0.00861715505986164,0.01080244390657674,0.03514516353607178
RAD-DINO,teacher_training_75712.pth,blocks.6.norm1.bias,768,100.0,6.675838495934328,0.1857576134182343,2.7825360594232933,0.9996133072519147,0.9986059705108937,0.005110977781870456,0.0067029505069400004,0.042447686195373535
RAD-DINO,teacher_training_75712.pth,blocks.6.attn.qkv.weight,1769472,100.0,68.40049056226988,17.08170960215426,24.973080546262388,0.9714015316316686,0.8940296319951574,0.010165499016425548,0.012841314631540075,0.08481836318969727
RAD-DINO,teacher_training_75712.pth,blocks.6.attn.qkv.bias,2304,100.0,43.35992735471201,0.4707063833923809,1.085579271251312,0.9999452558340873,1.002837123831621,0.007237082177421744,0.009806382987341268,0.07488727569580078
RAD-DINO,teacher_training_75712.pth,blocks.6.attn.proj.weight,589824,100.0,39.65878479700171,9.518867550971766,24.00191432918392,0.9738514320613556,0.8964188751198374,0.009826380895859067,0.012394358790327818,0.08312776684761047
RAD-DINO,teacher_training_75712.pth,blocks.6.attn.proj.bias,768,100.0,3.4044624054140753,0.14370099123488358,4.220959849824091,0.9991087797069185,0.9991711722572686,0.004112711074276613,0.005185362873267256,0.02666035294532776
RAD-DINO,teacher_training_75712.pth,blocks.6.ls1.gamma,768,100.0,14.997642374512868,0.32334833970973,2.155994466565166,0.9997883800493222,1.0062409838364814,0.009344061078688052,0.011667828185839448,0.04689896106719971
RAD-DINO,teacher_training_75712.pth,blocks.6.norm2.weight,768,100.0,37.025794570322184,0.3194465828108123,0.8627676637812464,0.9999634193465298,1.001093390748849,0.00913879188495533,0.011527035661095534,0.03514540195465088
RAD-DINO,teacher_training_75712.pth,blocks.6.norm2.bias,768,100.0,8.726225823197517,0.21225449888486886,2.4323745819254223,0.9997507973356762,1.0094100614898256,0.0060697112252092,0.007659074504243009,0.03019261360168457
RAD-DINO,teacher_training_75712.pth,blocks.6.mlp.fc1.weight,2359296,100.0,78.63418946545195,21.5764712233511,27.439045750997092,0.963752243536343,0.8996545829404552,0.011130981838414291,0.014047181786035872,0.08792363852262497
RAD-DINO,teacher_training_75712.pth,blocks.6.mlp.fc1.bias,3072,100.0,67.00556373549423,0.43451475230876957,0.6484756311043438,0.9999807194136863,1.0018492117275972,0.0057230098548188835,0.007839600287885365,0.03924274444580078
RAD-DINO,teacher_training_75712.pth,blocks.6.mlp.fc2.weight,2359296,100.0,78.86637162404273,19.87485514572252,25.200671384333837,0.9706028370859108,0.8959218409668356,0.010221825091303835,0.012939358818829766,0.09315615892410278
RAD-DINO,teacher_training_75712.pth,blocks.6.mlp.fc2.bias,768,100.0,5.063531269893844,0.11690998478768744,2.30886269988688,0.9998302131783611,0.9859183520167617,0.0028986418657718596,0.0042186256992579,0.0491025447845459
RAD-DINO,teacher_training_75712.pth,blocks.6.ls2.gamma,768,100.0,29.301688455750924,0.33915522278717514,1.157459657314084,0.9999367412858227,1.0026676494023177,0.009610059962142259,0.012238209948327692,0.048232078552246094
RAD-DINO,teacher_training_75712.pth,blocks.7.norm1.weight,768,100.0,35.25483134005978,0.3193132366244798,0.9057290149666571,0.9999600155369308,1.0013977837636756,0.009238402708433568,0.011522223945059631,0.03739345073699951
RAD-DINO,teacher_training_75712.pth,blocks.7.norm1.bias,768,100.0,6.369451215049221,0.20557568336778978,3.2275258327133787,0.9994794035265127,0.9986016941233409,0.005602036573582343,0.007418073508202169,0.050008177757263184
RAD-DINO,teacher_training_75712.pth,blocks.7.attn.qkv.weight,1769472,100.0,71.22993275813987,19.07709204381573,26.782409171424742,0.9668853584782269,0.8856631906782306,0.011357922066134311,0.01434135967038057,0.0970875471830368
RAD-DINO,teacher_training_75712.pth,blocks.7.attn.qkv.bias,2304,100.0,55.11817629362908,0.5351804350443562,0.9709690541887828,0.9999565997220677,1.0026914522114803,0.008087117669755154,0.01114959239675742,0.06548500061035156
RAD-DINO,teacher_training_75712.pth,blocks.7.attn.proj.weight,589824,100.0,41.65502942795093,10.709686339753734,25.710427976717337,0.9698882115087049,0.8875125263937935,0.011077917975076089,0.01394490408822101,0.10700881481170654
RAD-DINO,teacher_training_75712.pth,blocks.7.attn.proj.bias,768,100.0,3.7843492021783516,0.16799726818248603,4.439264433783839,0.9990204677430765,1.0025703749110475,0.004735763076910852,0.006062079250517504,0.04034706950187683
RAD-DINO,teacher_training_75712.pth,blocks.7.ls1.gamma,768,100.0,21.699801419040135,0.37189054741332084,1.713797007778198,0.9998738679021899,1.0063129464133664,0.010558194102486596,0.01341944422863488,0.058550357818603516
RAD-DINO,teacher_training_75712.pth,blocks.7.norm2.weight,768,100.0,36.39711754234938,0.3594414842477348,0.9875548079583817,0.9999512798373104,0.9996537934562396,0.010334254116363203,0.01297022735552177,0.061387062072753906
RAD-DINO,teacher_training_75712.pth,blocks.7.norm2.bias,768,100.0,8.55042441243144,0.22030007618016934,2.5764811844880544,0.9997217974223854,1.0100899105991727,0.006164908947634255,0.007949394267819739,0.038236916065216064
RAD-DINO,teacher_training_75712.pth,blocks.7.mlp.fc1.weight,2359296,100.0,82.67063497010237,24.285449336049417,29.376149517700195,0.9583780785434207,0.8892090285195353,0.012546584222548717,0.015810839411490505,0.09301075618714094
RAD-DINO,teacher_training_75712.pth,blocks.7.mlp.fc1.bias,3072,99.96744791666667,68.82035759111065,0.494272128374668,0.7182062774380467,0.9999755250108896,1.0015980682304104,0.006600848984514111,0.00891775457406387,0.047768592834472656
RAD-DINO,teacher_training_75712.pth,blocks.7.mlp.fc2.weight,2359296,100.0,82.86845860835179,22.898994619595783,27.632943829472822,0.9641152994116556,0.8874584730495737,0.011803974668486227,0.014908199622132672,0.10801208019256592
RAD-DINO,teacher_training_75712.pth,blocks.7.mlp.fc2.bias,768,100.0,5.649548307766635,0.12829840110956436,2.2709497135052015,0.9998115450335425,0.9880282160265837,0.003348108203264625,0.004629569776075348,0.04728126525878906
RAD-DINO,teacher_training_75712.pth,blocks.7.ls2.gamma,768,100.0,38.615709310527706,0.38326690953050147,0.9925155237949037,0.9999589043045046,1.003998583049481,0.011087437936415276,0.013829953336806936,0.052455782890319824
RAD-DINO,teacher_training_75712.pth,blocks.8.norm1.weight,768,100.0,30.941669443358563,0.3715677652748775,1.2008652796031736,0.9999278935603854,0.9999357729639544,0.010674227523850277,0.013407796831477388,0.04989588260650635
RAD-DINO,teacher_training_75712.pth,blocks.8.norm1.bias,768,100.0,7.312580864996485,0.20240723565081686,2.7679315878705726,0.9996168698237469,0.999792834986969,0.005528369832366782,0.007303741999307946,0.039084047079086304
RAD-DINO,teacher_training_75712.pth,blocks.8.attn.qkv.weight,1769472,100.0,73.91204671042381,21.132529369523628,28.591454722283196,0.9622726747751777,0.874432883492343,0.012603804203903798,0.01588655145853143,0.10715913772583008
RAD-DINO,teacher_training_75712.pth,blocks.8.attn.qkv.bias,2304,100.0,75.68985348604413,0.8040990718057824,1.0623604548977548,0.9999566132817548,1.0050643935755288,0.011137922630696314,0.0167520639959538,0.1564960479736328
RAD-DINO,teacher_training_75712.pth,blocks.8.attn.proj.weight,589824,100.0,43.89059081828979,11.913007735382495,27.142509392737974,0.9669922189463855,0.8734746638225405,0.012329811609832915,0.015511728822112623,0.10490453243255615
RAD-DINO,teacher_training_75712.pth,blocks.8.attn.proj.bias,768,100.0,5.56895856153875,0.20360770615409354,3.656118175493032,0.9993314680809757,0.9996525727300082,0.005657972614956819,0.007347060247321758,0.04325467720627785
RAD-DINO,teacher_training_75712.pth,blocks.8.ls1.gamma,768,100.0,29.872454043255463,0.38570300699924204,1.291166123950654,0.9999189687407886,1.0020765237472002,0.010796121991006657,0.01391785843239128,0.08433771133422852
RAD-DINO,teacher_training_75712.pth,blocks.8.norm2.weight,768,100.0,38.171430311526784,0.3990463522490452,1.045405815271595,0.9999484613863925,0.9974559203388145,0.011354514494693527,0.01439934493063278,0.04836773872375488
RAD-DINO,teacher_training_75712.pth,blocks.8.norm2.bias,768,100.0,9.702165640064024,0.21300372772242143,2.1954245642111694,0.9997879769222882,1.007402942455779,0.006022106651698778,0.00768610997118336,0.03512287139892578
RAD-DINO,teacher_training_75712.pth,blocks.8.mlp.fc1.weight,2359296,100.0,87.86916222146357,27.002068401157167,30.729857572901093,0.9548429554541656,0.8763733165769263,0.013966077504522988,0.017579471615336698,0.0959109365940094
RAD-DINO,teacher_training_75712.pth,blocks.8.mlp.fc1.bias,3072,100.0,75.4712031849714,0.5472838523616166,0.7251558598056078,0.9999743988122698,1.001150571444759,0.007304698963707779,0.009874202483878587,0.06432688236236572
RAD-DINO,teacher_training_75712.pth,blocks.8.mlp.fc2.weight,2359296,100.0,89.6120877569878,26.116087581173367,29.14348748574589,0.9604831219928998,0.8740995939542153,0.01347721432579218,0.017002661185659743,0.09765874594449997
RAD-DINO,teacher_training_75712.pth,blocks.8.mlp.fc2.bias,768,100.0,4.821737318115487,0.14726120472927348,3.054110894345207,0.9996084873464899,0.9873656400210751,0.0038650960034090076,0.005313831011977165,0.03956747055053711
RAD-DINO,teacher_training_75712.pth,blocks.8.ls2.gamma,768,100.0,58.73839228147685,0.40302092744705553,0.6861286320465877,0.9999782655219195,1.0018779408094025,0.011754466725202898,0.014542765059413135,0.0489804744720459
RAD-DINO,teacher_training_75712.pth,blocks.9.norm1.weight,768,100.0,29.112984404583063,0.38825364014473107,1.333609892923279,0.9999111042874075,1.0001718952243754,0.011154732666909695,0.014009896478213286,0.054065823554992676
RAD-DINO,teacher_training_75712.pth,blocks.9.norm1.bias,768,100.0,7.7009742015951,0.21618774507280428,2.807277876973349,0.9996059202809908,0.999882991862408,0.005974586060953395,0.007801003300830109,0.03949570655822754
RAD-DINO,teacher_training_75712.pth,blocks.9.attn.qkv.weight,1769472,100.0,77.6090565860085,23.7364656782486,30.58465947455912,0.9566788999438353,0.8629950853587077,0.014167261831799442,0.01784408183456659,0.09206884540617466
RAD-DINO,teacher_training_75712.pth,blocks.9.attn.qkv.bias,2304,100.0,80.36221864117798,0.9754410233194792,1.213805491949993,0.9999360214815851,1.0043382292969973,0.011845052361192328,0.020321687985822484,0.19249916076660156
RAD-DINO,teacher_training_75712.pth,blocks.9.attn.proj.weight,589824,100.0,45.57062577852618,13.411663136927356,29.430500257135396,0.9607692954344481,0.8623158872246247,0.013903175197455335,0.01746310304287416,0.1340237855911255
RAD-DINO,teacher_training_75712.pth,blocks.9.attn.proj.bias,768,100.0,4.108815047197659,0.245346251976908,5.9712167415333495,0.9982213823299495,0.9948344843167485,0.006795643014716764,0.00885317028897085,0.052803125232458115
RAD-DINO,teacher_training_75712.pth,blocks.9.ls1.gamma,768,100.0,44.06973592504983,0.44213823337692837,1.0032695320182554,0.9999501923129236,1.0009710165096553,0.012520868554323291,0.0159542892536997,0.09180259704589844
RAD-DINO,teacher_training_75712.pth,blocks.9.norm2.weight,768,100.0,38.58331163021603,0.47435315678367773,1.2294257199327443,0.9999298193961021,0.9966446287464823,0.013659596576568825,0.01711674517250032,0.058962106704711914
RAD-DINO,teacher_training_75712.pth,blocks.9.norm2.bias,768,100.0,9.631337531911841,0.24538753055148887,2.547803248909489,0.9997076838956122,1.0077440623986729,0.00699163245070622,0.008854659801229977,0.038779497146606445
RAD-DINO,teacher_training_75712.pth,blocks.9.mlp.fc1.weight,2359296,99.99991522894965,93.92854366158181,29.995585931992917,31.934473550516213,0.9518811678716071,0.8621102491758715,0.015534404010770485,0.01952837625780789,0.11890586989466101
RAD-DINO,teacher_training_75712.pth,blocks.9.mlp.fc1.bias,3072,100.0,81.52286477314111,0.6302297413317051,0.7730711415570167,0.9999706942586657,1.0010446007484615,0.008630571015165364,0.011370728462786504,0.05426347255706787
RAD-DINO,teacher_training_75712.pth,blocks.9.mlp.fc2.weight,2359296,100.0,96.16737451749655,29.494795263345434,30.670271920524563,0.9568638092541494,0.8586044207548679,0.01524407302725287,0.01920234066624052,0.15445169806480408
RAD-DINO,teacher_training_75712.pth,blocks.9.mlp.fc2.bias,768,100.0,6.488167136315475,0.19476165226095526,3.001797706024528,0.9995876489716663,0.9908385391030659,0.005260844956675707,0.007027855772542425,0.03753840923309326
RAD-DINO,teacher_training_75712.pth,blocks.9.ls2.gamma,768,100.0,90.28561651860291,0.4680843740576263,0.5184484440676991,0.9999865607546049,0.9999627125155188,0.013372943406769386,0.016890539960351753,0.0785815417766571
RAD-DINO,teacher_training_75712.pth,blocks.10.norm1.weight,768,100.0,26.838929957178067,0.4156930616325158,1.5488436472533018,0.999880719641242,1.0010405362870487,0.012029836914734915,0.015000031314612042,0.048367977142333984
RAD-DINO,teacher_training_75712.pth,blocks.10.norm1.bias,768,100.0,8.993291771901575,0.23206946764472644,2.5804730184535845,0.9996672937860555,1.0004304224990743,0.006277071996919403,0.008374085600960998,0.0506213903427124
RAD-DINO,teacher_training_75712.pth,blocks.10.attn.qkv.weight,1769472,100.0,82.42569913248467,26.76626627376074,32.4732050264308,0.9511908042941133,0.8501222600157727,0.015963597805261125,0.020121759164527294,0.12310963869094849
RAD-DINO,teacher_training_75712.pth,blocks.10.attn.qkv.bias,2304,100.0,115.1179314350274,1.3854483894432676,1.2035035482071836,0.9999292521715621,0.9980985617461915,0.017185521206712906,0.02886350811340141,0.20737743377685547
RAD-DINO,teacher_training_75712.pth,blocks.10.attn.proj.weight,589824,100.0,45.959373504883104,14.709425591595084,32.00527872737916,0.9528123202463283,0.8513968172159013,0.015259359135019211,0.019152897905722766,0.1385124921798706
RAD-DINO,teacher_training_75712.pth,blocks.10.attn.proj.bias,768,100.0,5.044540751770597,0.3216623803936389,6.376445274641458,0.9979754770877374,1.0025535009569215,0.008853321288862995,0.011606991369277703,0.0693158395588398
RAD-DINO,teacher_training_75712.pth,blocks.10.ls1.gamma,768,100.0,64.23383626231643,0.4953448828211797,0.7711588029684285,0.9999702913727874,0.9997417785351627,0.01392935833428055,0.017874218839906985,0.09469175338745117
RAD-DINO,teacher_training_75712.pth,blocks.10.norm2.weight,768,100.0,37.511075064314376,0.5699031701694245,1.5192930866212195,0.9999007003409999,0.994223051996159,0.016744501813567087,0.020564609294333645,0.06425964832305908
RAD-DINO,teacher_training_75712.pth,blocks.10.norm2.bias,768,100.0,9.896477515433237,0.33712178496954986,3.4064826039751956,0.9994763716967157,1.0101267216041117,0.009443657164297292,0.012164834581366045,0.04778599739074707
RAD-DINO,teacher_training_75712.pth,blocks.10.mlp.fc1.weight,2359296,100.0,101.3314425565473,33.40215439441109,32.96326742390078,0.9498219794730792,0.845805189404752,0.017308557965203572,0.02174619426719472,0.21307110041379929
RAD-DINO,teacher_training_75712.pth,blocks.10.mlp.fc1.bias,3072,100.0,92.30739773931845,0.8083955317555334,0.8757646207712303,0.9999627058805309,1.0014151242130647,0.011435014004140006,0.014585230558460869,0.06378185749053955
RAD-DINO,teacher_training_75712.pth,blocks.10.mlp.fc2.weight,2359296,100.0,103.20965708269927,32.89611441374955,31.873097289133256,0.9546826355254376,0.840628404327946,0.01701185142971853,0.021416741154784865,0.21671940386295319
RAD-DINO,teacher_training_75712.pth,blocks.10.mlp.fc2.bias,768,100.0,6.5271765785201765,0.2663871272268532,4.081199949507843,0.9992455282220079,0.9867057924008042,0.007159282158435569,0.009612417475817174,0.061621665954589844
RAD-DINO,teacher_training_75712.pth,blocks.10.ls2.gamma,768,100.0,159.99786118464792,0.6265774549949631,0.3916161443382372,0.9999944233005021,0.9979491965271754,0.01816713822578701,0.022609666394343288,0.08375740051269531
RAD-DINO,teacher_training_75712.pth,blocks.11.norm1.weight,768,100.0,25.139848619337307,0.5029313941184655,2.000534695867723,0.9998075330312611,0.9958938374640047,0.014372354237517962,0.018147973486138117,0.05526179075241089
RAD-DINO,teacher_training_75712.pth,blocks.11.norm1.bias,768,100.0,8.436218863208504,0.32541892705890024,3.857402615265192,0.9992563261119035,0.9981789365425833,0.008973482521914397,0.011742544071053454,0.06182923913002014
RAD-DINO,teacher_training_75712.pth,blocks.11.attn.qkv.weight,1769472,100.0,89.27368566649272,30.5064184204267,34.17179227302445,0.9468842512492163,0.8312947881530407,0.01811322437030619,0.022933449071672805,0.1255662441253662
RAD-DINO,teacher_training_75712.pth,blocks.11.attn.qkv.bias,2304,100.0,54.88171038322963,0.8564565241218761,1.5605499867649646,0.9998886612433096,1.0044566486619808,0.012946882150635651,0.017842844252539087,0.1376934051513672
RAD-DINO,teacher_training_75712.pth,blocks.11.attn.proj.weight,589824,100.0,40.745025975295306,15.070980856391284,36.98851699230523,0.9336550307490745,0.8413145988026034,0.015611853403023873,0.01962367299009282,0.14521968364715576
RAD-DINO,teacher_training_75712.pth,blocks.11.attn.proj.bias,768,100.0,10.556598347583986,0.38292024487834836,3.6273071331352167,0.9993816301659675,0.9904721735609493,0.01029499369601202,0.013817444153666989,0.09167098999023438
RAD-DINO,teacher_training_75712.pth,blocks.11.ls1.gamma,768,100.0,124.40786621516123,0.9694158551803448,0.7792239226286197,0.9999883161837307,0.9938767291449296,0.029756769993279402,0.034980781559066455,0.09738636016845703
RAD-DINO,teacher_training_75712.pth,blocks.11.norm2.weight,768,100.0,38.15778954835383,0.7928019351075892,2.0776935574398117,0.9998271931264953,0.9905483372127123,0.023119494761279686,0.02860777566552643,0.11059010028839111
RAD-DINO,teacher_training_75712.pth,blocks.11.norm2.bias,768,100.0,10.395327651219514,0.406013542651725,3.9057310772123097,0.9992380340358551,1.0006948073849509,0.011623817497631231,0.01465075175903794,0.06235194206237793
RAD-DINO,teacher_training_75712.pth,blocks.11.mlp.fc1.weight,2359296,100.0,108.9051905110807,37.89022284774102,34.79193477365602,0.9445293459170289,0.8297096706523617,0.019589187902922037,0.024668113833164727,0.23222705721855164
RAD-DINO,teacher_training_75712.pth,blocks.11.mlp.fc1.bias,3072,100.0,95.35097262919943,0.878557538280365,0.9213933681588092,0.9999575963945537,1.0002595252962945,0.012448759652518978,0.01585110722577324,0.08902585506439209
RAD-DINO,teacher_training_75712.pth,blocks.11.mlp.fc2.weight,2359296,100.0,103.49391269199656,35.437099964527185,34.24075778252765,0.9471933219377279,0.8271177687405812,0.018212577133794965,0.02307102862273905,0.7195189595222473
RAD-DINO,teacher_training_75712.pth,blocks.11.mlp.fc2.bias,768,100.0,6.938595457559169,0.49141924966624745,7.082402377715748,0.9984568621781785,0.9545006569884481,0.00960732597065809,0.017732564754985743,0.3507957458496094
RAD-DINO,teacher_training_75712.pth,blocks.11.ls2.gamma,768,100.0,203.6326226064988,1.1309290600006947,0.5553771520126765,0.9999901882391199,0.9966404192010732,0.02899682321841131,0.04080888732661072,0.5268640518188477
RAD-DINO,teacher_training_75712.pth,norm.weight,768,100.0,48.744909384696705,1.4745023069473744,3.024935989336949,0.9997650814935714,1.0208658385369982,0.04480363248361149,0.053206518989799424,0.17304468154907227
RAD-DINO,teacher_training_75712.pth,norm.bias,768,100.0,8.99812415587235,1.1203191886740669,12.450586025120858,0.9922616643223399,1.001476853991204,0.033693097057001374,0.040426036572454735,0.20207557082176208
RAD-DINO,teacher_training_151424.pth,cls_token,768,100.0,1.4511170236042474,0.17326658895645222,11.940221645673835,0.999065031212827,0.8877644207604628,0.0030320666831234653,0.006252219485973496,0.05589836835861206
RAD-DINO,teacher_training_151424.pth,pos_embed,1052160,100.0,32.168337485446706,6.506501101415167,20.22641395241136,0.9831467084105613,0.8966121349965127,0.004838043639182001,0.006343173844090943,0.09134519100189209
RAD-DINO,teacher_training_151424.pth,mask_token,768,100.0,2.590206780176692,0.2724340504264241,10.517849482574512,0.9995970250622878,0.8983215182149492,0.005422747473706284,0.009830617021882253,0.07253646850585938
RAD-DINO,teacher_training_151424.pth,patch_embed.proj.weight,451584,100.0,7.28197395162057,0.20542331832431268,2.8209839761730633,0.9998592483002848,0.9771808120448271,0.0002365088622714228,0.000305689461792132,0.0021812040358781815
RAD-DINO,teacher_training_151424.pth,patch_embed.proj.bias,768,100.0,2.8577219807976046,0.021956695023586312,0.7683285907839813,0.9999802879984445,0.9955520527072708,0.0004003937637406807,0.0007922939863988796,0.00849902629852295
RAD-DINO,teacher_training_151424.pth,blocks.0.norm1.weight,768,100.0,23.60748344048692,0.35515724305466606,1.5044265262326526,0.9999454160880414,1.0107696977163896,0.008799717419636957,0.01281563311764105,0.07830691337585449
RAD-DINO,teacher_training_151424.pth,blocks.0.norm1.bias,768,100.0,6.784078726221279,0.11661487118839725,1.7189492618602253,0.9998721785341852,0.9935593294798849,0.003091496348860782,0.004207976704508418,0.020207419991493225
RAD-DINO,teacher_training_151424.pth,blocks.0.attn.qkv.weight,1769472,100.0,46.998751146329035,10.687989012240022,22.741006413049845,0.9782746956650128,0.8848042861959681,0.006211905904978484,0.008034782986084036,0.08400553464889526
RAD-DINO,teacher_training_151424.pth,blocks.0.attn.qkv.bias,2304,100.0,50.178603188996,0.3933531359260921,0.7839061092325366,0.9999692904010381,0.9997886693480355,0.005308745329752501,0.00819485699846025,0.0946192741394043
RAD-DINO,teacher_training_151424.pth,blocks.0.attn.proj.weight,589824,100.0,29.693365346666695,6.299836519111402,21.21631026177572,0.982158410306937,0.883932522430866,0.006404955037927758,0.008202912134259638,0.05138339102268219
RAD-DINO,teacher_training_151424.pth,blocks.0.attn.proj.bias,768,100.0,3.889434479947598,0.0847391359274518,2.178700691947213,0.9997652769299891,0.9974668806614458,0.0023079567791040034,0.003057760183663162,0.01829875260591507
RAD-DINO,teacher_training_151424.pth,blocks.0.ls1.gamma,768,100.0,3.460789942310875,0.2686908365536688,7.763858570805249,0.9973077439583278,1.02281237393008,0.007826829798363613,0.009695545425815404,0.027594618499279022
RAD-DINO,teacher_training_151424.pth,blocks.0.norm2.weight,768,100.0,44.22209733456492,0.39583302843432094,0.8951023408944684,0.9999700058638631,0.9954829748363826,0.011407101636147369,0.01428339409504375,0.043753623962402344
RAD-DINO,teacher_training_151424.pth,blocks.0.norm2.bias,768,100.0,9.137029923600851,0.12300880861461495,1.3462668902603079,0.9999133406617792,1.0027297723367867,0.003378607205301402,0.004438698047896443,0.019428011029958725
RAD-DINO,teacher_training_151424.pth,blocks.0.mlp.fc1.weight,2359296,100.0,60.062566950311755,13.441503510442704,22.379169244568786,0.9799648518050978,0.8779166652406469,0.006850879946309967,0.00875097884794447,0.11862784624099731
RAD-DINO,teacher_training_151424.pth,blocks.0.mlp.fc1.bias,3072,100.0,64.5492698300922,0.28884454505203166,0.4474791826651699,0.9999908918735544,1.001335359038908,0.0041259508728520205,0.005211389869992046,0.021073997020721436
RAD-DINO,teacher_training_151424.pth,blocks.0.mlp.fc2.weight,2359296,100.0,61.837337177621635,13.138888127197696,21.247499855075482,0.9827444521499565,0.8781868926879,0.0067135995164164085,0.008553963624477665,0.06531691551208496
RAD-DINO,teacher_training_151424.pth,blocks.0.mlp.fc2.bias,768,100.0,5.826174843003099,0.07705404046619967,1.3225494006369742,0.9999125413387605,0.999975931010791,0.0019566017882463407,0.0027804481878317936,0.021861553192138672
RAD-DINO,teacher_training_151424.pth,blocks.0.ls2.gamma,768,100.0,2.538596521229324,0.16060744096646107,6.326623377262266,0.9981985244219055,1.018271154888322,0.00445288324240541,0.005795421829740202,0.02368825674057007
RAD-DINO,teacher_training_151424.pth,blocks.1.norm1.weight,768,100.0,31.84047975959894,0.35953316584293793,1.1291700645137093,0.9999638119759608,1.0073886193777872,0.009829717857929632,0.012973535630126161,0.051889896392822266
RAD-DINO,teacher_training_151424.pth,blocks.1.norm1.bias,768,100.0,8.270050617527524,0.16950785639239135,2.049659237068475,0.999793262338574,0.9972091345517445,0.0046648021048566095,0.006116587907368974,0.03599780797958374
RAD-DINO,teacher_training_151424.pth,blocks.1.attn.qkv.weight,1769472,100.0,55.837690702299184,12.991046118621743,23.26572957302982,0.9789930233133225,0.866936087103666,0.007628710981834237,0.009766124965678524,0.11482274532318115
RAD-DINO,teacher_training_151424.pth,blocks.1.attn.qkv.bias,2304,100.0,64.46607269959495,0.3864134276677841,0.5994058758138248,0.9999821209921926,1.0003956961853502,0.0057197337832740735,0.008050279743078835,0.05489063262939453
RAD-DINO,teacher_training_151424.pth,blocks.1.attn.proj.weight,589824,100.0,31.47266697879827,7.022108623938804,22.31176858532289,0.9809399334599934,0.8712829464641948,0.007171888396253579,0.009143370604086983,0.0663076639175415
RAD-DINO,teacher_training_151424.pth,blocks.1.attn.proj.bias,768,100.0,3.868661313492843,0.10792509809753821,2.789727229962589,0.9996162126163322,1.0029071588601437,0.0029841247782277,0.003894411527433153,0.027958273887634277
RAD-DINO,teacher_training_151424.pth,blocks.1.ls1.gamma,768,100.0,2.4153185674900888,0.29892498331673567,12.37621352894114,0.9955271152442401,1.0754727425037292,0.009519249420579357,0.010786526224088858,0.02760966122150421
RAD-DINO,teacher_training_151424.pth,blocks.1.norm2.weight,768,100.0,39.633783298448364,0.3518102101208557,0.8876523532252063,0.9999639501455719,0.9973766231940749,0.00984160653570143,0.012694857469808429,0.04509758949279785
RAD-DINO,teacher_training_151424.pth,blocks.1.norm2.bias,768,100.0,8.497390137455374,0.1364943370679604,1.6063089355673028,0.9998814501469157,1.004457167308989,0.0038579727894045845,0.0049253151405654035,0.0190279483795166
RAD-DINO,teacher_training_151424.pth,blocks.1.mlp.fc1.weight,2359296,99.99995761447482,66.74221416868292,15.946587674380277,23.892805884559348,0.9775753570418458,0.864702880329338,0.008132692893316688,0.010381893017174659,0.10779386758804321
RAD-DINO,teacher_training_151424.pth,blocks.1.mlp.fc1.bias,3072,100.0,59.54128607812521,0.297207087677933,0.4991613504753024,0.9999891175014161,1.0017643151360072,0.0041335700677791465,0.005362268502372479,0.03239142894744873
RAD-DINO,teacher_training_151424.pth,blocks.1.mlp.fc2.weight,2359296,100.0,63.668770175262395,14.872213691118654,23.35872618582013,0.9789062293158106,0.8656789592095765,0.007609108777491753,0.009682430788488707,0.07641339302062988
RAD-DINO,teacher_training_151424.pth,blocks.1.mlp.fc2.bias,768,100.0,7.635208748315016,0.08541493450113412,1.1186980908673125,0.9999488418867849,0.9951702508210516,0.00229764203919558,0.003082145964190252,0.018090009689331055
RAD-DINO,teacher_training_151424.pth,blocks.1.ls2.gamma,768,100.0,3.4442977729844153,0.20100809125657582,5.8359672857903435,0.9987107959522783,1.0275049857779108,0.005432547876542533,0.007253254724767308,0.02769649028778076
RAD-DINO,teacher_training_151424.pth,blocks.2.norm1.weight,768,100.0,31.31928082065778,0.37979552776012426,1.2126572443822408,0.9999326909962757,1.0034597694315575,0.010041777335572988,0.013704690636832733,0.07416975498199463
RAD-DINO,teacher_training_151424.pth,blocks.2.norm1.bias,768,100.0,7.311083583568001,0.16041328596107904,2.1941109567070924,0.9997620671991941,0.9973949382545753,0.004500494167018587,0.005788415864451338,0.031473636627197266
RAD-DINO,teacher_training_151424.pth,blocks.2.attn.qkv.weight,1769472,100.0,58.15732488134747,15.08803740932179,25.943485949713807,0.9734392753976803,0.8514127651260984,0.008898473144009376,0.011342555286217552,0.1167643666267395
RAD-DINO,teacher_training_151424.pth,blocks.2.attn.qkv.bias,2304,100.0,30.884772987151102,0.3899990199987015,1.2627550157514567,0.9999205541341357,1.0006752745443195,0.006113770357887442,0.008124979583306283,0.03596973419189453
RAD-DINO,teacher_training_151424.pth,blocks.2.attn.proj.weight,589824,100.0,32.76501610808458,8.231756909125181,25.123616243527625,0.9752040225216552,0.85628180063852,0.008471347749908134,0.010718433475423412,0.07034650444984436
RAD-DINO,teacher_training_151424.pth,blocks.2.attn.proj.bias,768,100.0,3.265881181377662,0.1289019222365475,3.946926268216904,0.9992238878805577,0.9967337457538485,0.0035903776813247155,0.004651347468895682,0.023075968027114868
RAD-DINO,teacher_training_151424.pth,blocks.2.ls1.gamma,768,100.0,2.919220370957251,0.3136917715819923,10.745737961506778,0.9960169542038086,1.0559907942940392,0.00949388235848403,0.011319376797839616,0.041197240352630615
RAD-DINO,teacher_training_151424.pth,blocks.2.norm2.weight,768,100.0,48.75334248302221,0.4666598005529121,0.9571852447151105,0.9999632432346284,0.9957078725590707,0.012426066446361498,0.016839135091825053,0.06288957595825195
RAD-DINO,teacher_training_151424.pth,blocks.2.norm2.bias,768,100.0,7.07263934855213,0.17163170695525506,2.426699545911252,0.9997332140663088,1.0071754164261473,0.004819724616017614,0.006193225763255717,0.026412248611450195
RAD-DINO,teacher_training_151424.pth,blocks.2.mlp.fc1.weight,2359296,99.99995761447482,68.10672309542724,18.078665553110937,26.544612237150428,0.9714090115644844,0.8526777535455597,0.009217245032929193,0.0117699645528066,0.14882320165634155
RAD-DINO,teacher_training_151424.pth,blocks.2.mlp.fc1.bias,3072,100.0,47.950063379277275,0.31847954705818843,0.664190044002792,0.9999804215892419,1.0022071688253382,0.004364295941437983,0.005746070382044849,0.04392141103744507
RAD-DINO,teacher_training_151424.pth,blocks.2.mlp.fc2.weight,2359296,100.0,64.9041403749015,16.881355151868195,26.009673734768757,0.9728917889635847,0.853859247985597,0.00865214630175235,0.01099046559366419,0.08578518033027649
RAD-DINO,teacher_training_151424.pth,blocks.2.mlp.fc2.bias,768,100.0,6.222423129182375,0.10848856552360579,1.7435099361020339,0.9998844826982404,0.9913427363629658,0.0029127741922062946,0.003914743906815635,0.02701401710510254
RAD-DINO,teacher_training_151424.pth,blocks.2.ls2.gamma,768,100.0,3.8140622151886987,0.24917629133841776,6.533094566368784,0.9985836673560975,1.0364976907730963,0.006942522053378752,0.008991374929994257,0.038910746574401855
RAD-DINO,teacher_training_151424.pth,blocks.3.norm1.weight,768,100.0,38.03917908735768,0.31979494364094746,0.8406988565829259,0.999966367339885,1.0018138704311186,0.008765227879242351,0.01153960604978639,0.055654168128967285
RAD-DINO,teacher_training_151424.pth,blocks.3.norm1.bias,768,100.0,8.584696292752144,0.20054305221732893,2.336052964234072,0.9997287772981487,1.0015570287093272,0.005340543124977633,0.0072364740738615025,0.05172395706176758
RAD-DINO,teacher_training_151424.pth,blocks.3.attn.qkv.weight,1769472,100.0,61.674562358514656,17.079573348239045,27.693059658786655,0.9699843270899433,0.8374696104481993,0.010053785237509208,0.012839708685221055,0.14085358381271362
RAD-DINO,teacher_training_151424.pth,blocks.3.attn.qkv.bias,2304,100.0,368.25763205735143,0.5283822315174397,0.1434816784557912,0.9999989834561095,1.0001590223817107,0.00773537670706364,0.011007963156613327,0.06891727447509766
RAD-DINO,teacher_training_151424.pth,blocks.3.attn.proj.weight,589824,100.0,34.4503068377707,9.235553798705832,26.808335386377856,0.9721756239174116,0.8418140944769347,0.009455850014879114,0.012025460675398218,0.08267700672149658
RAD-DINO,teacher_training_151424.pth,blocks.3.attn.proj.bias,768,100.0,3.817396664180864,0.14029668326785616,3.6751926930800365,0.9993374936652187,0.9942257055037369,0.0038312056021444127,0.005062520490694277,0.02858978509902954
RAD-DINO,teacher_training_151424.pth,blocks.3.ls1.gamma,768,100.0,4.517955699889944,0.30386112185600184,6.725633052652637,0.9984781694491872,1.0369758169421603,0.008852476488092028,0.010964643781239021,0.047576904296875
RAD-DINO,teacher_training_151424.pth,blocks.3.norm2.weight,768,100.0,36.700284730100584,0.34165144298159483,0.9309231399542292,0.9999584598280006,1.0018513863550822,0.009499223561421152,0.01232828453590299,0.04522055387496948
RAD-DINO,teacher_training_151424.pth,blocks.3.norm2.bias,768,100.0,7.471220914459426,0.19177270777853742,2.5668188636664473,0.9997190177760046,1.009566373304622,0.00545504046375811,0.006920001528697626,0.028798699378967285
RAD-DINO,teacher_training_151424.pth,blocks.3.mlp.fc1.weight,2359296,99.99995761447482,70.21764022471545,20.91888819636438,29.791499870144143,0.9620490905460842,0.8425007778360026,0.010724163736963686,0.013619067836174729,0.1507931351661682
RAD-DINO,teacher_training_151424.pth,blocks.3.mlp.fc1.bias,3072,100.0,53.06527831196579,0.3623410060507984,0.6828212676481777,0.9999790463918834,1.0021510756677947,0.004823712873834059,0.006537427418183383,0.037482500076293945
RAD-DINO,teacher_training_151424.pth,blocks.3.mlp.fc2.weight,2359296,100.0,67.70145394298925,19.43777114327204,28.71100989890173,0.9659427472742821,0.8415337445724236,0.009958974587177798,0.012654798921401067,0.13598722219467163
RAD-DINO,teacher_training_151424.pth,blocks.3.mlp.fc2.bias,768,100.0,4.319938575148875,0.11691379136623757,2.706376244301308,0.9997052595534616,0.987744773926792,0.0028783757354962822,0.004218763057329813,0.04130733013153076
RAD-DINO,teacher_training_151424.pth,blocks.3.ls2.gamma,768,100.0,7.108843553017685,0.30845682672580726,4.339057744418474,0.9992931574830819,1.0209624168946834,0.00884561344597993,0.011130476996470162,0.04253029823303223
RAD-DINO,teacher_training_151424.pth,blocks.4.norm1.weight,768,100.0,36.60306489033351,0.35322324871152233,0.9650100333669186,0.9999539584553782,1.0009754607950057,0.01000167557504028,0.012745846107976971,0.07126164436340332
RAD-DINO,teacher_training_151424.pth,blocks.4.norm1.bias,768,100.0,7.727365959432482,0.2316007310495663,2.997149769603712,0.9995528018066188,1.0015762329531714,0.006178582898845282,0.008357171525998826,0.07696139812469482
RAD-DINO,teacher_training_151424.pth,blocks.4.attn.qkv.weight,1769472,100.0,62.900339993871114,19.474266368600087,30.960510500416405,0.9609872970487505,0.8218761683289276,0.011512707898372035,0.014639938711174135,0.11661311984062195
RAD-DINO,teacher_training_151424.pth,blocks.4.attn.qkv.bias,2304,100.0,38.89622519586585,0.5656491048907307,1.4542519281558757,0.9998969782034146,1.0022319059056097,0.008365109461030171,0.011784356351890223,0.06362390518188477
RAD-DINO,teacher_training_151424.pth,blocks.4.attn.proj.weight,589824,100.0,35.82343672743902,10.45799671761753,29.193169815578337,0.9666069160810443,0.8267747073313193,0.01073068620759049,0.013617183226064493,0.10555808246135712
RAD-DINO,teacher_training_151424.pth,blocks.4.attn.proj.bias,768,100.0,3.6589323035196553,0.16737278667589003,4.574361392663326,0.9989740384233892,0.9925236385130245,0.00444588839584507,0.006039545215146432,0.04433465003967285
RAD-DINO,teacher_training_151424.pth,blocks.4.ls1.gamma,768,100.0,6.469515336128599,0.3523917960959868,5.446958199914562,0.9989360873886426,1.02792301634794,0.00990117672336055,0.012715843646014607,0.07639944553375244
RAD-DINO,teacher_training_151424.pth,blocks.4.norm2.weight,768,100.0,34.450326147575275,0.3941980700365234,1.1442506185511638,0.9999407443106593,1.0034653833504767,0.011284831736702472,0.014224397615601108,0.05714374780654907
RAD-DINO,teacher_training_151424.pth,blocks.4.norm2.bias,768,100.0,7.919754984471205,0.20762569551331905,2.6216176626729575,0.9997145079342505,1.0105027094129209,0.005932599538319039,0.007492046949706127,0.04252433776855469
RAD-DINO,teacher_training_151424.pth,blocks.4.mlp.fc1.weight,2359296,100.0,72.6222280352943,24.034003798827456,33.094555825451906,0.9515588541558503,0.8291284026709771,0.012344494385778775,0.015647137889861624,0.16155993938446045
RAD-DINO,teacher_training_151424.pth,blocks.4.mlp.fc1.bias,3072,100.0,53.31912964414459,0.4013064066633244,0.7526499576074666,0.9999738357441453,1.0020523854133168,0.005284237231535371,0.007240448809830993,0.04546910524368286
RAD-DINO,teacher_training_151424.pth,blocks.4.mlp.fc2.weight,2359296,100.0,70.13031378404459,22.30475438830894,31.80472635127937,0.9569348669600161,0.8270179649350687,0.011446385911516192,0.0145213244715553,0.168745756149292
RAD-DINO,teacher_training_151424.pth,blocks.4.mlp.fc2.bias,768,100.0,4.1535088504900655,0.15055345811967027,3.6247294405525756,0.9995208233930603,0.9806596795236703,0.0033972883752966254,0.0054326299733012924,0.07310712337493896
RAD-DINO,teacher_training_151424.pth,blocks.4.ls2.gamma,768,100.0,11.227556489868643,0.35834706893549134,3.1916746022061995,0.9995659462895017,1.0118443687559173,0.010174205250223167,0.012930736044576207,0.06826341152191162
RAD-DINO,teacher_training_151424.pth,blocks.5.norm1.weight,768,100.0,34.129609238860255,0.3555647755000583,1.0418073439153512,0.9999469413911952,1.0015031713839044,0.010109740134794265,0.012830338678081721,0.0467982292175293
RAD-DINO,teacher_training_151424.pth,blocks.5.norm1.bias,768,100.0,8.066283988785816,0.2554188749668038,3.166499906548058,0.9994985672451945,0.9992575464716487,0.006602834111850105,0.009216634763637222,0.0843045711517334
RAD-DINO,teacher_training_151424.pth,blocks.5.attn.qkv.weight,1769472,100.0,66.32642320765137,21.989012974088396,33.15271939999888,0.9552991711019503,0.8052765505756458,0.012999631161378755,0.016530419999744934,0.1663997769355774
RAD-DINO,teacher_training_151424.pth,blocks.5.attn.qkv.bias,2304,100.0,41.94013079326548,0.7014617028402494,1.6725310331003698,0.999865932736701,1.003274664627187,0.00996002958353712,0.01461378547583853,0.08403706550598145
RAD-DINO,teacher_training_151424.pth,blocks.5.attn.proj.weight,589824,100.0,37.042302311831605,11.817979596900114,31.90400936046936,0.9588867287750508,0.8131117653958432,0.012146714169765592,0.015387994266797024,0.13320200145244598
RAD-DINO,teacher_training_151424.pth,blocks.5.attn.proj.bias,768,100.0,3.6484930798442434,0.2004995217185358,5.4954063864387335,0.9985532155158922,0.9872186069060184,0.005552783127617052,0.007234903302286742,0.043856292963027954
RAD-DINO,teacher_training_151424.pth,blocks.5.ls1.gamma,768,100.0,11.20463464338304,0.39742244179487585,3.5469469058464655,0.9994820039170991,1.014393723785361,0.011209387870621867,0.01434074710951687,0.09137487411499023
RAD-DINO,teacher_training_151424.pth,blocks.5.norm2.weight,768,100.0,33.25938207282215,0.425985882050856,1.2807991474951355,0.9999243608253634,1.003498156795217,0.011949152831221,0.015371441479565118,0.062358856201171875
RAD-DINO,teacher_training_151424.pth,blocks.5.norm2.bias,768,100.0,8.359260829148731,0.3091989819005063,3.6988794609964786,0.9994457552866254,1.0155699199828576,0.00875073086761328,0.011157257214588472,0.04513144493103027
RAD-DINO,teacher_training_151424.pth,blocks.5.mlp.fc1.weight,2359296,100.0,75.14090922786188,27.3532796918478,36.402646671335916,0.9395667846648246,0.8158695279724916,0.01406874540492946,0.017808124799380078,0.14912384748458862
RAD-DINO,teacher_training_151424.pth,blocks.5.mlp.fc1.bias,3072,100.0,60.68015898513002,0.5088373290695775,0.8385563544655026,0.9999688431243968,1.0027981355281481,0.006458131594627048,0.009180542778501584,0.07866513729095459
RAD-DINO,teacher_training_151424.pth,blocks.5.mlp.fc2.weight,2359296,100.0,73.73290932652878,25.59636477832281,34.71498007079635,0.9475313052733668,0.8121482981985163,0.013130709477994554,0.016664299985887247,0.21404224634170532
RAD-DINO,teacher_training_151424.pth,blocks.5.mlp.fc2.bias,768,100.0,4.989067688602086,0.18131202640084157,3.6341865398030784,0.9996823939028716,0.9734980501076843,0.003735006003907415,0.0065425342031151515,0.10233163833618164
RAD-DINO,teacher_training_151424.pth,blocks.5.ls2.gamma,768,100.0,18.67983420852597,0.4544078514699072,2.4326118015678286,0.9997568082872522,1.0100249987036034,0.012797721695581762,0.0163970309605019,0.10178780555725098
RAD-DINO,teacher_training_151424.pth,blocks.6.norm1.weight,768,100.0,35.35552126573267,0.3994821914781646,1.1299004432027744,0.9999391863265629,1.0023976111441724,0.01155805285088718,0.014415071924148749,0.05111575126647949
RAD-DINO,teacher_training_151424.pth,blocks.6.norm1.bias,768,100.0,6.675838495934328,0.2630943098320919,3.9409927306108408,0.9992237532234871,1.0003424025451773,0.007115098049098378,0.009493598162738568,0.0752021074295044
RAD-DINO,teacher_training_151424.pth,blocks.6.attn.qkv.weight,1769472,100.0,68.40049056226988,24.867956537355614,36.356400857558945,0.9442508666077581,0.7900156973983552,0.014757216535276394,0.01869468932426846,0.14970579743385315
RAD-DINO,teacher_training_151424.pth,blocks.6.attn.qkv.bias,2304,100.0,43.35992735471201,0.9468009534521885,2.183585193090269,0.9997903832411903,1.0073808279655878,0.012996907271193217,0.01972501986358726,0.17390203475952148
RAD-DINO,teacher_training_151424.pth,blocks.6.attn.proj.weight,589824,100.0,39.65878479700171,13.86289653508797,34.95542439347773,0.950204154115791,0.7918497921559143,0.014281663517853142,0.01805064653006246,0.15600675344467163
RAD-DINO,teacher_training_151424.pth,blocks.6.attn.proj.bias,768,100.0,3.4044624054140753,0.2189002513858778,6.429803749272231,0.9979319493765603,0.9963784977624762,0.006181963582582976,0.00789888244145708,0.039583057165145874
RAD-DINO,teacher_training_151424.pth,blocks.6.ls1.gamma,768,100.0,14.997642374512868,0.4423456199645126,2.949434377207439,0.9996183737722458,1.0099532418224328,0.012570631212535469,0.015961772672585205,0.08204901218414307
RAD-DINO,teacher_training_151424.pth,blocks.6.norm2.weight,768,100.0,37.025794570322184,0.43213292916431406,1.1671131819833727,0.9999330349190251,1.0014461906703849,0.012273511766882924,0.015593253936169888,0.04972696304321289
RAD-DINO,teacher_training_151424.pth,blocks.6.norm2.bias,768,100.0,8.726225823197517,0.328973771724242,3.7699433682968504,0.9994416440238097,1.0169015154160033,0.009460889675005172,0.01187081847883235,0.04381561279296875
RAD-DINO,teacher_training_151424.pth,blocks.6.mlp.fc1.weight,2359296,100.0,78.63418946545195,30.972013201142786,39.38746417008645,0.9282132084082045,0.7989189949319727,0.015942880274330967,0.020164071094494,0.1308281570672989
RAD-DINO,teacher_training_151424.pth,blocks.6.mlp.fc1.bias,3072,100.0,67.00556373549423,0.5703787660539955,0.8512409033756909,0.9999679107582121,1.0028460444766776,0.007397175512172301,0.010290885441291277,0.05893677473068237
RAD-DINO,teacher_training_151424.pth,blocks.6.mlp.fc2.weight,2359296,100.0,78.86637162404273,29.325577475172146,37.18388062147407,0.9397005833902362,0.7937509885598508,0.015040546610130668,0.019092172835398533,0.17410343885421753
RAD-DINO,teacher_training_151424.pth,blocks.6.mlp.fc2.bias,768,100.0,5.063531269893844,0.19028792055078528,3.7580082043173513,0.9996712090864817,0.9721977884257831,0.004113095723350095,0.006866423884595625,0.09997820854187012
RAD-DINO,teacher_training_151424.pth,blocks.6.ls2.gamma,768,100.0,29.301688455750924,0.5103604987170045,1.7417443349304265,0.9998732420596892,1.0069349358918884,0.014640033933877325,0.018416048207375888,0.07426738739013672
RAD-DINO,teacher_training_151424.pth,blocks.7.norm1.weight,768,100.0,35.25483134005978,0.4534403083719116,1.2861792019315976,0.9999238729791704,1.0035539484069809,0.013072077505057678,0.01636211775624688,0.06524205207824707
RAD-DINO,teacher_training_151424.pth,blocks.7.norm1.bias,768,100.0,6.369451215049221,0.29617444162706497,4.649920874302139,0.998921234999088,1.0013316594077588,0.00786464161024488,0.010687274600029566,0.09789365530014038
RAD-DINO,teacher_training_151424.pth,blocks.7.attn.qkv.weight,1769472,100.0,71.22993275813987,27.753426888266212,38.963151885180835,0.934972293627006,0.7737708347846268,0.016481771897450488,0.020863865214681115,0.1586388349533081
RAD-DINO,teacher_training_151424.pth,blocks.7.attn.qkv.bias,2304,100.0,55.11817629362908,1.1868091031836867,2.153208220934672,0.9997947041306174,1.0070803730703328,0.015874629271790595,0.02472518964966014,0.15767383575439453
RAD-DINO,teacher_training_151424.pth,blocks.7.attn.proj.weight,589824,100.0,41.65502942795093,15.615347615391254,37.48730424593868,0.9421211928891947,0.7744246215058893,0.01612486874215912,0.02033248387420736,0.2076473832130432
RAD-DINO,teacher_training_151424.pth,blocks.7.attn.proj.bias,768,100.0,3.7843492021783516,0.2596666851619409,6.861594194649673,0.997652557656954,1.0019853729850097,0.007218839620745617,0.009369914411114025,0.06865433603525162
RAD-DINO,teacher_training_151424.pth,blocks.7.ls1.gamma,768,100.0,21.699801419040135,0.5324533455440884,2.453724507713218,0.9997500025073998,1.0098566295174787,0.014723138243425637,0.019213255148799766,0.11443781852722168
RAD-DINO,teacher_training_151424.pth,blocks.7.norm2.weight,768,100.0,36.39711754234938,0.48701650191795187,1.3380633819458103,0.9999108869543926,0.99900357701277,0.013611447871274626,0.017573694280132463,0.11155533790588379
RAD-DINO,teacher_training_151424.pth,blocks.7.norm2.bias,768,100.0,8.55042441243144,0.34826830979125606,4.073111380119444,0.9993642623123578,1.0190607700893426,0.009771037561743393,0.012567050150512356,0.05812844634056091
RAD-DINO,teacher_training_151424.pth,blocks.7.mlp.fc1.weight,2359296,99.99995761447482,82.67063497010237,34.881759338145066,42.19365116859205,0.9169726183669593,0.7796074017783338,0.018004216743585197,0.02270947873577153,0.1868751049041748
RAD-DINO,teacher_training_151424.pth,blocks.7.mlp.fc1.bias,3072,100.0,68.82035759111065,0.6527189777555227,0.9484388059033171,0.999958399317654,1.0025572419021498,0.0084169257894852,0.011776483672260262,0.08440613746643066
RAD-DINO,teacher_training_151424.pth,blocks.7.mlp.fc2.weight,2359296,100.0,82.86845860835179,33.57290824447712,40.51349428755215,0.9262714424880979,0.7775666775754242,0.017259820627683546,0.021857362138331456,0.21375641226768494
RAD-DINO,teacher_training_151424.pth,blocks.7.mlp.fc2.bias,768,100.0,5.649548307766635,0.2044954841791049,3.6196784776223208,0.9996138507086018,0.9764177787002892,0.004813382285116556,0.007379095177429317,0.09439802169799805
RAD-DINO,teacher_training_151424.pth,blocks.7.ls2.gamma,768,100.0,38.615709310527706,0.6146559147442962,1.591725040712185,0.9999156872895072,1.0091211502420239,0.018002982794617612,0.02217948486478844,0.06985032558441162
RAD-DINO,teacher_training_151424.pth,blocks.8.norm1.weight,768,100.0,30.941669443358563,0.5355265411498309,1.7307616259366974,0.9998544397828893,1.0027620735523404,0.015119121371147534,0.019324149543190255,0.09765815734863281
RAD-DINO,teacher_training_151424.pth,blocks.8.norm1.bias,768,100.0,7.312580864996485,0.2961815942804222,4.050301798345508,0.9991804584345677,1.0006237128406945,0.007889278264542554,0.010687532699175892,0.0799470841884613
RAD-DINO,teacher_training_151424.pth,blocks.8.attn.qkv.weight,1769472,100.0,73.91204671042381,30.812289300340716,41.68777712388157,0.9246337615094382,0.7551207263878433,0.018338489448070355,0.023163390002474398,0.1631743311882019
RAD-DINO,teacher_training_151424.pth,blocks.8.attn.qkv.bias,2304,100.0,75.68985348604413,2.0939295753687923,2.7664600721612915,0.9997609377624044,1.0167097668856406,0.02400262410660719,0.04362353282018317,0.4740285873413086
RAD-DINO,teacher_training_151424.pth,blocks.8.attn.proj.weight,589824,100.0,43.89059081828979,17.57046453414511,40.032417442016445,0.934498494385016,0.7513404188517556,0.01816272221268278,0.02287820902883478,0.19280412793159485
RAD-DINO,teacher_training_151424.pth,blocks.8.attn.proj.bias,768,100.0,5.56895856153875,0.3266539944373241,5.865620848632547,0.9982791685605255,0.9969193244939889,0.009061758137931974,0.011787110726265974,0.07931525632739067
RAD-DINO,teacher_training_151424.pth,blocks.8.ls1.gamma,768,100.0,29.872454043255463,0.552213894638415,1.848572245985571,0.9998365482332595,1.0036894844982456,0.015345429526253914,0.019926302544983784,0.15395665168762207
RAD-DINO,teacher_training_151424.pth,blocks.8.norm2.weight,768,100.0,38.171430311526784,0.579190030480449,1.5173390825377289,0.9998977246382904,0.9948290437477849,0.016745040852886934,0.020899720000614675,0.06753158569335938
RAD-DINO,teacher_training_151424.pth,blocks.8.norm2.bias,768,100.0,9.702165640064024,0.35973060735515977,3.707735166566234,0.999460429673927,1.0166616066839473,0.01009558144715239,0.012980660187015566,0.06661081314086914
RAD-DINO,teacher_training_151424.pth,blocks.8.mlp.fc1.weight,2359296,100.0,87.86916222146357,39.05485289034118,44.44659753544498,0.9083891196511772,0.7576549299382155,0.02018737361011135,0.02542633651714921,0.15491068363189697
RAD-DINO,teacher_training_151424.pth,blocks.8.mlp.fc1.bias,3072,100.0,75.4712031849714,0.6984838908951028,0.9254972246609049,0.999958984659059,1.0018630622997395,0.009133373214960253,0.012602183201028275,0.08825230598449707
RAD-DINO,teacher_training_151424.pth,blocks.8.mlp.fc2.weight,2359296,100.0,89.6120877569878,38.55445245891587,43.023718589693786,0.9174377980651119,0.7537425035478987,0.019846816672241023,0.025100554986273352,0.16259685158729553
RAD-DINO,teacher_training_151424.pth,blocks.8.mlp.fc2.bias,768,100.0,4.821737318115487,0.22591802898157176,4.685407231389139,0.9992246737420528,0.9738228488606173,0.005645588248095616,0.008152114677956259,0.07244491577148438
RAD-DINO,teacher_training_151424.pth,blocks.8.ls2.gamma,768,100.0,58.73839228147685,0.6290133458539576,1.0708725952860594,0.9999525294236106,1.0043952664414926,0.01814242188508312,0.0226975640345406,0.06752514839172363
RAD-DINO,teacher_training_151424.pth,blocks.9.norm1.weight,768,100.0,29.112984404583063,0.5363712931721921,1.8423782519793979,0.9998364123889902,1.0033417370848425,0.015263806378546482,0.01935463190615955,0.09167659282684326
RAD-DINO,teacher_training_151424.pth,blocks.9.norm1.bias,768,100.0,7.7009742015951,0.33740716017412903,4.381356843193189,0.999045515658391,1.0024471528935481,0.008503149787732886,0.012175132172065036,0.0878961943089962
RAD-DINO,teacher_training_151424.pth,blocks.9.attn.qkv.weight,1769472,100.0,77.6090565860085,34.68304248462595,44.68942673744428,0.911686354584827,0.7359408131099127,0.020663472410933754,0.026073260305747418,0.14956849813461304
RAD-DINO,teacher_training_151424.pth,blocks.9.attn.qkv.bias,2304,100.0,80.36221864117798,3.1587906779407273,3.9306912269867924,0.9993547665857261,1.0153229490058622,0.0314924157340594,0.06580813912376515,0.7084560394287109
RAD-DINO,teacher_training_151424.pth,blocks.9.attn.proj.weight,589824,100.0,45.57062577852618,19.754749383296012,43.349743493329115,0.9208641504511212,0.7313626737291491,0.020439837204544477,0.025722329926166687,0.23707175254821777
RAD-DINO,teacher_training_151424.pth,blocks.9.attn.proj.bias,768,100.0,4.108815047197659,0.37855169531262495,9.213159778773909,0.9957476961999562,0.9944416340108568,0.01017743583020092,0.013659807699433325,0.10437064990401268
RAD-DINO,teacher_training_151424.pth,blocks.9.ls1.gamma,768,100.0,44.06973592504983,0.6472596442043482,1.4687168657083722,0.9998928645907492,1.0010985107479056,0.01793756865663454,0.023355970613560116,0.1653895378112793
RAD-DINO,teacher_training_151424.pth,blocks.9.norm2.weight,768,100.0,38.58331163021603,0.7275798928639038,1.885737284132212,0.9998488124182808,0.9925516756700109,0.021302788314642385,0.02625427793762087,0.08427071571350098
RAD-DINO,teacher_training_151424.pth,blocks.9.norm2.bias,768,100.0,9.631337531911841,0.40719762799962683,4.227840906316958,0.9992925092067665,1.0186052725944326,0.011079178434063882,0.014693478758685104,0.0856785774230957
RAD-DINO,teacher_training_151424.pth,blocks.9.mlp.fc1.weight,2359296,100.0,93.92854366158181,43.88754150096017,46.72439259687024,0.8996085311779299,0.7334387513659596,0.02272390040675974,0.02857261816468761,0.15943800657987595
RAD-DINO,teacher_training_151424.pth,blocks.9.mlp.fc1.bias,3072,100.0,81.52286477314111,0.8001643025205711,0.981521325026101,0.999953411045358,1.0017318014396612,0.010801776611515379,0.014436721108005653,0.07046031951904297
RAD-DINO,teacher_training_151424.pth,blocks.9.mlp.fc2.weight,2359296,100.0,96.16737451749655,43.94725828418434,45.698719035101284,0.9078500099437989,0.7261113715097312,0.022659390243838107,0.028611496278765847,0.2495189905166626
RAD-DINO,teacher_training_151424.pth,blocks.9.mlp.fc2.bias,768,100.0,6.488167136315475,0.2903868661153874,4.475637880689575,0.9991768627829307,0.980268225480209,0.007518317023179104,0.010478433457553171,0.07489585876464844
RAD-DINO,teacher_training_151424.pth,blocks.9.ls2.gamma,768,100.0,90.28561651860291,0.687564585248536,0.7615438779297328,0.9999711181088242,0.9994894962518305,0.019452567425711702,0.02481034989865598,0.11499425768852234
RAD-DINO,teacher_training_151424.pth,blocks.10.norm1.weight,768,100.0,26.838929957178067,0.6111887363028663,2.277247033611353,0.9997541527892544,1.0049456289347087,0.017224378233853106,0.02205437383938294,0.0915369987487793
RAD-DINO,teacher_training_151424.pth,blocks.10.norm1.bias,768,100.0,8.993291771901575,0.3706382320940341,4.1212744064642415,0.9991556430567526,1.0023943658745498,0.00930886801833708,0.013374255191966099,0.08804740756750107
RAD-DINO,teacher_training_151424.pth,blocks.10.attn.qkv.weight,1769472,100.0,82.42569913248467,39.148757890390215,47.49581538576402,0.8992540341663574,0.7142052139044438,0.023316821124657355,0.029430398315698273,0.17675688862800598
RAD-DINO,teacher_training_151424.pth,blocks.10.attn.qkv.bias,2304,100.0,115.1179314350274,3.6020172265565136,3.1289801524877934,0.9995130699652861,0.9971831105455964,0.03903696535870201,0.0750420255532607,0.6651477813720703
RAD-DINO,teacher_training_151424.pth,blocks.10.attn.proj.weight,589824,99.99983045789931,45.959373504883104,21.570843335829366,46.93458959691325,0.9035309955381808,0.7120790956748372,0.022337451459609834,0.02808703559352782,0.25369659066200256
RAD-DINO,teacher_training_151424.pth,blocks.10.attn.proj.bias,768,100.0,5.044540751770597,0.5055106415358973,10.020944748210562,0.9950161590608246,1.0049705629518002,0.013698088136014993,0.01824104406056067,0.12861884385347366
RAD-DINO,teacher_training_151424.pth,blocks.10.ls1.gamma,768,100.0,64.23383626231643,0.7443588670476214,1.1588267342586056,0.9999349511415099,0.9978869144286932,0.020938681933330372,0.026859737016476818,0.17113351821899414
RAD-DINO,teacher_training_151424.pth,blocks.10.norm2.weight,768,100.0,37.511075064314376,0.9827266510911677,2.6198306750905966,0.999744052222432,0.986533403837766,0.029576471465892002,0.035461093534206574,0.12986743450164795
RAD-DINO,teacher_training_151424.pth,blocks.10.norm2.bias,768,100.0,9.896477515433237,0.6151454125530276,6.215801648553521,0.9985054435360415,1.0281152355738656,0.016765055125423107,0.022197148095515866,0.12307357788085938
RAD-DINO,teacher_training_151424.pth,blocks.10.mlp.fc1.weight,2359296,100.0,101.3314425565473,49.42418097570755,48.77477289255675,0.8927439157220176,0.7059564800344698,0.02562236016203775,0.032177201156059605,0.25125379115343094
RAD-DINO,teacher_training_151424.pth,blocks.10.mlp.fc1.bias,3072,100.0,92.30739773931845,1.0476104606660803,1.134914954080489,0.9999385838500425,1.002382897113194,0.014529033870834004,0.018901193170982166,0.08318877220153809
RAD-DINO,teacher_training_151424.pth,blocks.10.mlp.fc2.weight,2359296,100.0,103.20965708269927,49.77109662658577,48.22329424726745,0.8994091397708592,0.6957294610858938,0.025653700491641892,0.03240305769960011,0.3367694616317749
RAD-DINO,teacher_training_151424.pth,blocks.10.mlp.fc2.bias,768,100.0,6.5271765785201765,0.41838323768507946,6.409865470192842,0.9982602971398474,0.9731155485761077,0.010966536056554807,0.015097104681369237,0.12198305130004883
RAD-DINO,teacher_training_151424.pth,blocks.10.ls2.gamma,768,100.0,159.99786118464792,1.1057010211097114,0.6910723761698668,0.9999878038562839,0.9951539685028546,0.03326915583844917,0.03989854888630849,0.13143324851989746
RAD-DINO,teacher_training_151424.pth,blocks.11.norm1.weight,768,100.0,25.139848619337307,0.7209419799757556,2.867726018927634,0.9995971456113478,0.9954936390234526,0.02017683768644929,0.026014752888069016,0.09850478172302246
RAD-DINO,teacher_training_151424.pth,blocks.11.norm1.bias,768,100.0,8.436218863208504,0.5248187480613611,6.221018640829329,0.9980648281153764,0.999937904176508,0.014147930307710036,0.018937765341811824,0.12792301177978516
RAD-DINO,teacher_training_151424.pth,blocks.11.attn.qkv.weight,1769472,100.0,89.27368566649272,44.86409348744492,50.25455502649181,0.8879970705147056,0.6852883451628637,0.02655009319920111,0.033726948505110495,0.19771189987659454
RAD-DINO,teacher_training_151424.pth,blocks.11.attn.qkv.bias,2304,100.0,54.88171038322963,2.1677678278271477,3.9498911617185293,0.9992445719992932,1.0063070566182615,0.027403334492321265,0.04516182974639891,0.3782792091369629
RAD-DINO,teacher_training_151424.pth,blocks.11.attn.proj.weight,589824,100.0,40.745025975295306,21.462473008415525,52.675075042113704,0.867204196221834,0.6954209868735737,0.022186890521927308,0.027945928396374383,0.25368890166282654
RAD-DINO,teacher_training_151424.pth,blocks.11.attn.proj.bias,768,100.0,10.556598347583986,0.555996467900998,5.26681464610468,0.9988128144223293,0.9787885315164059,0.014341735280443876,0.020062794400695146,0.18647193908691406
RAD-DINO,teacher_training_151424.pth,blocks.11.ls1.gamma,768,100.0,124.40786621516123,1.9155549536052277,1.5397378090966602,0.9999706211010936,0.9866168831456481,0.062421229561853885,0.0691216355069687,0.2093801498413086
RAD-DINO,teacher_training_151424.pth,blocks.11.norm2.weight,768,100.0,38.15778954835383,1.4585036377798601,3.822295932345959,0.9995051336993093,0.9777909238192133,0.043862416996944376,0.052629216742890665,0.20508790016174316
RAD-DINO,teacher_training_151424.pth,blocks.11.norm2.bias,768,100.0,10.395327651219514,0.91263602878948,8.779290652588669,0.9964769213129572,1.0224355257749094,0.025754723536124402,0.032931916055859836,0.14618393033742905
RAD-DINO,teacher_training_151424.pth,blocks.11.mlp.fc1.weight,2359296,100.0,108.9051905110807,56.09521585160435,51.50830331259269,0.8803459246213914,0.6795488180394065,0.02904800341978648,0.036520322820054914,0.2290352489799261
RAD-DINO,teacher_training_151424.pth,blocks.11.mlp.fc1.bias,3072,100.0,95.35097262919943,1.1499284749350211,1.2059955375671514,0.9999286625489796,1.0015938083846385,0.016261074614400666,0.020747234829767196,0.09334218502044678
RAD-DINO,teacher_training_151424.pth,blocks.11.mlp.fc2.weight,2359296,100.0,103.49391269199656,53.37363949432171,51.57176698224226,0.8818661238828092,0.672934136338634,0.027410211454989866,0.03474846321244903,0.9122140258550644
RAD-DINO,teacher_training_151424.pth,blocks.11.mlp.fc2.bias,768,100.0,6.938595457559169,0.7011712806100157,10.105377736731041,0.9969692054457724,0.9324753101736124,0.01378850200440714,0.025301339225514197,0.48517274856567383
RAD-DINO,teacher_training_151424.pth,blocks.11.ls2.gamma,768,100.0,203.6326226064988,2.0012341669178455,0.9827669757929922,0.9999799065762934,0.9924701363265599,0.05961305625489407,0.07221331781134342,0.6921663284301758
RAD-DINO,teacher_training_151424.pth,norm.weight,768,100.0,48.744909384696705,2.1565240219620345,4.424100996768019,0.999510524394739,1.0307923935653316,0.06307423815542279,0.07781685778710469,0.425484299659729
RAD-DINO,teacher_training_151424.pth,norm.bias,768,100.0,8.99812415587235,1.3556539407720871,15.065961719225237,0.989237764525901,1.025149810091671,0.038868148813283675,0.04891794797704634,0.29750993847846985
RAD-DINO,teacher_training_227137.pth,cls_token,768,100.0,1.4511170236042474,0.26932921446439995,18.56013058102281,0.9985190811449689,0.8210699331361531,0.004270688432352898,0.009718580904478235,0.08746382594108582
RAD-DINO,teacher_training_227137.pth,pos_embed,1052160,100.0,32.168337485446706,8.188334886007986,25.45464119714758,0.9776513144979138,0.8341383583334929,0.005889158420290292,0.0079827899613029,0.14748823642730713
RAD-DINO,teacher_training_227137.pth,mask_token,768,100.0,2.590206780176692,0.441856353208221,17.058728924262933,0.9994221533024656,0.8322555784051918,0.008416634648241939,0.015944117779244548,0.11878794431686401
RAD-DINO,teacher_training_227137.pth,patch_embed.proj.weight,451584,100.0,7.28197395162057,0.3173248051451093,4.357675641980154,0.9997367863752024,0.962688497185453,0.0003650284352167509,0.00047220953146593644,0.003495369106531143
RAD-DINO,teacher_training_227137.pth,patch_embed.proj.bias,768,100.0,2.8577219807976046,0.03571121843957364,1.2496393518870739,0.9999684404287933,0.990322627628845,0.0005910113989363216,0.0012886175986985854,0.015025019645690918
RAD-DINO,teacher_training_227137.pth,blocks.0.norm1.weight,768,100.0,23.60748344048692,0.5337035410711077,2.2607388136755153,0.9998980088754941,1.0174229097751653,0.013618259123550894,0.019258367694053785,0.1162559986114502
RAD-DINO,teacher_training_227137.pth,blocks.0.norm1.bias,768,100.0,6.784078726221279,0.13733637390597966,2.024392396496787,0.9998154362084097,0.9934339835437196,0.0036432795402928284,0.004955699527759028,0.028664126992225647
RAD-DINO,teacher_training_227137.pth,blocks.0.attn.qkv.weight,1769472,100.0,46.998751146329035,13.53415950078962,28.796849215528024,0.9691446642772344,0.820258020244874,0.007774071683891289,0.010174414884161742,0.13069871068000793
RAD-DINO,teacher_training_227137.pth,blocks.0.attn.qkv.bias,2304,100.0,50.178603188996,0.5981455184970088,1.1920330190222992,0.9999289905039379,0.9996455790215597,0.007382903146145894,0.012461364968687683,0.1471388339996338
RAD-DINO,teacher_training_227137.pth,blocks.0.attn.proj.weight,589824,100.0,29.693365346666695,8.157410215071156,27.472164639589725,0.9748395671850102,0.8142650836954779,0.008222818399740837,0.010621627884207233,0.06920245289802551
RAD-DINO,teacher_training_227137.pth,blocks.0.attn.proj.bias,768,100.0,3.889434479947598,0.10511554192365308,2.7025919183261133,0.9996575599868265,0.9929020032728534,0.002753895701268938,0.0037930304016021562,0.02585088461637497
RAD-DINO,teacher_training_227137.pth,blocks.0.ls1.gamma,768,100.0,3.460789942310875,0.35165354185950964,10.161077318223478,0.9956928239760464,1.0372734558145091,0.010428754103206947,0.012689204190879577,0.03909159451723099
RAD-DINO,teacher_training_227137.pth,blocks.0.norm2.weight,768,100.0,44.22209733456492,0.5010409584287555,1.1330103921532715,0.9999475838360141,0.9950956075010088,0.014571994621784748,0.018079758263991882,0.05288213491439819
RAD-DINO,teacher_training_227137.pth,blocks.0.norm2.bias,768,100.0,9.137029923600851,0.13787716171279332,1.5089932162382231,0.9998945822275329,1.0040033071682004,0.003737838591822159,0.004975213526873925,0.02425762265920639
RAD-DINO,teacher_training_227137.pth,blocks.0.mlp.fc1.weight,2359296,100.0,60.062566950311755,17.266929943321884,28.748238412131766,0.9716953158624835,0.8078725212056701,0.008707910451221204,0.011241490848516852,0.1889181137084961
RAD-DINO,teacher_training_227137.pth,blocks.0.mlp.fc1.bias,3072,100.0,64.5492698300922,0.3250587150370459,0.5035823269460237,0.9999885743299617,1.0015723377184622,0.004591885713807642,0.00586477301965851,0.025855660438537598
RAD-DINO,teacher_training_227137.pth,blocks.0.mlp.fc2.weight,2359296,100.0,61.837337177621635,17.205458110105425,27.823737074389943,0.9752207210304704,0.8064857536832467,0.008743698954179622,0.011201470123766552,0.10182735323905945
RAD-DINO,teacher_training_227137.pth,blocks.0.mlp.fc2.bias,768,100.0,5.826174843003099,0.09474251571914569,1.6261529781057975,0.9998698026172199,0.9978549734387139,0.0023640693251725984,0.0034187260596344445,0.031727805733680725
RAD-DINO,teacher_training_227137.pth,blocks.0.ls2.gamma,768,100.0,2.538596521229324,0.20291092204062844,7.993035535334624,0.9973101541547652,1.0291912659157076,0.005548074492483106,0.0073219172163545,0.026475518941879272
RAD-DINO,teacher_training_227137.pth,blocks.1.norm1.weight,768,100.0,31.84047975959894,0.49972885275553264,1.5694765170894749,0.9999430704775858,1.0114526252001543,0.013577620880208974,0.01803241172876435,0.07375109195709229
RAD-DINO,teacher_training_227137.pth,blocks.1.norm1.bias,768,100.0,8.270050617527524,0.2167481861481457,2.62088100995138,0.9996619240666452,0.9963658422321532,0.005872457084876714,0.00782122647618719,0.054043352603912354
RAD-DINO,teacher_training_227137.pth,blocks.1.attn.qkv.weight,1769472,100.0,55.837690702299184,16.838307955562396,30.155810069826295,0.9701123091740096,0.7910727031990393,0.009781906882801549,0.012658335456825216,0.16716259717941284
RAD-DINO,teacher_training_227137.pth,blocks.1.attn.qkv.bias,2304,100.0,64.46607269959495,0.5448302733918505,0.845142647250596,0.999964422358967,1.0004865268717895,0.00762117964728759,0.011350630695663553,0.08809375762939453
RAD-DINO,teacher_training_227137.pth,blocks.1.attn.proj.weight,589824,100.0,31.47266697879827,9.149364693824582,29.070827394412113,0.97351285061397,0.793961824857757,0.009279687943980566,0.011913235278417426,0.09728053212165833
RAD-DINO,teacher_training_227137.pth,blocks.1.attn.proj.bias,768,100.0,3.868661313492843,0.13645265491922384,3.527128478352807,0.9993797286930409,1.0013560011582638,0.0036279512268890812,0.004923811065578312,0.047598227858543396
RAD-DINO,teacher_training_227137.pth,blocks.1.ls1.gamma,768,100.0,2.4153185674900888,0.3810006250333729,15.77434257168382,0.9935245333722145,1.1029502468465189,0.012375098330537071,0.013748175839027094,0.03299504518508911
RAD-DINO,teacher_training_227137.pth,blocks.1.norm2.weight,768,100.0,39.633783298448364,0.4888266900394701,1.2333586384083783,0.9999279405831996,0.9970988573302383,0.013741999110303974,0.017639013817585113,0.06113624572753906
RAD-DINO,teacher_training_227137.pth,blocks.1.norm2.bias,768,100.0,8.497390137455374,0.18086583278733162,2.1284868631616534,0.9997977362732878,1.0067661715249188,0.005044766215168768,0.006526433577935736,0.035381436347961426
RAD-DINO,teacher_training_227137.pth,blocks.1.mlp.fc1.weight,2359296,100.0,66.74221416868292,20.63780051599033,30.921659961461234,0.9679879369732266,0.7873901750742853,0.010419764571670558,0.01343606804426454,0.1690240502357483
RAD-DINO,teacher_training_227137.pth,blocks.1.mlp.fc1.bias,3072,100.0,59.54128607812521,0.3420747294480313,0.5745168638097418,0.9999858752984819,1.0021671041153093,0.004677054827804265,0.006171779285305915,0.04327362775802612
RAD-DINO,teacher_training_227137.pth,blocks.1.mlp.fc2.weight,2359296,100.0,63.668770175262395,19.400075206633296,30.47031559307694,0.9695859452706131,0.7880896133504364,0.009871518289485189,0.01263025729598522,0.11463940143585205
RAD-DINO,teacher_training_227137.pth,blocks.1.mlp.fc2.bias,768,100.0,7.635208748315016,0.10483936262133495,1.3731040771409364,0.9999353505136173,0.9922381635302566,0.0027551956783848177,0.0037830646394435325,0.02856534719467163
RAD-DINO,teacher_training_227137.pth,blocks.1.ls2.gamma,768,100.0,3.4442977729844153,0.2495815962531609,7.2462258696321555,0.9983030935692402,1.041429020403197,0.006808231871218595,0.009006000111346184,0.03373001515865326
RAD-DINO,teacher_training_227137.pth,blocks.2.norm1.weight,768,100.0,31.31928082065778,0.5001644462624695,1.5969857326116115,0.9998932403024087,1.0063374893251085,0.013312166071652124,0.018048129855544805,0.09091305732727051
RAD-DINO,teacher_training_227137.pth,blocks.2.norm1.bias,768,100.0,7.311083583568001,0.21037412900345534,2.87746852568176,0.9995932043578535,0.9957778786796794,0.005885982241062256,0.007591222500667375,0.053933143615722656
RAD-DINO,teacher_training_227137.pth,blocks.2.attn.qkv.weight,1769472,100.0,58.15732488134747,19.493874859172287,33.51920828364041,0.9617338939280029,0.7686385415082054,0.011413732019044354,0.014654679554026039,0.1729578971862793
RAD-DINO,teacher_training_227137.pth,blocks.2.attn.qkv.bias,2304,100.0,30.884772987151102,0.5428252942494616,1.7575822703158335,0.9998487183523632,1.0023724327887178,0.008259024789911806,0.011308860296863784,0.056971073150634766
RAD-DINO,teacher_training_227137.pth,blocks.2.attn.proj.weight,589824,100.0,32.76501610808458,10.673735081616867,32.57662088859216,0.9647534715375813,0.7727303383069195,0.010933648848802399,0.01389809255418863,0.10041473805904388
RAD-DINO,teacher_training_227137.pth,blocks.2.attn.proj.bias,768,100.0,3.265881181377662,0.1704276508325796,5.218427780054364,0.9986537815526317,0.992946395203722,0.004691073029699548,0.006149778130346587,0.039819762110710144
RAD-DINO,teacher_training_227137.pth,blocks.2.ls1.gamma,768,100.0,2.919220370957251,0.3966730967325141,13.588323124863635,0.9942567885876492,1.0779873934295792,0.012404591366437975,0.014313707448674969,0.06203669309616089
RAD-DINO,teacher_training_227137.pth,blocks.2.norm2.weight,768,100.0,48.75334248302221,0.6541661601237977,1.341787304842952,0.9999294302026214,0.9936920667786286,0.01715076876450894,0.023605188040138655,0.08581423759460449
RAD-DINO,teacher_training_227137.pth,blocks.2.norm2.bias,768,100.0,7.07263934855213,0.23274421495865014,3.2907688839852436,0.9995162223057397,1.0102677169514824,0.006534460897465048,0.008398433447419048,0.039255380630493164
RAD-DINO,teacher_training_227137.pth,blocks.2.mlp.fc1.weight,2359296,100.0,68.10672309542724,23.305161519550968,34.21859173417741,0.958681863131019,0.7685184683269893,0.011767989703935519,0.015172631197624327,0.2265116572380066
RAD-DINO,teacher_training_227137.pth,blocks.2.mlp.fc1.bias,3072,100.0,47.950063379277275,0.3702000959848822,0.7720534028425762,0.9999742078424751,1.0028066971839673,0.004978651878748981,0.0066792226584655315,0.05268067121505737
RAD-DINO,teacher_training_227137.pth,blocks.2.mlp.fc2.weight,2359296,100.0,64.9041403749015,21.881607549270463,33.71373139352463,0.9604989165043639,0.7701840798427684,0.011167490228427439,0.014245838248222958,0.1340034306049347
RAD-DINO,teacher_training_227137.pth,blocks.2.mlp.fc2.bias,768,100.0,6.222423129182375,0.14631045009067123,2.3513420262999114,0.9998170836317563,0.9861393040468077,0.0036944318682993562,0.005279523609069021,0.04515635967254639
RAD-DINO,teacher_training_227137.pth,blocks.2.ls2.gamma,768,100.0,3.8140622151886987,0.3076178361749822,8.065359682649092,0.998105293709873,1.0502510510897594,0.008719254563487766,0.01110020253269726,0.040453970432281494
RAD-DINO,teacher_training_227137.pth,blocks.3.norm1.weight,768,100.0,38.03917908735768,0.41200260045984544,1.083100661856224,0.9999488256321748,1.0038172345476115,0.011200879991520196,0.014866863267644848,0.06990933418273926
RAD-DINO,teacher_training_227137.pth,blocks.3.norm1.bias,768,100.0,8.584696292752144,0.270246273418811,3.1480003974860886,0.9995087805048987,1.0024740725052161,0.007211992018236894,0.009751672419115233,0.07458615303039551
RAD-DINO,teacher_training_227137.pth,blocks.3.attn.qkv.weight,1769472,100.0,61.674562358514656,22.108437719404332,35.846930847904254,0.9566331584710026,0.7477139276480619,0.012917180330581087,0.01662019852690126,0.2032315731048584
RAD-DINO,teacher_training_227137.pth,blocks.3.attn.qkv.bias,2304,100.0,368.25763205735143,0.7618224059638251,0.2068721296304813,0.9999978892247396,1.0002388492559144,0.010531210566589443,0.015871300124246354,0.11737394332885742
RAD-DINO,teacher_training_227137.pth,blocks.3.attn.proj.weight,589824,100.0,34.4503068377707,11.971024128616444,34.748672007448214,0.9605448126612269,0.7522340886009595,0.012238649470880741,0.01558727100080266,0.11869628727436066
RAD-DINO,teacher_training_227137.pth,blocks.3.attn.proj.bias,768,100.0,3.817396664180864,0.19274271052322933,5.049061637522755,0.9987900189796592,0.9873530458076234,0.005055362488675996,0.006955003487807786,0.050983428955078125
RAD-DINO,teacher_training_227137.pth,blocks.3.ls1.gamma,768,100.0,4.517955699889944,0.3942399233952444,8.726068814814806,0.9977474868525884,1.053554970371774,0.011727267127431181,0.014225907868596363,0.07495009899139404
RAD-DINO,teacher_training_227137.pth,blocks.3.norm2.weight,768,100.0,36.700284730100584,0.43731336514393304,1.1915803061474899,0.999933418749502,1.0029046633821348,0.012272420775730097,0.015780186817879426,0.05698871612548828
RAD-DINO,teacher_training_227137.pth,blocks.3.norm2.bias,768,100.0,7.471220914459426,0.2652539386015475,3.5503425964582087,0.9994737094899255,1.0139024730119528,0.007497186258935547,0.009571527053450745,0.04549241065979004
RAD-DINO,teacher_training_227137.pth,blocks.3.mlp.fc1.weight,2359296,100.0,70.21764022471545,26.649851718587048,37.95321465275721,0.9447572689858235,0.7534173945493172,0.013598841655210093,0.017350163879288442,0.23317450284957886
RAD-DINO,teacher_training_227137.pth,blocks.3.mlp.fc1.bias,3072,100.0,53.06527831196579,0.42612228932614343,0.8030152726628709,0.9999714412006692,1.0026855837459818,0.005588696378557263,0.007688181826567141,0.054943203926086426
RAD-DINO,teacher_training_227137.pth,blocks.3.mlp.fc2.weight,2359296,100.0,67.70145394298925,25.064460544223614,37.02204175013753,0.949718351733713,0.7521630299762537,0.012798674453581979,0.01631800816681225,0.21588265895843506
RAD-DINO,teacher_training_227137.pth,blocks.3.mlp.fc2.bias,768,100.0,4.319938575148875,0.16337183530651117,3.781809219379491,0.999460460087329,0.9807142771384241,0.0037415891685850986,0.005895173318263589,0.0660332441329956
RAD-DINO,teacher_training_227137.pth,blocks.3.ls2.gamma,768,100.0,7.108843553017685,0.3944314468604889,5.548461489113145,0.9989427274658552,1.0300090315031718,0.011425232871564125,0.014232818876359802,0.0702979564666748
RAD-DINO,teacher_training_227137.pth,blocks.4.norm1.weight,768,100.0,36.60306489033351,0.4292087401696107,1.1726032818715137,0.9999350217440817,1.0026823033100023,0.012072194988528887,0.015487736354716553,0.09238982200622559
RAD-DINO,teacher_training_227137.pth,blocks.4.norm1.bias,768,100.0,7.727365959432482,0.302182058646488,3.9105441651514723,0.9992423635719951,1.0030550691346685,0.007684150188377241,0.010904055806489071,0.11245286464691162
RAD-DINO,teacher_training_227137.pth,blocks.4.attn.qkv.weight,1769472,100.0,62.900339993871114,24.910629140804534,39.60332987585088,0.9438058802589334,0.7256043373292684,0.01466217543196137,0.018726768802247964,0.16771814227104187
RAD-DINO,teacher_training_227137.pth,blocks.4.attn.qkv.bias,2304,100.0,38.89622519586585,0.9074871923167411,2.333098360437287,0.9997408300604039,1.0048459339587863,0.012359889503588621,0.018905983173265438,0.11387014389038086
RAD-DINO,teacher_training_227137.pth,blocks.4.attn.proj.weight,589824,100.0,35.82343672743902,13.492146740208401,37.662904435615104,0.9525719932977835,0.7306647165627915,0.013823341296675364,0.017567899401313022,0.1458490788936615
RAD-DINO,teacher_training_227137.pth,blocks.4.attn.proj.bias,768,100.0,3.6589323035196553,0.23905659426527834,6.533506893126212,0.9979843066342377,0.982448943089316,0.006003522495764931,0.00862621181566335,0.07913708686828613
RAD-DINO,teacher_training_227137.pth,blocks.4.ls1.gamma,768,100.0,6.469515336128599,0.4509190624501797,6.969904838652298,0.9983477070930614,1.0377951607999902,0.012716269860296356,0.016271140130521555,0.12497591972351074
RAD-DINO,teacher_training_227137.pth,blocks.4.norm2.weight,768,100.0,34.450326147575275,0.4915652812813796,1.4268813571623546,0.9999095540560757,1.0046756146266207,0.013889294360221053,0.017737834217004915,0.06556510925292969
RAD-DINO,teacher_training_227137.pth,blocks.4.norm2.bias,768,100.0,7.919754984471205,0.2722889890741369,3.438098648355059,0.9995391992693136,1.0156842637635386,0.0075693114709357205,0.00982538257120775,0.058821678161621094
RAD-DINO,teacher_training_227137.pth,blocks.4.mlp.fc1.weight,2359296,99.99995761447482,72.6222280352943,30.35079954705003,41.79271328924194,0.9292526989243393,0.7338718736987134,0.01554224613697638,0.019759635121777364,0.2525979280471802
RAD-DINO,teacher_training_227137.pth,blocks.4.mlp.fc1.bias,3072,100.0,53.31912964414459,0.45890564391850824,0.8606772972126047,0.9999662399936257,1.0025270343983097,0.006041623105678203,0.008279665532780915,0.05268454551696777
RAD-DINO,teacher_training_227137.pth,blocks.4.mlp.fc2.weight,2359296,100.0,70.13031378404459,28.548960134088468,40.708444884476854,0.9359246700316554,0.7317856574321236,0.014604509553175068,0.01858656258729718,0.2633724808692932
RAD-DINO,teacher_training_227137.pth,blocks.4.mlp.fc2.bias,768,100.0,4.1535088504900655,0.2147504504293991,5.170338096283606,0.9990880902766146,0.9699290138927384,0.004440504135198846,0.0077491393977504345,0.11069214344024658
RAD-DINO,teacher_training_227137.pth,blocks.4.ls2.gamma,768,100.0,11.227556489868643,0.46915087584535203,4.178566157905307,0.9993049463734235,1.0181839654154736,0.013207008766282039,0.01692902402874142,0.10937809944152832
RAD-DINO,teacher_training_227137.pth,blocks.5.norm1.weight,768,100.0,34.129609238860255,0.45260893789924966,1.3261474361795662,0.9999223138510251,1.0044500549474629,0.012758380034938455,0.016332118258360152,0.07142487168312073
RAD-DINO,teacher_training_227137.pth,blocks.5.norm1.bias,768,100.0,8.066283988785816,0.3296627311623018,4.086921953412709,0.9991645077079981,0.9990834602267079,0.008177367608586414,0.011895679161146387,0.12383091449737549
RAD-DINO,teacher_training_227137.pth,blocks.5.attn.qkv.weight,1769472,100.0,66.32642320765137,28.12398875707232,42.40239017415905,0.9349198370310743,0.7028177669791843,0.01655377019776743,0.021142438124455352,0.2294594645500183
RAD-DINO,teacher_training_227137.pth,blocks.5.attn.qkv.bias,2304,100.0,41.94013079326548,1.1306793417418315,2.695936613348354,0.9996551892550767,1.0057629570078914,0.014565029686376678,0.02355581961962149,0.17209196090698242
RAD-DINO,teacher_training_227137.pth,blocks.5.attn.proj.weight,589824,100.0,37.042302311831605,15.133022387298762,40.85335263425339,0.9413573509328771,0.7110243218180112,0.015527989938366737,0.01970445623346193,0.1940569281578064
RAD-DINO,teacher_training_227137.pth,blocks.5.attn.proj.bias,768,100.0,3.6484930798442434,0.2878615922723206,7.889876339976766,0.9971531378903574,0.97392825316301,0.007797059286547873,0.010387310486736162,0.07352632284164429
RAD-DINO,teacher_training_227137.pth,blocks.5.ls1.gamma,768,100.0,11.20463464338304,0.49823868706235347,4.446719620229573,0.9992115657057278,1.0192386618054021,0.013743472241912968,0.01797864000600847,0.14095962047576904
RAD-DINO,teacher_training_227137.pth,blocks.5.norm2.weight,768,100.0,33.25938207282215,0.5201501068367494,1.5639199360284843,0.9998880713230217,1.0044421607713458,0.014568706348654814,0.018769300262575617,0.07808160781860352
RAD-DINO,teacher_training_227137.pth,blocks.5.norm2.bias,768,100.0,8.359260829148731,0.43207832379617916,5.168858020191482,0.9989689649964114,1.0236813576222077,0.012241543545902308,0.015591283534670396,0.05888187885284424
RAD-DINO,teacher_training_227137.pth,blocks.5.mlp.fc1.weight,2359296,100.0,75.14090922786188,34.290572436275426,45.635024633905616,0.9112808780682229,0.7145872430250211,0.017600253642759377,0.022324591429866814,0.22802090644836426
RAD-DINO,teacher_training_227137.pth,blocks.5.mlp.fc1.bias,3072,100.0,60.68015898513002,0.5970334547264577,0.9839022585170942,0.9999585173220296,1.0036790993064737,0.007587550116265144,0.010771794556297894,0.0894353985786438
RAD-DINO,teacher_training_227137.pth,blocks.5.mlp.fc2.weight,2359296,100.0,73.73290932652878,32.62278826310734,44.24454230964382,0.9211165301309118,0.7108461934226707,0.016684584008837825,0.021238794442127177,0.31370508670806885
RAD-DINO,teacher_training_227137.pth,blocks.5.mlp.fc2.bias,768,100.0,4.989067688602086,0.2667453250233042,5.346596632326811,0.9993875491873233,0.9589637563726242,0.005045377933356576,0.009625342825454932,0.15292906761169434
RAD-DINO,teacher_training_227137.pth,blocks.5.ls2.gamma,768,100.0,18.67983420852597,0.6113398683234731,3.2727264144798527,0.9995896755697672,1.0154198153062286,0.01718494348945872,0.02205982734643172,0.15728187561035156
RAD-DINO,teacher_training_227137.pth,blocks.6.norm1.weight,768,100.0,35.35552126573267,0.4999359050451092,1.4140249871797472,0.9999146589669636,1.0053250086281258,0.014512092573568225,0.018039883084709562,0.0610508918762207
RAD-DINO,teacher_training_227137.pth,blocks.6.norm1.bias,768,100.0,6.675838495934328,0.3439054362428792,5.151494249783335,0.9986783153800831,1.0021664253203504,0.008969305112335254,0.012409618511912624,0.11373651027679443
RAD-DINO,teacher_training_227137.pth,blocks.6.attn.qkv.weight,1769472,100.0,68.40049056226988,31.535838513267333,46.10469640500311,0.9183519519091213,0.681846961190017,0.018665550577232338,0.02370732402962951,0.21295896172523499
RAD-DINO,teacher_training_227137.pth,blocks.6.attn.qkv.bias,2304,100.0,43.35992735471201,1.5534455048846054,3.582675524745291,0.999444983710536,1.0126295146356232,0.01954079950980751,0.03236344801842928,0.2956094741821289
RAD-DINO,teacher_training_227137.pth,blocks.6.attn.proj.weight,589824,100.0,39.65878479700171,17.738967703760913,44.72897441149538,0.9273229124168572,0.6823823092419182,0.018248234625221366,0.023097614197605358,0.2364841103553772
RAD-DINO,teacher_training_227137.pth,blocks.6.attn.proj.bias,768,100.0,3.4044624054140753,0.305135052875527,8.962796957025414,0.9960267385683266,0.985905628335548,0.008667492937657784,0.011010612807304762,0.05485892295837402
RAD-DINO,teacher_training_227137.pth,blocks.6.ls1.gamma,768,100.0,14.997642374512868,0.5471668308718959,3.6483523023709137,0.9994439150459529,1.0142488728170218,0.015544808611593908,0.01974418231847022,0.1165771484375
RAD-DINO,teacher_training_227137.pth,blocks.6.norm2.weight,768,100.0,37.025794570322184,0.5222593547089247,1.4105284188216687,0.9999011547119464,1.0010317458468259,0.014593838728615083,0.018845411189249872,0.06096994876861572
RAD-DINO,teacher_training_227137.pth,blocks.6.norm2.bias,768,100.0,8.726225823197517,0.47036282461949164,5.390220630883678,0.9989145130468317,1.026037422561658,0.01342118995513708,0.016972756463178515,0.06838703155517578
RAD-DINO,teacher_training_227137.pth,blocks.6.mlp.fc1.weight,2359296,100.0,78.63418946545195,38.677987573302445,49.187240100307356,0.8939430076069688,0.6912793460444642,0.019882664361189753,0.025180981493035447,0.16236013174057007
RAD-DINO,teacher_training_227137.pth,blocks.6.mlp.fc1.bias,3072,100.0,67.00556373549423,0.6741420944930484,1.006098683318653,0.999956280622366,1.0036693133684456,0.008759225850099028,0.012163003741488113,0.07198727130889893
RAD-DINO,teacher_training_227137.pth,blocks.6.mlp.fc2.weight,2359296,100.0,78.86637162404273,37.359588633958715,47.37074606659031,0.9082703814128065,0.6861131307044336,0.0190915406818473,0.024322648850233535,0.24834203720092773
RAD-DINO,teacher_training_227137.pth,blocks.6.mlp.fc2.bias,768,100.0,5.063531269893844,0.28142798026490334,5.557939020505019,0.9994146305683085,0.9556119775715551,0.0055847507290754566,0.010155157510214664,0.14772915840148926
RAD-DINO,teacher_training_227137.pth,blocks.6.ls2.gamma,768,100.0,29.301688455750924,0.7004902181549285,2.390613835147258,0.9997823837209564,1.0114579243781243,0.020186615215304,0.025276763501027977,0.12238287925720215
RAD-DINO,teacher_training_227137.pth,blocks.7.norm1.weight,768,100.0,35.25483134005978,0.5939616349142319,1.6847666329332798,0.999888705925929,1.00771610006274,0.016843903470241155,0.021432744362877627,0.1060800552368164
RAD-DINO,teacher_training_227137.pth,blocks.7.norm1.bias,768,100.0,6.369451215049221,0.3892282615178852,6.110860235466571,0.9981469281492377,1.0037639963792033,0.010033682204650063,0.014045065097722567,0.14609014987945557
RAD-DINO,teacher_training_227137.pth,blocks.7.attn.qkv.weight,1769472,100.0,71.22993275813987,35.101555751165456,49.27922067588109,0.9036894516348206,0.6597657257731052,0.02079135965239596,0.026387881070195355,0.20644667744636536
RAD-DINO,teacher_training_227137.pth,blocks.7.attn.qkv.bias,2304,100.0,55.11817629362908,2.1274479973831264,3.85979388369029,0.9993745866260192,1.0148460208317978,0.02544321228093802,0.044321833278815136,0.31845903396606445
RAD-DINO,teacher_training_227137.pth,blocks.7.attn.proj.weight,589824,100.0,41.65502942795093,19.915296429866952,47.81006448288234,0.9147741070946872,0.6590557198077759,0.02053442399699517,0.025931375559722594,0.3067776560783386
RAD-DINO,teacher_training_227137.pth,blocks.7.attn.proj.bias,768,100.0,3.7843492021783516,0.34786696086931096,9.192253206154215,0.9957665988282423,0.9948331950729006,0.009612035469859373,0.012552567718754605,0.09278487786650658
RAD-DINO,teacher_training_227137.pth,blocks.7.ls1.gamma,768,100.0,21.699801419040135,0.6736098914730306,3.104221455602735,0.9996311740792175,1.0146679049585514,0.01878743497945834,0.024306803260671802,0.16074109077453613
RAD-DINO,teacher_training_227137.pth,blocks.7.norm2.weight,768,100.0,36.39711754234938,0.5952076759180431,1.635315420858526,0.9998689867214262,0.9975417007696072,0.016521110218794394,0.02147770699468836,0.13453149795532227
RAD-DINO,teacher_training_227137.pth,blocks.7.norm2.bias,768,100.0,8.55042441243144,0.4835733557661701,5.655547987338548,0.9988401042787908,1.0285061828766489,0.013878445487970717,0.017449450445283062,0.07544398307800293
RAD-DINO,teacher_training_227137.pth,blocks.7.mlp.fc1.weight,2359296,100.0,82.67063497010237,43.48551197949274,52.60091687359021,0.8763265980493176,0.6650591087308598,0.0224240576600474,0.028310880194982256,0.2800418734550476
RAD-DINO,teacher_training_227137.pth,blocks.7.mlp.fc1.bias,3072,100.0,68.82035759111065,0.7560556675514205,1.0985930530083126,0.9999454975491926,1.0033643772653476,0.009663111374417591,0.01364090447447359,0.09332275390625
RAD-DINO,teacher_training_227137.pth,blocks.7.mlp.fc2.weight,2359296,100.0,82.86845860835179,42.45816742650779,51.23561864131102,0.8874380802222623,0.6637078677243511,0.02175934339996432,0.02764203608496601,0.3053889274597168
RAD-DINO,teacher_training_227137.pth,blocks.7.mlp.fc2.bias,768,100.0,5.649548307766635,0.29559366324418784,5.232164540266426,0.9993561805405342,0.9612729800158026,0.006401668145502508,0.010666317565298714,0.1508312225341797
RAD-DINO,teacher_training_227137.pth,blocks.7.ls2.gamma,768,100.0,38.615709310527706,0.8279135435002193,2.143981188698526,0.9998634239736883,1.0135211007210945,0.02443199868624409,0.029874756700349284,0.1004629135131836
RAD-DINO,teacher_training_227137.pth,blocks.8.norm1.weight,768,100.0,30.941669443358563,0.6679496442828704,2.1587382203329746,0.9998006705503089,1.0080101713414518,0.018080909430864267,0.024102556683239375,0.1594374179840088
RAD-DINO,teacher_training_227137.pth,blocks.8.norm1.bias,768,100.0,7.312580864996485,0.41778597013949453,5.713249232419878,0.9983729498575601,1.001932259686913,0.010779375930212609,0.015075552645230384,0.12537389993667603
RAD-DINO,teacher_training_227137.pth,blocks.8.attn.qkv.weight,1769472,100.0,73.91204671042381,38.86905392216961,52.58825273023851,0.8867527461579596,0.635988184585503,0.023092135872860995,0.029220128574362896,0.22310948371887207
RAD-DINO,teacher_training_227137.pth,blocks.8.attn.qkv.bias,2304,100.0,75.68985348604413,3.7818526161430377,4.996512005192802,0.9992956466841881,1.032285079898065,0.040177490738965024,0.07878859616964662,0.7739810943603516
RAD-DINO,teacher_training_227137.pth,blocks.8.attn.proj.weight,589824,100.0,43.89059081828979,22.428654796871175,51.101282481540125,0.9016233003236983,0.6294860503699045,0.023144795259719495,0.029203977600092676,0.2751162350177765
RAD-DINO,teacher_training_227137.pth,blocks.8.attn.proj.bias,768,100.0,5.56895856153875,0.431414459393456,7.7467708661537005,0.9970327756690088,0.988337855110586,0.011812051903660858,0.015567328391444295,0.10440671443939209
RAD-DINO,teacher_training_227137.pth,blocks.8.ls1.gamma,768,100.0,29.872454043255463,0.6925790830468679,2.3184539242876054,0.9997519485232542,1.0061925568755659,0.018938937505784754,0.024991295002013334,0.22926664352416992
RAD-DINO,teacher_training_227137.pth,blocks.8.norm2.weight,768,100.0,38.171430311526784,0.7224455646764687,1.8926342523201416,0.9998516740177281,0.9920046059436749,0.02113506682993223,0.02606900882755065,0.08061671257019043
RAD-DINO,teacher_training_227137.pth,blocks.8.norm2.bias,768,100.0,9.702165640064024,0.5173419015550241,5.332231181652039,0.9989581202160858,1.0265370049490328,0.014478860652616277,0.018667967882866628,0.10217070579528809
RAD-DINO,teacher_training_227137.pth,blocks.8.mlp.fc1.weight,2359296,100.0,87.86916222146357,48.7559948624634,55.48703735171598,0.8617895010744323,0.6369289319005744,0.025182294502862322,0.03174218415524961,0.23770774900913239
RAD-DINO,teacher_training_227137.pth,blocks.8.mlp.fc1.bias,3072,100.0,75.4712031849714,0.7932170604367211,1.0510194974534004,0.9999480685051221,1.002517875020538,0.010341345997100385,0.014311377605279518,0.10183894634246826
RAD-DINO,teacher_training_227137.pth,blocks.8.mlp.fc2.weight,2359296,100.0,89.6120877569878,48.829599546348305,54.48996978930519,0.8721436448407075,0.6322473797593742,0.025062835848937395,0.031790103871320516,0.24104583263397217
RAD-DINO,teacher_training_227137.pth,blocks.8.mlp.fc2.bias,768,100.0,4.821737318115487,0.31995545677173065,6.635688252233141,0.998646306268274,0.957443383054627,0.007515998577401224,0.011545398068490522,0.11271166801452637
RAD-DINO,teacher_training_227137.pth,blocks.8.ls2.gamma,768,100.0,58.73839228147685,0.8451804859570267,1.4388893756350807,0.999918138458787,1.0065002264571121,0.024427697528153658,0.030497823817569252,0.094512939453125
RAD-DINO,teacher_training_227137.pth,blocks.9.norm1.weight,768,100.0,29.112984404583063,0.6901801040414449,2.3706951319384295,0.999768209421558,1.0096925285844705,0.0195576283246434,0.02490472930360326,0.12367486953735352
RAD-DINO,teacher_training_227137.pth,blocks.9.norm1.bias,768,100.0,7.7009742015951,0.4811013046265421,6.247278487530729,0.998073677205028,1.0054162911566544,0.01164546453666541,0.01736024798335089,0.1350545771420002
RAD-DINO,teacher_training_227137.pth,blocks.9.attn.qkv.weight,1769472,100.0,77.6090565860085,43.596764597343025,56.17484159084949,0.8652408227694783,0.6118577843424616,0.025939443776511334,0.03277422366676138,0.20883947610855103
RAD-DINO,teacher_training_227137.pth,blocks.9.attn.qkv.bias,2304,100.0,80.36221864117798,6.252296586751022,7.780144317154675,0.9976155789583458,1.0335308673460346,0.059685919107910955,0.13025617889064628,1.3485851287841797
RAD-DINO,teacher_training_227137.pth,blocks.9.attn.proj.weight,589824,100.0,45.57062577852618,25.038281016212718,54.943904299008494,0.8801257325705408,0.6035311427921226,0.025897871653100642,0.03260192840652698,0.3208858370780945
RAD-DINO,teacher_training_227137.pth,blocks.9.attn.proj.bias,768,100.0,4.108815047197659,0.4905975504491824,11.940122512542525,0.9928731022743628,0.9855485011678523,0.012939063886904023,0.017702914238475403,0.13863694295287132
RAD-DINO,teacher_training_227137.pth,blocks.9.ls1.gamma,768,100.0,44.06973592504983,0.8276401908823992,1.8780239398075393,0.9998256750647851,1.0018450587831758,0.02312509329446281,0.029864892937381652,0.21809768676757812
RAD-DINO,teacher_training_227137.pth,blocks.9.norm2.weight,768,100.0,38.58331163021603,0.9084813008137546,2.354596488556179,0.9997781407336407,0.9892546835447008,0.02654329357513537,0.03278199522366016,0.1118079423904419
RAD-DINO,teacher_training_227137.pth,blocks.9.norm2.bias,768,100.0,9.631337531911841,0.594846454842336,6.176156249029908,0.9986463999197377,1.0319498933385305,0.015898389914847637,0.02146467255185733,0.1405653953552246
RAD-DINO,teacher_training_227137.pth,blocks.9.mlp.fc1.weight,2359296,100.0,93.92854366158181,54.960748277647184,58.513361471532065,0.8452596299521378,0.6068373384258585,0.028447301360767556,0.03578173715992655,0.21298843622207642
RAD-DINO,teacher_training_227137.pth,blocks.9.mlp.fc1.bias,3072,100.0,81.52286477314111,0.9121741055420903,1.1189181195735154,0.9999405206530874,1.0024390441767832,0.012325941499814993,0.016457623918204125,0.08573639392852783
RAD-DINO,teacher_training_227137.pth,blocks.9.mlp.fc2.weight,2359296,100.0,96.16737451749655,55.734720373512566,57.95595507639888,0.8545407238695371,0.597384892449698,0.028664164950765476,0.03628562524317224,0.3340480923652649
RAD-DINO,teacher_training_227137.pth,blocks.9.mlp.fc2.bias,768,100.0,6.488167136315475,0.3990916113680923,6.151068598931468,0.9986287029963186,0.9663355003216708,0.009898126606382599,0.0144009780784181,0.12813472747802734
RAD-DINO,teacher_training_227137.pth,blocks.9.ls2.gamma,768,100.0,90.28561651860291,0.8554030970459555,0.9474411650827061,0.9999552475021628,0.999443893181871,0.02413295238511637,0.030866700521570124,0.1426880657672882
RAD-DINO,teacher_training_227137.pth,blocks.10.norm1.weight,768,100.0,26.838929957178067,0.8021653611664861,2.9888127523949484,0.9996270962807227,1.0117774783947362,0.022179804810245212,0.028945649200254005,0.13004183769226074
RAD-DINO,teacher_training_227137.pth,blocks.10.norm1.bias,768,100.0,8.993291771901575,0.5461855983384791,6.0732556242083495,0.99817722120811,1.0049748918710415,0.01302029342574921,0.01970877513926361,0.13303804397583008
RAD-DINO,teacher_training_227137.pth,blocks.10.attn.qkv.weight,1769472,100.0,82.42569913248467,49.073349486024696,59.5364673912538,0.8443414259770731,0.5847811467277632,0.029186862360163972,0.036891291062230394,0.2131502628326416
RAD-DINO,teacher_training_227137.pth,blocks.10.attn.qkv.bias,2304,100.0,115.1179314350274,5.642819353945563,4.901772715687105,0.9988028665907668,1.0019499105304646,0.05962801904695267,0.11755873654053256,0.9457416534423828
RAD-DINO,teacher_training_227137.pth,blocks.10.attn.proj.weight,589824,100.0,45.959373504883104,27.103375097161056,58.97246422273656,0.8526544710602024,0.5791680899200294,0.028054508866985645,0.03529085299109513,0.3680528998374939
RAD-DINO,teacher_training_227137.pth,blocks.10.attn.proj.bias,768,100.0,5.044540751770597,0.6369530702135706,12.62658191412181,0.9920106250204026,0.9973150794478682,0.017213078352365112,0.022984064159310223,0.14939702302217484
RAD-DINO,teacher_training_227137.pth,blocks.10.ls1.gamma,768,100.0,64.23383626231643,0.9570368046797905,1.4899262761941683,0.9998953661812525,0.9963272656234211,0.02690545863394315,0.03453409105039102,0.21340703964233398
RAD-DINO,teacher_training_227137.pth,blocks.10.norm2.weight,768,100.0,37.511075064314376,1.2933768381061992,3.447986590330051,0.9995811070387348,0.9808394235099731,0.03889074327162234,0.04667071660276507,0.20298850536346436
RAD-DINO,teacher_training_227137.pth,blocks.10.norm2.bias,768,100.0,9.896477515433237,0.9255763179561621,9.352583447117985,0.9970055511923464,1.049609266098092,0.024502233062662526,0.0333988585204708,0.2025468349456787
RAD-DINO,teacher_training_227137.pth,blocks.10.mlp.fc1.weight,2359296,100.0,101.3314425565473,62.13630093873585,61.31986219781794,0.8308734391492814,0.573262837892864,0.032215147794324675,0.04045332092365615,0.27985379099845886
RAD-DINO,teacher_training_227137.pth,blocks.10.mlp.fc1.bias,3072,100.0,92.30739773931845,1.219562602727214,1.321197035768824,0.9999202189626186,1.0037932605301074,0.016801431841789356,0.022003587405567425,0.10171449184417725
RAD-DINO,teacher_training_227137.pth,blocks.10.mlp.fc2.weight,2359296,100.0,103.20965708269927,63.4081800327999,61.436285930097156,0.8360531047140352,0.5595996424632567,0.032571900026599696,0.0412813672088541,0.4814597964286804
RAD-DINO,teacher_training_227137.pth,blocks.10.mlp.fc2.bias,768,100.0,6.5271765785201765,0.5469709414228723,8.37990109265406,0.997255791195472,0.9579952855291748,0.013926174707478367,0.019737113766837396,0.19375181198120117
RAD-DINO,teacher_training_227137.pth,blocks.10.ls2.gamma,768,100.0,159.99786118464792,1.5433604836532697,0.9646131968427576,0.9999800061555956,0.9926957372906461,0.04753100578091107,0.055691224418365395,0.20197874307632446
RAD-DINO,teacher_training_227137.pth,blocks.11.norm1.weight,768,100.0,25.139848619337307,0.9125972783092248,3.630082631473224,0.9993426072340861,0.9974996138663917,0.02487784222466871,0.03293051776834692,0.1535811424255371
RAD-DINO,teacher_training_227137.pth,blocks.11.norm1.bias,768,100.0,8.436218863208504,0.718759308919548,8.519922498148489,0.9963940009607889,1.00413435548069,0.018972614753986743,0.025935992530453148,0.18989646434783936
RAD-DINO,teacher_training_227137.pth,blocks.11.attn.qkv.weight,1769472,100.0,89.27368566649272,56.21225918651096,62.96621313082991,0.8230885495915936,0.5511526011175042,0.03318369805260322,0.04225802470454312,0.2639164626598358
RAD-DINO,teacher_training_227137.pth,blocks.11.attn.qkv.bias,2304,100.0,54.88171038322963,4.328545947329346,7.887046371375539,0.9969401236058334,1.0074358418583917,0.046808957482703306,0.09017804056936136,0.9134397506713867
RAD-DINO,teacher_training_227137.pth,blocks.11.attn.proj.weight,589824,100.0,40.745025975295306,26.34794160966327,64.665418609964,0.800067629419371,0.5586761464608381,0.02717434450510616,0.03430721563758238,0.33553189039230347
RAD-DINO,teacher_training_227137.pth,blocks.11.attn.proj.bias,768,100.0,10.556598347583986,0.6833912587441255,6.473593445946804,0.998453778650362,0.9652771406120312,0.01680103497965509,0.024659757949859883,0.30098819732666016
RAD-DINO,teacher_training_227137.pth,blocks.11.ls1.gamma,768,100.0,124.40786621516123,2.8316973775985135,2.276140137876123,0.9999509103964423,0.9794593366306528,0.09427030129275711,0.10218007770125369,0.3420982360839844
RAD-DINO,teacher_training_227137.pth,blocks.11.norm2.weight,768,100.0,38.15778954835383,2.049790252905205,5.371878919526237,0.9991191355493249,0.9655817633589571,0.06220670608036016,0.07396543464356821,0.2694528102874756
RAD-DINO,teacher_training_227137.pth,blocks.11.norm2.bias,768,100.0,10.395327651219514,1.482459676394227,14.260826845802347,0.9916625043534733,1.0527496615405443,0.04080590611867289,0.05349365582681078,0.21245213970541954
RAD-DINO,teacher_training_227137.pth,blocks.11.mlp.fc1.weight,2359296,100.0,108.9051905110807,70.39542412898881,64.63918184122393,0.8080854723779538,0.5419567186165795,0.03645825822793118,0.04583035425064375,0.2607251852750778
RAD-DINO,teacher_training_227137.pth,blocks.11.mlp.fc1.bias,3072,100.0,95.35097262919943,1.3382355269941701,1.4034838765602278,0.999908416033108,1.0036255591586458,0.019002362018606316,0.02414470755466265,0.10036015510559082
RAD-DINO,teacher_training_227137.pth,blocks.11.mlp.fc2.weight,2359296,100.0,103.49391269199656,67.48082790504796,65.20270241001954,0.8057001614646219,0.5331345907461715,0.034587086620188626,0.04393283066734893,1.052442368119955
RAD-DINO,teacher_training_227137.pth,blocks.11.mlp.fc2.bias,768,100.0,6.938595457559169,0.8798566845733498,12.680616559289396,0.995492669215275,0.9113175060510423,0.017553230227013234,0.03174909335541969,0.6106314659118652
RAD-DINO,teacher_training_227137.pth,blocks.11.ls2.gamma,768,100.0,203.6326226064988,2.8768786377007873,1.4127788567846955,0.9999652934501175,0.9885555382118392,0.08881260653672977,0.10381041599390209,0.7845840454101562
RAD-DINO,teacher_training_227137.pth,norm.weight,768,100.0,48.744909384696705,2.7915266887505705,5.7268066019360795,0.9991767455956783,1.0395970415467004,0.08091410953754045,0.1007305428250104,0.6842844486236572
RAD-DINO,teacher_training_227137.pth,norm.bias,768,100.0,8.99812415587235,1.6089481934688499,17.88092902028718,0.985232732056297,1.0367720236498936,0.045713247130530966,0.05805791703821266,0.2992960512638092
MAIRA-2,spine_rad_dino_maira2_vitb14_teacher_20000.pth,cls_token,768,100.0,0.5704225177368745,0.014811627430602398,2.596606369847891,0.9996861237205672,0.9928609919675057,0.0004238995828750684,0.0005344685677621712,0.00197125252452679
MAIRA-2,spine_rad_dino_maira2_vitb14_teacher_20000.pth,pos_embed,1052160,100.0,15.548748812361511,1.2332619007322494,7.931582892070297,0.9968540068205644,0.9938687712198234,0.0009578007493094134,0.001202304358318978,0.005929509876295924
MAIRA-2,spine_rad_dino_maira2_vitb14_teacher_20000.pth,mask_token,768,100.0,1.2527692709950333,0.016778992074431922,1.3393521427217736,0.9999461811104915,0.9914755534078288,0.00045518490593998706,0.0006054597244314917,0.0026556551456451416
MAIRA-2,spine_rad_dino_maira2_vitb14_teacher_20000.pth,patch_embed.proj.weight,451584,99.99977855725623,5.88771006853937,0.027654130753527264,0.46969246840627354,0.9999925679752582,0.997309825490627,3.178764442227474e-05,4.1151980287987e-05,0.0003579180920496583
MAIRA-2,spine_rad_dino_maira2_vitb14_teacher_20000.pth,patch_embed.proj.bias,768,100.0,1.8680606851652102,0.0040307680522497025,0.21577286456800643,0.9999978354624542,0.9994262390116943,9.666144436452455e-05,0.00014544781375045682,0.0017056390643119812
MAIRA-2,spine_rad_dino_maira2_vitb14_teacher_20000.pth,blocks.0.norm1.weight,768,100.0,29.344184045603125,0.04255767847839116,0.14502934691335512,0.9999992334053829,1.0007543244594657,0.0011916971053243703,0.0015356679453490426,0.005742311477661133
MAIRA-2,spine_rad_dino_maira2_vitb14_teacher_20000.pth,blocks.0.norm1.bias,768,100.0,7.078382850477348,0.03210859596884751,0.45361485309716176,0.9999931381295677,0.997375324210356,0.000893389380524893,0.0011586191578696902,0.003898799419403076
MAIRA-2,spine_rad_dino_maira2_vitb14_teacher_20000.pth,blocks.0.attn.qkv.weight,1769472,99.99994348596644,25.60432856869439,1.6428319400371594,6.416227379794674,0.9979723132979512,0.9898769140992453,0.0009636795427363983,0.0012350123213720951,0.009834617376327515
MAIRA-2,spine_rad_dino_maira2_vitb14_teacher_20000.pth,blocks.0.attn.qkv.bias,2304,100.0,50.122225118711896,0.04549110673054732,0.09076034957108148,0.9999995967705129,0.9998681232243724,0.0007012898956308473,0.0009477313902197358,0.0050792694091796875
MAIRA-2,spine_rad_dino_maira2_vitb14_teacher_20000.pth,blocks.0.attn.proj.weight,589824,100.0,12.574870758739067,0.878970197022713,6.989894479924268,0.9975785699350556,0.9905881709680617,0.0009004012327731657,0.001144492444039991,0.00622960552573204
MAIRA-2,spine_rad_dino_maira2_vitb14_teacher_20000.pth,blocks.0.attn.proj.bias,768,100.0,3.505024474928739,0.0157340850184493,0.4489008602078075,0.9999899805158902,1.0003251377920408,0.0004331149957958284,0.000567754888803385,0.004119053483009338
MAIRA-2,spine_rad_dino_maira2_vitb14_teacher_20000.pth,blocks.0.ls1.gamma,768,100.0,4.8087614933767435,0.033930573685205974,0.7055990140484116,0.9999751138443337,0.9998514010704488,0.0009314934208989692,0.0012243641156820062,0.003904484212398529
MAIRA-2,spine_rad_dino_maira2_vitb14_teacher_20000.pth,blocks.0.norm2.weight,768,100.0,50.67101214993445,0.042529462304048256,0.0839325296645042,0.9999996607554589,0.9998384838754144,0.0012243738975712404,0.0015346497818582688,0.004533052444458008
MAIRA-2,spine_rad_dino_maira2_vitb14_teacher_20000.pth,blocks.0.norm2.bias,768,100.0,9.567941480818112,0.03230302197491683,0.3376172611389628,0.9999943205167868,0.9997953046079825,0.0009108949414364057,0.0011656349020535393,0.005203187465667725
MAIRA-2,spine_rad_dino_maira2_vitb14_teacher_20000.pth,blocks.0.mlp.fc1.weight,2359296,99.99995761447482,26.74542550446863,1.9756613849037785,7.386913266994704,0.9972942671420079,0.990048300282782,0.0010190950331295423,0.0012862378807967309,0.0070280469954013824
MAIRA-2,spine_rad_dino_maira2_vitb14_teacher_20000.pth,blocks.0.mlp.fc1.bias,3072,100.0,64.56282258278841,0.06005327688518214,0.09301525937496967,0.9999996106573472,1.0002937172595354,0.0008561528723779096,0.001083492986730595,0.004324197769165039
MAIRA-2,spine_rad_dino_maira2_vitb14_teacher_20000.pth,blocks.0.mlp.fc2.weight,2359296,100.0,23.868427070060264,1.7893099300459603,7.496555700104802,0.9972108900060628,0.9901828118078,0.0009212151885973464,0.0011649153190403387,0.00953175500035286
MAIRA-2,spine_rad_dino_maira2_vitb14_teacher_20000.pth,blocks.0.mlp.fc2.bias,768,100.0,5.388074395289565,0.015526157562700971,0.2881578171280348,0.9999958631261944,0.9998233457078767,0.00042076103216951805,0.0005602519530191218,0.004873067140579224
MAIRA-2,spine_rad_dino_maira2_vitb14_teacher_20000.pth,blocks.0.ls2.gamma,768,100.0,3.3596921612634087,0.03604657358703452,1.0729129889531082,0.9999441145598998,0.9981147782954046,0.0010242753556966022,0.001300718685239877,0.0042333900928497314
MAIRA-2,spine_rad_dino_maira2_vitb14_teacher_20000.pth,blocks.1.norm1.weight,768,100.0,37.39611933175527,0.053212103084495845,0.14229311499525107,0.9999993487018327,1.0008491352320148,0.001542083230525293,0.0019201263774987368,0.006543278694152832
MAIRA-2,spine_rad_dino_maira2_vitb14_teacher_20000.pth,blocks.1.norm1.bias,768,100.0,8.644570875313905,0.023338965383122082,0.26998408272376606,0.9999963644364632,0.9998621011267457,0.0006787425748958261,0.0008421723716595558,0.0025759637355804443
MAIRA-2,spine_rad_dino_maira2_vitb14_teacher_20000.pth,blocks.1.attn.qkv.weight,1769472,100.0,25.363762194891635,1.881603187115279,7.418470385652179,0.9972690177543126,0.9902787345746711,0.0011180433787456783,0.0014145105554545104,0.008639812003821135
MAIRA-2,spine_rad_dino_maira2_vitb14_teacher_20000.pth,blocks.1.attn.qkv.bias,2304,100.0,65.39113966701376,0.04896978556346984,0.0748874936464403,0.9999997237331981,1.0000907190216946,0.0007868055459512549,0.0010202038659056216,0.004542708396911621
MAIRA-2,spine_rad_dino_maira2_vitb14_teacher_20000.pth,blocks.1.attn.proj.weight,589824,99.99983045789931,12.118684806513247,0.9960079384903444,8.218779136454106,0.9966268255343836,0.9921700975727918,0.00102672246798426,0.0012968853365759694,0.006287144497036934
MAIRA-2,spine_rad_dino_maira2_vitb14_teacher_20000.pth,blocks.1.attn.proj.bias,768,100.0,3.2148185220089602,0.01743033503905419,0.5421872158482484,0.9999853197586485,1.000176187538516,0.0004824063245223442,0.0006289630391789564,0.0045146942138671875
MAIRA-2,spine_rad_dino_maira2_vitb14_teacher_20000.pth,blocks.1.ls1.gamma,768,100.0,3.3414047178368786,0.054811090187138777,1.6403607110072487,0.9998973404541152,1.0078829383299128,0.0016217468257515577,0.0019778248546325895,0.0063067227602005005
MAIRA-2,spine_rad_dino_maira2_vitb14_teacher_20000.pth,blocks.1.norm2.weight,768,100.0,45.50014659940273,0.05297475668544879,0.1164276615454777,0.9999993678816599,1.0003015329962148,0.0014928756475759049,0.0019115618770374242,0.008424162864685059
MAIRA-2,spine_rad_dino_maira2_vitb14_teacher_20000.pth,blocks.1.norm2.bias,768,100.0,9.106836679131,0.04171090040907434,0.4580174420461277,0.9999909383266725,1.001680533893888,0.0011635570636296204,0.0015051124737075461,0.008244454860687256
MAIRA-2,spine_rad_dino_maira2_vitb14_teacher_20000.pth,blocks.1.mlp.fc1.weight,2359296,100.0,26.61282578652742,2.23241300643806,8.388485403035274,0.9964933883027505,0.9905149548298613,0.0011534782800344731,0.0014533938843997788,0.007500139996409416
MAIRA-2,spine_rad_dino_maira2_vitb14_teacher_20000.pth,blocks.1.mlp.fc1.bias,3072,100.0,59.39183566015294,0.06413701754485321,0.10798961983908488,0.9999994739716643,1.0003372896084903,0.0009120035765590728,0.0011571726357668985,0.004681110382080078
MAIRA-2,spine_rad_dino_maira2_vitb14_teacher_20000.pth,blocks.1.mlp.fc2.weight,2359296,100.0,23.11345496476324,1.8639941629941932,8.064541479566238,0.9967652117716779,0.990089110678796,0.0009580079132281645,0.0012135378665326779,0.007682362571358681
MAIRA-2,spine_rad_dino_maira2_vitb14_teacher_20000.pth,blocks.1.mlp.fc2.bias,768,100.0,7.194120012803698,0.012471398647902266,0.17335544341359832,0.9999986796174474,0.9993949846496165,0.0003261106115436026,0.00045002283540859425,0.003875443711876869
MAIRA-2,spine_rad_dino_maira2_vitb14_teacher_20000.pth,blocks.1.ls2.gamma,768,100.0,4.312398665932723,0.04231775233345528,0.981304271976497,0.9999539042568962,0.9979274674752939,0.0012099643233038175,0.0015270103563262698,0.005035817623138428
MAIRA-2,spine_rad_dino_maira2_vitb14_teacher_20000.pth,blocks.2.norm1.weight,768,100.0,36.66917802317875,0.05817907491836263,0.15865933750024988,0.9999990703687666,1.0008102527990252,0.0016950145363807678,0.0020993565353325046,0.0062713623046875
MAIRA-2,spine_rad_dino_maira2_vitb14_teacher_20000.pth,blocks.2.norm1.bias,768,100.0,7.661780624070485,0.027559271547245377,0.359697998408677,0.9999940066260702,0.9990185308105055,0.0007807452129024265,0.0009944595529045072,0.005279064178466797
MAIRA-2,spine_rad_dino_maira2_vitb14_teacher_20000.pth,blocks.2.attn.qkv.weight,1769472,99.99994348596644,24.062896235496684,2.088851323932462,8.680797620907608,0.9962484125908143,0.9894275385095236,0.0012416561661402902,0.001570311034074887,0.008559036999940872
MAIRA-2,spine_rad_dino_maira2_vitb14_teacher_20000.pth,blocks.2.attn.qkv.bias,2304,100.0,30.676625934170012,0.04634378236016003,0.1510719674960691,0.9999988802784381,1.0002058393718454,0.0007212281665639845,0.0009654954658366672,0.00531025230884552
MAIRA-2,spine_rad_dino_maira2_vitb14_teacher_20000.pth,blocks.2.attn.proj.weight,589824,100.0,11.858650418793212,1.1111978380117673,9.370356649107189,0.9956065761629687,0.992027068920954,0.001148140771378724,0.0014468721849111553,0.007324060890823603
MAIRA-2,spine_rad_dino_maira2_vitb14_teacher_20000.pth,blocks.2.attn.proj.bias,768,100.0,2.582232869227995,0.01854381952887532,0.7181311859925061,0.9999749636104724,0.9987505912017444,0.0005259699252633254,0.0006691424498000005,0.0025438666343688965
MAIRA-2,spine_rad_dino_maira2_vitb14_teacher_20000.pth,blocks.2.ls1.gamma,768,100.0,3.7800883424629625,0.059718003026020997,1.57980442825077,0.9998921368544504,1.00571137619574,0.0017486444696483971,0.0021548878201587567,0.007175356149673462
MAIRA-2,spine_rad_dino_maira2_vitb14_teacher_20000.pth,blocks.2.norm2.weight,768,100.0,53.15180770861922,0.07365336812959306,0.1385717086676795,0.9999992168910984,1.0005941913902308,0.002107087666975834,0.002657736994771447,0.011451363563537598
MAIRA-2,spine_rad_dino_maira2_vitb14_teacher_20000.pth,blocks.2.norm2.bias,768,100.0,7.524854827582414,0.03560143620272419,0.4731179141453581,0.9999894960634952,1.0011626513776606,0.000962738476753581,0.0012846561734487563,0.008814603090286255
MAIRA-2,spine_rad_dino_maira2_vitb14_teacher_20000.pth,blocks.2.mlp.fc1.weight,2359296,100.0,24.741275023193037,2.4763594713748387,10.009021236995437,0.9949828233053079,0.992004688844915,0.0012788470073906914,0.0016122131975096607,0.008924501482397318
MAIRA-2,spine_rad_dino_maira2_vitb14_teacher_20000.pth,blocks.2.mlp.fc1.bias,3072,100.0,47.74322743600249,0.0656141756166075,0.1374313785228704,0.9999991375631319,1.0004039404626597,0.0009084770270343748,0.001183823811090741,0.004756033420562744
MAIRA-2,spine_rad_dino_maira2_vitb14_teacher_20000.pth,blocks.2.mlp.fc2.weight,2359296,100.0,22.25417087608676,2.0217166212367763,9.084663870399297,0.9958851760075427,0.9895294262179338,0.0010383537487471237,0.001316221758617693,0.007318819873034954
MAIRA-2,spine_rad_dino_maira2_vitb14_teacher_20000.pth,blocks.2.mlp.fc2.bias,768,100.0,5.532747400489261,0.01203101680873225,0.21745104082771513,0.9999980318107634,0.9991080200601575,0.00033750223155948333,0.0004341319245716548,0.0019146203994750977
MAIRA-2,spine_rad_dino_maira2_vitb14_teacher_20000.pth,blocks.2.ls2.gamma,768,100.0,4.694733913685392,0.05033217464697148,1.072098559201632,0.9999465037353141,0.9971269533202609,0.0014238835092233633,0.001816205911333015,0.0074034035205841064
MAIRA-2,spine_rad_dino_maira2_vitb14_teacher_20000.pth,blocks.3.norm1.weight,768,100.0,41.51740963139202,0.07150910487123259,0.17223884029884978,0.9999991022133482,1.0010812525323942,0.00212081471302857,0.002580362559182207,0.007398247718811035
MAIRA-2,spine_rad_dino_maira2_vitb14_teacher_20000.pth,blocks.3.norm1.bias,768,100.0,8.952294141495537,0.029140695370737615,0.32551092390569597,0.999995122769412,0.999077899367089,0.0008001943468703606,0.0010515242697917652,0.0065670013427734375
MAIRA-2,spine_rad_dino_maira2_vitb14_teacher_20000.pth,blocks.3.attn.qkv.weight,1769472,99.99994348596644,23.055271430690798,2.3242675022608834,10.08128448735961,0.9949148346764055,0.9905837896885407,0.0013834019341485203,0.0017472870678372657,0.009774010628461838
MAIRA-2,spine_rad_dino_maira2_vitb14_teacher_20000.pth,blocks.3.attn.qkv.bias,2304,100.0,367.11513946802285,0.05045525672985747,0.013743714520455598,0.9999999909217502,1.0000270550964174,0.0007947096178371441,0.0010511511818720306,0.0041675567626953125
MAIRA-2,spine_rad_dino_maira2_vitb14_teacher_20000.pth,blocks.3.attn.proj.weight,589824,100.0,11.714172386278523,1.243836046120151,10.618215313077746,0.9943483775481572,0.9925192859319956,0.0012806548169507542,0.00161957818505228,0.008676912635564804
MAIRA-2,spine_rad_dino_maira2_vitb14_teacher_20000.pth,blocks.3.attn.proj.bias,768,100.0,2.992043052273569,0.018034780974533125,0.602758070637687,0.9999833297079903,0.9982537566246282,0.0005012331463731812,0.0006507741031514152,0.0030754804611206055
MAIRA-2,spine_rad_dino_maira2_vitb14_teacher_20000.pth,blocks.3.ls1.gamma,768,100.0,5.316120932688724,0.06675584025342615,1.2557246364157328,0.9999380049176331,1.0057430126615343,0.00198367613256778,0.0024088438962684526,0.006739124655723572
MAIRA-2,spine_rad_dino_maira2_vitb14_teacher_20000.pth,blocks.3.norm2.weight,768,100.0,40.813313204733475,0.10962615427452833,0.2686039080547228,0.9999986927137481,1.002143508591037,0.003413975161189834,0.003955793105038899,0.01660442352294922
MAIRA-2,spine_rad_dino_maira2_vitb14_teacher_20000.pth,blocks.3.norm2.bias,768,100.0,7.982706720476158,0.0461031920004626,0.5775383415027003,0.9999840664236009,1.0012039658749647,0.0012403288231818503,0.0016636056444980054,0.011467278003692627
MAIRA-2,spine_rad_dino_maira2_vitb14_teacher_20000.pth,blocks.3.mlp.fc1.weight,2359296,99.99995761447482,24.647826525957328,2.8386232073265347,11.51672827759113,0.9933461265691029,0.99351988452371,0.0014654145924661824,0.001848061983936546,0.010786801343783736
MAIRA-2,spine_rad_dino_maira2_vitb14_teacher_20000.pth,blocks.3.mlp.fc1.bias,3072,100.0,53.17876372635944,0.08064456874377944,0.1516480698173994,0.9999989588063221,1.000465142713699,0.0010994059734912298,0.001455005108528198,0.0071675777435302734
MAIRA-2,spine_rad_dino_maira2_vitb14_teacher_20000.pth,blocks.3.mlp.fc2.weight,2359296,100.0,21.928553398498728,2.183191130556647,9.955928651025893,0.9950526564889333,0.9885842164826485,0.0011163640776369332,0.0014213483922894837,0.009379714727401733
MAIRA-2,spine_rad_dino_maira2_vitb14_teacher_20000.pth,blocks.3.mlp.fc2.bias,768,100.0,3.7433469416406293,0.009197712322712366,0.24570825162898752,0.9999971273495342,0.9994567924416696,0.0002594439515141526,0.00033189385534042017,0.0016087889671325684
MAIRA-2,spine_rad_dino_maira2_vitb14_teacher_20000.pth,blocks.3.ls2.gamma,768,100.0,8.020905703906667,0.06137761047464571,0.7652204469222359,0.9999760955918712,0.9966976831098973,0.0017624789560007532,0.0022147737456095435,0.00771215558052063
MAIRA-2,spine_rad_dino_maira2_vitb14_teacher_20000.pth,blocks.4.norm1.weight,768,100.0,40.62286118819228,0.09067449700279334,0.2232105133676537,0.9999986492286412,1.0015088652511086,0.0027589727736388645,0.0032719340783247904,0.008822441101074219
MAIRA-2,spine_rad_dino_maira2_vitb14_teacher_20000.pth,blocks.4.norm1.bias,768,99.86979166666667,8.088631684773569,0.03437988004281087,0.42503950461150575,0.9999922173783533,0.99841086500651,0.0009544116478158079,0.0012405770623389936,0.006011009216308594
MAIRA-2,spine_rad_dino_maira2_vitb14_teacher_20000.pth,blocks.4.attn.qkv.weight,1769472,99.99994348596644,22.586511888604196,2.6555000946337817,11.757017231038619,0.9930664181775761,0.9911542651674156,0.0015791816132058264,0.00199629387300767,0.012079271720722318
MAIRA-2,spine_rad_dino_maira2_vitb14_teacher_20000.pth,blocks.4.attn.qkv.bias,2304,100.0,38.21747519951769,0.06322374963941929,0.16543151872109327,0.9999986663651393,1.0002622774349872,0.0009772724875895102,0.0013171614508212352,0.005748391151428223
MAIRA-2,spine_rad_dino_maira2_vitb14_teacher_20000.pth,blocks.4.attn.proj.weight,589824,100.0,11.614896333623411,1.4002580075145525,12.055708181062384,0.992706704428686,0.9934883644288028,0.0014432538861823413,0.0018232526139512404,0.009448867291212082
MAIRA-2,spine_rad_dino_maira2_vitb14_teacher_20000.pth,blocks.4.attn.proj.bias,768,100.0,2.5619222331334126,0.020291113609752023,0.7920269142960891,0.9999718239015983,0.9974461041257218,0.0005407402707996075,0.0007321924940467255,0.007459759712219238
MAIRA-2,spine_rad_dino_maira2_vitb14_teacher_20000.pth,blocks.4.ls1.gamma,768,100.0,7.436373313165197,0.07730100265623754,1.0394986830392914,0.9999613950301119,1.0055154297591737,0.002320525846395564,0.00278935966826292,0.007887035608291626
MAIRA-2,spine_rad_dino_maira2_vitb14_teacher_20000.pth,blocks.4.norm2.weight,768,100.0,39.03496524896855,0.14297950529777959,0.36628572456986536,0.9999982041236744,1.0031326536409464,0.004641238522405426,0.005159328492017035,0.013639688491821289
MAIRA-2,spine_rad_dino_maira2_vitb14_teacher_20000.pth,blocks.4.norm2.bias,768,100.0,8.492062019313725,0.045521788254052356,0.5360510574524883,0.9999860549884246,1.000905427019921,0.00124299342089292,0.001642626043904392,0.010242700576782227
MAIRA-2,spine_rad_dino_maira2_vitb14_teacher_20000.pth,blocks.4.mlp.fc1.weight,2359296,100.0,24.425774884653627,3.2083846213441665,13.135241917585796,0.9913426055395358,0.9950330772255921,0.0016574750309908876,0.0020887920711876082,0.012774657167028636
MAIRA-2,spine_rad_dino_maira2_vitb14_teacher_20000.pth,blocks.4.mlp.fc1.bias,3072,99.96744791666667,53.58475926610058,0.08816097440047628,0.16452621157197156,0.9999987434924412,1.0004390546216078,0.0012097407722725013,0.001590617571941709,0.007933497428894043
MAIRA-2,spine_rad_dino_maira2_vitb14_teacher_20000.pth,blocks.4.mlp.fc2.weight,2359296,100.0,21.39852170479337,2.429226052038177,11.3523078161704,0.9935490964224487,0.9883245124990505,0.0012413978027285685,0.0015815273776290215,0.009224843233823776
MAIRA-2,spine_rad_dino_maira2_vitb14_teacher_20000.pth,blocks.4.mlp.fc2.bias,768,100.0,3.4656359357145674,0.008588667924866832,0.2478237207883743,0.9999970550538146,0.9994952822355856,0.00024570204012282676,0.00030991685865013567,0.0013409852981567383
MAIRA-2,spine_rad_dino_maira2_vitb14_teacher_20000.pth,blocks.4.ls2.gamma,768,100.0,11.549163285003175,0.0698876511074385,0.6051317258470926,0.9999864379240134,0.9969051277287676,0.002027434932339626,0.002521853386244391,0.007622629404067993
MAIRA-2,spine_rad_dino_maira2_vitb14_teacher_20000.pth,blocks.5.norm1.weight,768,100.0,39.04625681466513,0.100245111972149,0.2567342433052343,0.9999984062562031,1.0018433350120672,0.003080598544329405,0.0036172838988790252,0.009741783142089844
MAIRA-2,spine_rad_dino_maira2_vitb14_teacher_20000.pth,blocks.5.norm1.bias,768,100.0,8.287697453544482,0.038477088575533884,0.46426753378983454,0.9999905440777582,0.9983649121317884,0.001071256151912318,0.0013884223404198475,0.006678104400634766
MAIRA-2,spine_rad_dino_maira2_vitb14_teacher_20000.pth,blocks.5.attn.qkv.weight,1769472,99.99994348596644,22.882459469084672,2.972543948424751,12.990491482966698,0.9915264639422159,0.9914015853703363,0.0017693067172620382,0.0022346341781263324,0.012203814228996634
MAIRA-2,spine_rad_dino_maira2_vitb14_teacher_20000.pth,blocks.5.attn.qkv.bias,2304,100.0,37.10443136350437,0.0743431886353069,0.20036202120167854,0.9999980410521778,1.0003088499112374,0.0011507351368275447,0.0015488164299022268,0.006641387939453125
MAIRA-2,spine_rad_dino_maira2_vitb14_teacher_20000.pth,blocks.5.attn.proj.weight,589824,100.0,11.470905878018895,1.568005659205433,13.669414393941818,0.9906174049523144,0.9934690679386671,0.0016190433877122283,0.002041674035423741,0.010669924784451723
MAIRA-2,spine_rad_dino_maira2_vitb14_teacher_20000.pth,blocks.5.attn.proj.bias,768,100.0,2.421533686460424,0.021852135305596408,0.9024088918431629,0.9999611374323846,0.9980348571112246,0.0006072926727208975,0.0007885210125658881,0.006009399890899658
MAIRA-2,spine_rad_dino_maira2_vitb14_teacher_20000.pth,blocks.5.ls1.gamma,768,100.0,11.282986619575448,0.08393561455450885,0.7439130913164829,0.9999762422409316,1.0027736901917657,0.002399497522371045,0.003028765603602647,0.015799999237060547
MAIRA-2,spine_rad_dino_maira2_vitb14_teacher_20000.pth,blocks.5.norm2.weight,768,100.0,38.64358921466298,0.16680105425509645,0.43163965264335546,0.999997777851955,1.0037643396557203,0.005449845416781803,0.006018914598455832,0.014758467674255371
MAIRA-2,spine_rad_dino_maira2_vitb14_teacher_20000.pth,blocks.5.norm2.bias,768,100.0,9.24777175517459,0.04911952532494683,0.531149844798689,0.9999865569376376,1.001138108826969,0.0013579343326455273,0.0017724481980515433,0.010522603988647461
MAIRA-2,spine_rad_dino_maira2_vitb14_teacher_20000.pth,blocks.5.mlp.fc1.weight,2359296,99.99991522894965,24.419049935165216,3.6145805017587747,14.80229784269172,0.9890106760944184,0.9962852600078687,0.0018662025669463572,0.002353242514165869,0.013201536145061255
MAIRA-2,spine_rad_dino_maira2_vitb14_teacher_20000.pth,blocks.5.mlp.fc1.bias,3072,100.0,61.242667859043806,0.09560979675160815,0.15611631578765273,0.9999988748912877,1.0004313263301632,0.0013335428775462788,0.001725010684115824,0.007456064224243164
MAIRA-2,spine_rad_dino_maira2_vitb14_teacher_20000.pth,blocks.5.mlp.fc2.weight,2359296,100.0,21.373567629491507,2.717827200445591,12.715833161589273,0.9918901202002792,0.987984758467795,0.0013865038299879472,0.0017694187502900985,0.01151049486361444
MAIRA-2,spine_rad_dino_maira2_vitb14_teacher_20000.pth,blocks.5.mlp.fc2.bias,768,100.0,3.843171895341575,0.009680208544884708,0.25188070709557336,0.999997244664881,0.9990841584617565,0.0002654540012514417,0.0003493044380750563,0.002741098403930664
MAIRA-2,spine_rad_dino_maira2_vitb14_teacher_20000.pth,blocks.5.ls2.gamma,768,100.0,17.73987183785041,0.0799639795996644,0.4507584966259479,0.9999927754126878,0.9975701322697355,0.0023126115556806326,0.002885451571708749,0.008673548698425293
MAIRA-2,spine_rad_dino_maira2_vitb14_teacher_20000.pth,blocks.6.norm1.weight,768,100.0,40.62814079879666,0.11976391101820594,0.2947806832001359,0.9999979599731045,1.0021449381958842,0.0037360049706573286,0.004321607891597724,0.011501908302307129
MAIRA-2,spine_rad_dino_maira2_vitb14_teacher_20000.pth,blocks.6.norm1.bias,768,100.0,7.15714771714093,0.043266195579130515,0.6045172922100046,0.9999832161903218,0.9982578820203791,0.0012061344410246495,0.0015612343540263747,0.007151901721954346
MAIRA-2,spine_rad_dino_maira2_vitb14_teacher_20000.pth,blocks.6.attn.qkv.weight,1769472,100.0,22.94874736612793,3.32452119312301,14.486721824433705,0.9894544361107502,0.9920219370542367,0.001979435375977489,0.002499235945021075,0.012916614301502705
MAIRA-2,spine_rad_dino_maira2_vitb14_teacher_20000.pth,blocks.6.attn.qkv.bias,2304,100.0,38.09851056338018,0.08648881213940635,0.22701363087547655,0.9999976528613491,1.0006753305632046,0.001313428151329769,0.0018018502529042987,0.008512258529663086
MAIRA-2,spine_rad_dino_maira2_vitb14_teacher_20000.pth,blocks.6.attn.proj.weight,589824,100.0,11.625891050982885,1.7785555336125205,15.298229837291968,0.9882417873920563,0.9932830137613939,0.0018395066093210362,0.002315827517724636,0.012596668908372521
MAIRA-2,spine_rad_dino_maira2_vitb14_teacher_20000.pth,blocks.6.attn.proj.bias,768,100.0,2.152346688707943,0.02545182073380328,1.1825149204509449,0.9999329538978523,0.9975357796043527,0.0006991000827033153,0.0009184134720017138,0.006967365741729736
MAIRA-2,spine_rad_dino_maira2_vitb14_teacher_20000.pth,blocks.6.ls1.gamma,768,100.0,14.806291455413577,0.08936994655977643,0.603594403290639,0.9999843456848335,1.0022480230233446,0.002585842206220453,0.003224860168984337,0.014828920364379883
MAIRA-2,spine_rad_dino_maira2_vitb14_teacher_20000.pth,blocks.6.norm2.weight,768,100.0,42.27279400708278,0.16706342413683348,0.3952031751410662,0.9999977673970725,1.0033374311666017,0.0053964917703221245,0.00602838205607134,0.015712499618530273
MAIRA-2,spine_rad_dino_maira2_vitb14_teacher_20000.pth,blocks.6.norm2.bias,768,100.0,9.863086318262285,0.06291990368771067,0.6379332153994179,0.9999834234654489,1.0027298910894626,0.0017453311367034985,0.0022704264582178173,0.014736413955688477
MAIRA-2,spine_rad_dino_maira2_vitb14_teacher_20000.pth,blocks.6.mlp.fc1.weight,2359296,100.0,24.540241143978985,4.00181363056608,16.307148764705335,0.9866624688446901,0.9964163147591175,0.002066792784169541,0.0026053474157331246,0.016938841436058283
MAIRA-2,spine_rad_dino_maira2_vitb14_teacher_20000.pth,blocks.6.mlp.fc1.bias,3072,100.0,67.73737554449797,0.11506984812087784,0.16987644885250427,0.9999987248964707,1.0005780308213554,0.0015927770255075302,0.0020761127433811927,0.008646726608276367
MAIRA-2,spine_rad_dino_maira2_vitb14_teacher_20000.pth,blocks.6.mlp.fc2.weight,2359296,100.0,21.732167372777788,3.0237564289799455,13.913736154855737,0.9902784360309873,0.9870247847478826,0.0015398519214023581,0.001968591425117152,0.013683893252164125
MAIRA-2,spine_rad_dino_maira2_vitb14_teacher_20000.pth,blocks.6.mlp.fc2.bias,768,100.0,3.7354586692222504,0.012182992346302211,0.3261444825151498,0.9999956083632457,0.9986340768265275,0.00032609654314323205,0.00043961586941704576,0.0027745962142944336
MAIRA-2,spine_rad_dino_maira2_vitb14_teacher_20000.pth,blocks.6.ls2.gamma,768,100.0,26.930432057068415,0.09211982930351419,0.3420659167602755,0.9999960705926767,0.9980359405116755,0.0027383277968813977,0.003324088015380393,0.009802103042602539
MAIRA-2,spine_rad_dino_maira2_vitb14_teacher_20000.pth,blocks.7.norm1.weight,768,100.0,41.22184794453806,0.10276455515971566,0.24929633260978556,0.9999983309227961,1.0016944189284027,0.002997658409488698,0.003708196474038374,0.012007713317871094
MAIRA-2,spine_rad_dino_maira2_vitb14_teacher_20000.pth,blocks.7.norm1.bias,768,100.0,6.846943430349174,0.04877610734273099,0.7123778345608961,0.9999769443650952,0.9978234635385917,0.001316222584776483,0.0017600561690217387,0.01218724250793457
MAIRA-2,spine_rad_dino_maira2_vitb14_teacher_20000.pth,blocks.7.attn.qkv.weight,1769472,99.99994348596644,23.08930532152757,3.6537506448289756,15.824428643257454,0.9874045244232662,0.9903960190482453,0.002175451508429199,0.0027467368728434608,0.018286073580384254
MAIRA-2,spine_rad_dino_maira2_vitb14_teacher_20000.pth,blocks.7.attn.qkv.bias,2304,100.0,56.30641121690412,0.09173586237414534,0.1629225880171257,0.999998715097952,1.0002895320907734,0.001420926841642572,0.0019111637994613613,0.009613275527954102
MAIRA-2,spine_rad_dino_maira2_vitb14_teacher_20000.pth,blocks.7.attn.proj.weight,589824,100.0,11.739448077128506,1.950518753072502,16.615080540903957,0.9861209787124463,0.992498658138832,0.0020206447428102233,0.00253973795972982,0.014074423350393772
MAIRA-2,spine_rad_dino_maira2_vitb14_teacher_20000.pth,blocks.7.attn.proj.bias,768,100.0,2.337582523528523,0.027832909923415156,1.190670688340109,0.9999334081407324,0.9970024723264603,0.0007451878228697714,0.0010043336272883966,0.009743213653564453
MAIRA-2,spine_rad_dino_maira2_vitb14_teacher_20000.pth,blocks.7.ls1.gamma,768,100.0,21.283692537503264,0.09010226899523993,0.42333945971298836,0.9999916285447668,1.0010773492406273,0.0025273731007473543,0.0032512855786873654,0.023105740547180176
MAIRA-2,spine_rad_dino_maira2_vitb14_teacher_20000.pth,blocks.7.norm2.weight,768,100.0,42.29012444657354,0.18101539774814823,0.4280323127845858,0.9999977274944414,1.0037093524925005,0.005851806684707602,0.006531830538585035,0.016268014907836914
MAIRA-2,spine_rad_dino_maira2_vitb14_teacher_20000.pth,blocks.7.norm2.bias,768,100.0,9.751416900679263,0.06310923751738598,0.6471801806872797,0.9999820314301212,1.0024207609640239,0.0017393631205730269,0.0022772584543134266,0.014599084854125977
MAIRA-2,spine_rad_dino_maira2_vitb14_teacher_20000.pth,blocks.7.mlp.fc1.weight,2359296,100.0,24.599722351202633,4.439960567998866,18.048823903826722,0.9836727320564045,0.9973857996361071,0.0022949098707968608,0.0028905993281242615,0.017287889611907303
MAIRA-2,spine_rad_dino_maira2_vitb14_teacher_20000.pth,blocks.7.mlp.fc1.bias,3072,100.0,69.6670888745188,0.13059289106139044,0.1874527745756801,0.9999984241535443,1.000600224653242,0.0018013612827682361,0.0023561825252670387,0.009092569351196289
MAIRA-2,spine_rad_dino_maira2_vitb14_teacher_20000.pth,blocks.7.mlp.fc2.weight,2359296,100.0,21.65562556014218,3.4485858463320516,15.924665102629387,0.9872388894911607,0.987586433489047,0.0017589132290856838,0.002245173077039096,0.015230894554406404
MAIRA-2,spine_rad_dino_maira2_vitb14_teacher_20000.pth,blocks.7.mlp.fc2.bias,768,100.0,4.0503740620658855,0.014370619364988834,0.35479733833914406,0.9999944004437574,0.9988158275781733,0.00039227422095204173,0.000518555059924872,0.003262355923652649
MAIRA-2,spine_rad_dino_maira2_vitb14_teacher_20000.pth,blocks.7.ls2.gamma,768,100.0,35.569653666358654,0.08743151882154566,0.24580368322291912,0.9999975441955821,0.9989343686393737,0.0025003455812111497,0.0031549131829548267,0.010050654411315918
MAIRA-2,spine_rad_dino_maira2_vitb14_teacher_20000.pth,blocks.8.norm1.weight,768,100.0,38.2232976636882,0.0938140390727932,0.24543680113167138,0.999997414522642,1.0009209806022938,0.002599983592517674,0.003385222544527702,0.017571449279785156
MAIRA-2,spine_rad_dino_maira2_vitb14_teacher_20000.pth,blocks.8.norm1.bias,768,100.0,7.544287632084881,0.05035054555969498,0.6673996010645276,0.9999797304599481,0.997978842282083,0.001402334909092436,0.001816868814545901,0.008599281311035156
MAIRA-2,spine_rad_dino_maira2_vitb14_teacher_20000.pth,blocks.8.attn.qkv.weight,1769472,99.99994348596644,23.296201398172936,3.945719777998172,16.937180918721044,0.9855551260902713,0.9879460067143867,0.0023485913395402845,0.002966227052049577,0.01591744925826788
MAIRA-2,spine_rad_dino_maira2_vitb14_teacher_20000.pth,blocks.8.attn.qkv.bias,2304,100.0,75.43302740503826,0.10982528393480265,0.14559310120896368,0.9999989435004407,1.000081023396004,0.0016421001809665053,0.002288026748641722,0.01629352569580078
MAIRA-2,spine_rad_dino_maira2_vitb14_teacher_20000.pth,blocks.8.attn.proj.weight,589824,100.0,11.895036837641047,2.0848038640759956,17.526670093856065,0.9845296596371047,0.9886609019490606,0.002160635408890028,0.002714588364682286,0.013466021046042442
MAIRA-2,spine_rad_dino_maira2_vitb14_teacher_20000.pth,blocks.8.attn.proj.bias,768,100.0,3.545688237378539,0.03105097006056149,0.8757388687821759,0.999966505441575,0.9968514032499063,0.000849270720275778,0.0011204553701915118,0.009876489639282227
MAIRA-2,spine_rad_dino_maira2_vitb14_teacher_20000.pth,blocks.8.ls1.gamma,768,100.0,28.73216459302265,0.08032988073466879,0.2795817226878068,0.9999962083419157,0.9995132050561797,0.002268300246214494,0.0028986548916332226,0.018351197242736816
MAIRA-2,spine_rad_dino_maira2_vitb14_teacher_20000.pth,blocks.8.norm2.weight,768,100.0,43.93273356520891,0.17404092327997656,0.39615318500873475,0.9999977356516805,1.0033391489885242,0.005453624529764056,0.006280160869106592,0.017611026763916016
MAIRA-2,spine_rad_dino_maira2_vitb14_teacher_20000.pth,blocks.8.norm2.bias,768,100.0,11.207875036601198,0.07333571204567432,0.654323070217898,0.9999840696986606,1.0032936798142864,0.002041060695556022,0.0026462745681739342,0.017028093338012695
MAIRA-2,spine_rad_dino_maira2_vitb14_teacher_20000.pth,blocks.8.mlp.fc1.weight,2359296,100.0,24.894949964412707,4.797775660788548,19.27208396741894,0.981368374629586,0.9963753319441163,0.002480514706262852,0.0031235518624925444,0.017329426482319832
MAIRA-2,spine_rad_dino_maira2_vitb14_teacher_20000.pth,blocks.8.mlp.fc1.bias,3072,100.0,76.39343994878992,0.1538670574963956,0.20141396643421197,0.999998235134844,1.0007242044115834,0.002138014725157215,0.0027760995957799885,0.010835766792297363
MAIRA-2,spine_rad_dino_maira2_vitb14_teacher_20000.pth,blocks.8.mlp.fc2.weight,2359296,100.0,21.941542219390485,3.8680315029601275,17.628804139126633,0.9843420201473361,0.9869277821834781,0.001973506224849732,0.002518249676406333,0.01678827404975891
MAIRA-2,spine_rad_dino_maira2_vitb14_teacher_20000.pth,blocks.8.mlp.fc2.bias,768,100.0,3.1230566678901703,0.019264858954101263,0.6168590903960747,0.9999817707315164,0.9987195072569434,0.0005293708647104248,0.0006951607189406585,0.005474179983139038
MAIRA-2,spine_rad_dino_maira2_vitb14_teacher_20000.pth,blocks.8.ls2.gamma,768,100.0,53.796140243629125,0.0940387297535021,0.17480571901185557,0.9999986214184458,0.9994522307780062,0.0026263250038027763,0.0033933303710896815,0.0139961838722229
MAIRA-2,spine_rad_dino_maira2_vitb14_teacher_20000.pth,blocks.9.norm1.weight,768,100.0,36.69028245647474,0.09007756057262369,0.2455079507209618,0.9999970707582311,1.0004080943947595,0.0026044032614057264,0.003250393990284319,0.013840675354003906
MAIRA-2,spine_rad_dino_maira2_vitb14_teacher_20000.pth,blocks.9.norm1.bias,768,100.0,8.01798577530266,0.06082617856727785,0.7586216822014978,0.9999728934956739,0.9981457613763757,0.0016464476653084148,0.002194875660599632,0.01282501220703125
MAIRA-2,spine_rad_dino_maira2_vitb14_teacher_20000.pth,blocks.9.attn.qkv.weight,1769472,100.0,23.519602638437856,4.281975280328882,18.20598479555472,0.9832924107922388,0.9864154476491843,0.0025500907341137248,0.003219009870782817,0.017713113222271204
MAIRA-2,spine_rad_dino_maira2_vitb14_teacher_20000.pth,blocks.9.attn.qkv.bias,2304,100.0,109.5392200561242,0.12534038457828212,0.11442512053131465,0.9999993957300584,1.0003168406902039,0.0018151944471110288,0.002611258012047544,0.019565582275390625
MAIRA-2,spine_rad_dino_maira2_vitb14_teacher_20000.pth,blocks.9.attn.proj.weight,589824,100.0,11.822037333082987,2.2558208178867307,19.081489546425335,0.981640401282642,0.9869509343425341,0.002338812267790776,0.0029372666899566803,0.013915820978581905
MAIRA-2,spine_rad_dino_maira2_vitb14_teacher_20000.pth,blocks.9.attn.proj.bias,768,100.0,2.367820479746633,0.0398940333758426,1.6848419767072642,0.9998646520079246,0.9962326300399938,0.0011240311860850245,0.001439551931787665,0.007342815399169922
MAIRA-2,spine_rad_dino_maira2_vitb14_teacher_20000.pth,blocks.9.ls1.gamma,768,100.0,43.421071275828766,0.09254440797031732,0.21313248441623336,0.9999981345694131,0.9990971973367172,0.002667683676312057,0.003339408678353578,0.012202262878417969
MAIRA-2,spine_rad_dino_maira2_vitb14_teacher_20000.pth,blocks.9.norm2.weight,768,100.0,44.656927668091804,0.172662324149162,0.38664174443987204,0.9999972086132027,1.0030576690445299,0.00520331144798547,0.006230414957901569,0.024318337440490723
MAIRA-2,spine_rad_dino_maira2_vitb14_teacher_20000.pth,blocks.9.norm2.bias,768,100.0,11.621365170076746,0.07674923292265357,0.6604149495299503,0.9999822764385515,1.0028402445601694,0.0021999207745295735,0.002769449392999458,0.015002250671386719
MAIRA-2,spine_rad_dino_maira2_vitb14_teacher_20000.pth,blocks.9.mlp.fc1.weight,2359296,100.0,25.24172611493628,5.167922499483049,20.473728602993738,0.9789462469359768,0.9948556995016089,0.002672647340635749,0.0033645328772676096,0.01818454614840448
MAIRA-2,spine_rad_dino_maira2_vitb14_teacher_20000.pth,blocks.9.mlp.fc1.bias,3072,100.0,82.5917247175775,0.1790691872362496,0.2168125049435363,0.9999980080639571,1.0008447064233021,0.002530640849727206,0.003230801357950506,0.012414097785949707
MAIRA-2,spine_rad_dino_maira2_vitb14_teacher_20000.pth,blocks.9.mlp.fc2.weight,2359296,100.0,22.318092309057874,4.270580516646035,19.135060727895663,0.9815320494515748,0.9860286044255615,0.0021765106798017205,0.0027803258571914295,0.01965037826448679
MAIRA-2,spine_rad_dino_maira2_vitb14_teacher_20000.pth,blocks.9.mlp.fc2.bias,768,100.0,4.391256994895112,0.02261860470310351,0.515082691115503,0.9999882974954019,0.9982202065414661,0.000607696079763779,0.0008161785946269091,0.0052738189697265625
MAIRA-2,spine_rad_dino_maira2_vitb14_teacher_20000.pth,blocks.9.ls2.gamma,768,100.0,80.3571099553509,0.10326499351626338,0.1285076001036385,0.9999992446192277,0.9996241988160408,0.002863255407040318,0.003726254487779976,0.0155181884765625
MAIRA-2,spine_rad_dino_maira2_vitb14_teacher_20000.pth,blocks.10.norm1.weight,768,100.0,34.129773202147184,0.1062499225687838,0.3113115400429891,0.9999953538170762,0.999363575979968,0.0030422978258381286,0.0038339638372790136,0.015451431274414062
MAIRA-2,spine_rad_dino_maira2_vitb14_teacher_20000.pth,blocks.10.norm1.bias,768,100.0,9.078499065579315,0.06545579056505456,0.7209979325021576,0.9999741055549286,0.999531858738947,0.0017866942196785491,0.0023619323939221256,0.009999513626098633
MAIRA-2,spine_rad_dino_maira2_vitb14_teacher_20000.pth,blocks.10.attn.qkv.weight,1769472,100.0,24.080379556229612,4.637566503419239,19.258693545881,0.9812823085633269,0.9834495207790472,0.0027551125468695484,0.003486328475434752,0.01977933757007122
MAIRA-2,spine_rad_dino_maira2_vitb14_teacher_20000.pth,blocks.10.attn.qkv.bias,2304,100.0,156.88572423704233,0.1544516814092382,0.09844852497597138,0.9999995479387741,1.0002546733184734,0.0021496312215363547,0.0032177433626924623,0.028942108154296875
MAIRA-2,spine_rad_dino_maira2_vitb14_teacher_20000.pth,blocks.10.attn.proj.weight,589824,100.0,11.70920861827362,2.4322505517553297,20.772117322766903,0.9782004108191514,0.9831125930058695,0.0025208720526523737,0.003166992905931419,0.01668532332405448
MAIRA-2,spine_rad_dino_maira2_vitb14_teacher_20000.pth,blocks.10.attn.proj.bias,768,100.0,3.1551120484675184,0.05338757447963953,1.6920975756018115,0.9998612093174606,0.9969019326641649,0.0015192167926632767,0.0019264581560750674,0.008445331826806068
MAIRA-2,spine_rad_dino_maira2_vitb14_teacher_20000.pth,blocks.10.ls1.gamma,768,100.0,65.84702018849475,0.14098808825488168,0.21411460663107745,0.9999988320397745,0.9984993029835421,0.0042099009713467694,0.005087469419155416,0.013632774353027344
MAIRA-2,spine_rad_dino_maira2_vitb14_teacher_20000.pth,blocks.10.norm2.weight,768,100.0,42.56185451335394,0.1826736391400505,0.42919567586683977,0.9999964183411704,1.003351651267084,0.005454563710372895,0.006591667170709795,0.027144670486450195
MAIRA-2,spine_rad_dino_maira2_vitb14_teacher_20000.pth,blocks.10.norm2.bias,768,100.0,13.0192024550528,0.08608852387203177,0.6612426849435811,0.9999788089637989,1.0011375002498961,0.0025137969987554243,0.0031064520269784416,0.010977745056152344
MAIRA-2,spine_rad_dino_maira2_vitb14_teacher_20000.pth,blocks.10.mlp.fc1.weight,2359296,99.99987284342448,25.948535482980954,5.512806784610376,21.245155774691405,0.9772805124677026,0.9918703869779608,0.002843006367805414,0.003589066917064047,0.04014186281710863
MAIRA-2,spine_rad_dino_maira2_vitb14_teacher_20000.pth,blocks.10.mlp.fc1.bias,3072,99.96744791666667,93.49133653735969,0.1927478187551671,0.2061665025808503,0.9999982887111178,1.0009081721334048,0.0027927501008283193,0.003477593907625279,0.011562228202819824
MAIRA-2,spine_rad_dino_maira2_vitb14_teacher_20000.pth,blocks.10.mlp.fc2.weight,2359296,100.0,24.329749492718253,4.693712536007784,19.29207095787231,0.9812157316229384,0.9828625979492216,0.0023914119436533182,0.003055802432296734,0.03062534239143133
MAIRA-2,spine_rad_dino_maira2_vitb14_teacher_20000.pth,blocks.10.mlp.fc2.bias,768,100.0,3.906480980426236,0.03697023130190811,0.9463819608274218,0.9999591120575393,0.9971681143002677,0.0010048519625011447,0.001334048312134961,0.006136685609817505
MAIRA-2,spine_rad_dino_maira2_vitb14_teacher_20000.pth,blocks.10.ls2.gamma,768,100.0,150.25902546472176,0.11188786674488241,0.07446332518052419,0.9999997242532116,0.9999450874625692,0.0030911143015449247,0.004037405624013178,0.018750309944152832
MAIRA-2,spine_rad_dino_maira2_vitb14_teacher_20000.pth,blocks.11.norm1.weight,768,100.0,31.29611335232225,0.12730065870521667,0.4067618789339879,0.9999925405425073,0.9987171334415146,0.003688255169739326,0.004593566848217095,0.01732015609741211
MAIRA-2,spine_rad_dino_maira2_vitb14_teacher_20000.pth,blocks.11.norm1.bias,768,100.0,8.742458864383137,0.09622897502103898,1.1007083534939672,0.9999401662061829,1.0011615917642755,0.002600118130961467,0.0034723640395149147,0.014944121241569519
MAIRA-2,spine_rad_dino_maira2_vitb14_teacher_20000.pth,blocks.11.attn.qkv.weight,1769472,99.99994348596644,25.11758344592603,5.107885876739047,20.335896913552507,0.9791049421118673,0.9802702728571723,0.0030283173639409715,0.003839894903548407,0.020325799472630024
MAIRA-2,spine_rad_dino_maira2_vitb14_teacher_20000.pth,blocks.11.attn.qkv.bias,2304,99.95659722222223,66.93491683074095,0.12441841702754058,0.18587969167446458,0.9999983817713597,1.0004660048203815,0.0018866486937878018,0.0025920503547404287,0.017177581787109375
MAIRA-2,spine_rad_dino_maira2_vitb14_teacher_20000.pth,blocks.11.attn.proj.weight,589824,100.0,10.654196020644385,2.528312433922049,23.73067314533164,0.9715360065530284,0.9855608709752696,0.002612961744197753,0.0032920734816693346,0.01650739135220647
MAIRA-2,spine_rad_dino_maira2_vitb14_teacher_20000.pth,blocks.11.attn.proj.bias,768,100.0,7.5182427636457465,0.06205613053689682,0.825407378928591,0.9999672550793853,0.9983421504304446,0.0017859238167498386,0.002239257729396496,0.008114665746688843
MAIRA-2,spine_rad_dino_maira2_vitb14_teacher_20000.pth,blocks.11.ls1.gamma,768,100.0,130.8420372379575,0.19508137993369695,0.14909686829387236,0.9999995848325228,0.998819477705336,0.006021940867412923,0.007039392951162724,0.01920175552368164
MAIRA-2,spine_rad_dino_maira2_vitb14_teacher_20000.pth,blocks.11.norm2.weight,768,100.0,40.745951979026785,0.24035885331426385,0.5898962759244993,0.999992531950647,1.0044491807701488,0.007542979554273188,0.00867320304144375,0.02457404136657715
MAIRA-2,spine_rad_dino_maira2_vitb14_teacher_20000.pth,blocks.11.norm2.bias,768,100.0,11.57375638529964,0.12032940015993479,1.0396745546914283,0.9999510251780285,1.00313615822973,0.003502757933072568,0.004342013223360285,0.017324447631835938
MAIRA-2,spine_rad_dino_maira2_vitb14_teacher_20000.pth,blocks.11.mlp.fc1.weight,2359296,99.99991522894965,27.05897933116066,6.234118762123373,23.039001899618093,0.9732687270416268,0.9914779524586802,0.0032037469408779163,0.004058671069090737,0.04781162831932306
MAIRA-2,spine_rad_dino_maira2_vitb14_teacher_20000.pth,blocks.11.mlp.fc1.bias,3072,99.96744791666667,96.13233367655309,0.2400689935220323,0.24972762476542862,0.9999977968686204,1.0013506201207967,0.0035252771340310574,0.004331371813563371,0.015141487121582031
MAIRA-2,spine_rad_dino_maira2_vitb14_teacher_20000.pth,blocks.11.mlp.fc2.weight,2359296,100.0,25.400399252068425,5.120364340317793,20.15859786101916,0.9794803385843212,0.9837977968047283,0.002573637127682026,0.003333570534061063,0.0369636919349432
MAIRA-2,spine_rad_dino_maira2_vitb14_teacher_20000.pth,blocks.11.mlp.fc2.bias,768,100.0,4.06595349645604,0.06462975133169047,1.5895349365904685,0.9999059603990276,0.9918690596925083,0.0015612861745051276,0.0023321252705631288,0.025968551635742188
MAIRA-2,spine_rad_dino_maira2_vitb14_teacher_20000.pth,blocks.11.ls2.gamma,768,100.0,210.12784134618005,0.14840256371881796,0.0706248932878574,0.9999997507310473,1.0000155530081374,0.003937777179316981,0.005355016256968134,0.039164066314697266
MAIRA-2,spine_rad_dino_maira2_vitb14_teacher_20000.pth,norm.weight,768,100.0,65.0263206713563,0.23039412390013359,0.3543090267471043,0.9999944487447127,0.9987898704428492,0.006684423889964819,0.008313631840840633,0.04821884632110596
MAIRA-2,spine_rad_dino_maira2_vitb14_teacher_20000.pth,norm.bias,768,100.0,11.343824531418848,0.154371443024962,1.3608412453613097,0.9999162351473309,1.004119353123295,0.004176516913446449,0.0055703996366033,0.0509095024317503
MAIRA-2,teacher_training_75712.pth,cls_token,768,100.0,0.5704225177368745,0.04258073114237278,7.464770379561786,0.9977687033907047,1.0311553047140816,0.0010492722101540508,0.0015364997867087502,0.00815848633646965
MAIRA-2,teacher_training_75712.pth,pos_embed,1052160,100.0,15.548748812361511,4.188638529073975,26.93874973235106,0.9668062426743382,1.0521522126336513,0.0032247661277805964,0.004083494638031303,0.02305643353611231
MAIRA-2,teacher_training_75712.pth,mask_token,768,100.0,1.2527692709950333,0.08273385603630293,6.604077698249268,0.998679630139232,1.0401812913045916,0.002006305147125076,0.0029854008783534525,0.02021157741546631
MAIRA-2,teacher_training_75712.pth,patch_embed.proj.weight,451584,99.99977855725623,5.88771006853937,0.09360749406906613,1.5898794774092604,0.9999208312585712,0.990202783095464,0.00010567556182937495,0.00013929686617420554,0.00133663066662848
MAIRA-2,teacher_training_75712.pth,patch_embed.proj.bias,768,100.0,1.8680606851652102,0.01724721872991554,0.9232686532552452,0.9999615914270995,0.9970586911487648,0.00033442549860392595,0.0006223553985305682,0.008544683456420898
MAIRA-2,teacher_training_75712.pth,blocks.0.norm1.weight,768,100.0,29.344184045603125,0.2509225442035719,0.8551014531997853,0.9999635859277751,0.9994222624928827,0.006713115641135896,0.009054387402604875,0.04566478729248047
MAIRA-2,teacher_training_75712.pth,blocks.0.norm1.bias,768,100.0,7.078382850477348,0.12681404598667362,1.791568055380356,0.9998406747779636,0.9983088294335609,0.003415288070039176,0.004576007724214475,0.020077183842658997
MAIRA-2,teacher_training_75712.pth,blocks.0.attn.qkv.weight,1769472,100.0,25.60432856869439,6.3277298348261155,24.71351598949106,0.9689829133190793,0.9708995668122699,0.0036798676459340483,0.004756922556635526,0.03631959855556488
MAIRA-2,teacher_training_75712.pth,blocks.0.attn.qkv.bias,2304,100.0,50.122225118711896,0.5264484387315908,1.0503293448858761,0.999950392277738,0.9966177972416438,0.005410516644010599,0.010967675806908139,0.11692690849304199
MAIRA-2,teacher_training_75712.pth,blocks.0.attn.proj.weight,589824,100.0,12.574870758739067,3.5023552803553537,27.852018104610316,0.9612941838350602,1.0020372706728105,0.003566950011628136,0.0045603584379627,0.025899652391672134
MAIRA-2,teacher_training_75712.pth,blocks.0.attn.proj.bias,768,100.0,3.505024474928739,0.058273192652989296,1.66256164742399,0.9998743690346295,0.9948578986074739,0.001456786592153018,0.0021027527165463937,0.020289182662963867
MAIRA-2,teacher_training_75712.pth,blocks.0.ls1.gamma,768,100.0,4.8087614933767435,0.19413263212206153,4.037060943643107,0.9992900678098894,0.9847840094285791,0.005635374080627642,0.007005157963385176,0.024333208799362183
MAIRA-2,teacher_training_75712.pth,blocks.0.norm2.weight,768,100.0,50.67101214993445,0.31403451709201585,0.6197518142380783,0.9999810933183109,0.9992089371103872,0.0091367630562047,0.011331744561119343,0.04305744171142578
MAIRA-2,teacher_training_75712.pth,blocks.0.norm2.bias,768,100.0,9.567941480818112,0.22621286512848415,2.36427935498976,0.9997207525719414,0.998969214248462,0.006032127765545662,0.008162753661005427,0.05152791738510132
MAIRA-2,teacher_training_75712.pth,blocks.0.mlp.fc1.weight,2359296,100.0,26.74542550446863,7.632624724207146,28.53805680874991,0.9595988159951525,1.0072638587544138,0.003922419631102835,0.004969156721489027,0.030730769969522953
MAIRA-2,teacher_training_75712.pth,blocks.0.mlp.fc1.bias,3072,100.0,64.56282258278841,0.3300313843974602,0.5111786802292658,0.9999927711327596,1.0034093018420454,0.004867401223236811,0.005954490894465579,0.019336819648742676
MAIRA-2,teacher_training_75712.pth,blocks.0.mlp.fc2.weight,2359296,100.0,23.868427070060264,7.099646453979808,29.74492803040784,0.9567347193175161,1.018519810569215,0.003651151225674403,0.004622165660143104,0.02601624745875597
MAIRA-2,teacher_training_75712.pth,blocks.0.mlp.fc2.bias,768,100.0,5.388074395289565,0.05592859440562685,1.038007093118861,0.9999496283836827,0.9973028988543858,0.0014390936140102895,0.002018149314717879,0.012335851788520813
MAIRA-2,teacher_training_75712.pth,blocks.0.ls2.gamma,768,100.0,3.3596921612634087,0.21541593032552356,6.411775840930516,0.9980156516151031,1.0101122549463344,0.006197020890804576,0.007773152835073419,0.022109955549240112
MAIRA-2,teacher_training_75712.pth,blocks.1.norm1.weight,768,100.0,37.39611933175527,0.38945082664190744,1.0414204297160898,0.9999718476471637,1.0071934636730624,0.009282516945482655,0.01405309622486422,0.0948711633682251
MAIRA-2,teacher_training_75712.pth,blocks.1.norm1.bias,768,100.0,8.644570875313905,0.2038674060988388,2.3583288174664414,0.9997234956665592,1.0015232925700812,0.005664548438164256,0.007356431361884709,0.03531169891357422
MAIRA-2,teacher_training_75712.pth,blocks.1.attn.qkv.weight,1769472,100.0,25.363762194891635,7.279792244551348,28.701547462140798,0.9591083663572705,1.0067186707951168,0.004302800032755472,0.005472643244838894,0.035516909090802073
MAIRA-2,teacher_training_75712.pth,blocks.1.attn.qkv.bias,2304,100.0,65.39113966701376,0.5038828380670958,0.7705674509313942,0.9999718672348595,1.0017361463552361,0.005698931693974569,0.01049755912639783,0.08603274822235107
MAIRA-2,teacher_training_75712.pth,blocks.1.attn.proj.weight,589824,100.0,12.118684806513247,3.7836875452549688,31.221932129313302,0.9532593879216983,1.0319001232285052,0.003889668098825903,0.0049266764912174075,0.025539017980918288
MAIRA-2,teacher_training_75712.pth,blocks.1.attn.proj.bias,768,100.0,3.2148185220089602,0.07951928699905599,2.4735233561291006,0.9997168505075936,0.9929631131604696,0.002118249851700208,0.0028694051096670053,0.019286692142486572
MAIRA-2,teacher_training_75712.pth,blocks.1.ls1.gamma,768,100.0,3.3414047178368786,0.2823760497294054,8.450818550115857,0.9976937263821472,1.048036601538352,0.008828956183165815,0.01018936802024846,0.026553303003311157
MAIRA-2,teacher_training_75712.pth,blocks.1.norm2.weight,768,100.0,45.50014659940273,0.47130116742179295,1.035823404199712,0.9999584779153176,1.004882964405023,0.012483297556173056,0.017006615992522317,0.07731342315673828
MAIRA-2,teacher_training_75712.pth,blocks.1.norm2.bias,768,100.0,9.106836679131,0.2576774824582239,2.829494933720632,0.9996342545834797,1.0079557385054847,0.007105164118759906,0.00929813524133504,0.0403670072555542
MAIRA-2,teacher_training_75712.pth,blocks.1.mlp.fc1.weight,2359296,100.0,26.61282578652742,8.860063187241737,33.29245551867359,0.9469842183087799,1.0342646237396447,0.004558113097167713,0.005768270304193839,0.05248674750328064
MAIRA-2,teacher_training_75712.pth,blocks.1.mlp.fc1.bias,3072,100.0,59.39183566015294,0.33174940475734604,0.5585774560928797,0.9999893951441108,1.0031502934547896,0.004648643505864432,0.005985487754379746,0.04182326793670654
MAIRA-2,teacher_training_75712.pth,blocks.1.mlp.fc2.weight,2359296,100.0,23.11345496476324,7.900884732229028,34.183053741961245,0.9443453246784717,1.0372765280208878,0.004065005266151282,0.0051438051642116065,0.034499041736125946
MAIRA-2,teacher_training_75712.pth,blocks.1.mlp.fc2.bias,768,100.0,7.194120012803698,0.050013372490225104,0.6951979172048014,0.9999835907986959,0.9960450782542939,0.001362787909177617,0.0018047021293945305,0.007755950093269348
MAIRA-2,teacher_training_75712.pth,blocks.1.ls2.gamma,768,100.0,4.312398665932723,0.23874515440213503,5.536249611803855,0.9986392402946762,1.0172225186046893,0.006532836572053687,0.008614973697611964,0.03226444125175476
MAIRA-2,teacher_training_75712.pth,blocks.2.norm1.weight,768,100.0,36.66917802317875,0.34476556656649787,0.9402053308873461,0.999960925865705,1.0031627791759332,0.008981622464489192,0.012440655791530086,0.05054950714111328
MAIRA-2,teacher_training_75712.pth,blocks.2.norm1.bias,768,100.0,7.661780624070485,0.2124600936175002,2.772985863756384,0.99962191441509,0.996027914004843,0.0057154000386958614,0.007666493265132302,0.06901359558105469
MAIRA-2,teacher_training_75712.pth,blocks.2.attn.qkv.weight,1769472,100.0,24.062896235496684,8.263667724509208,34.34194971226678,0.9421177973593156,1.0164339806921183,0.0048980029418618275,0.0062122796682799655,0.037034740671515465
MAIRA-2,teacher_training_75712.pth,blocks.2.attn.qkv.bias,2304,100.0,30.676625934170012,0.5059418012591176,1.649274605182574,0.9998704979507065,1.0034792850771512,0.006342709036810372,0.010540454192898284,0.09633684158325195
MAIRA-2,teacher_training_75712.pth,blocks.2.attn.proj.weight,589824,100.0,11.858650418793212,4.350632571229847,36.687417350081446,0.9366570894067131,1.0458503232527747,0.004487957292653473,0.00566488616045553,0.029792610555887222
MAIRA-2,teacher_training_75712.pth,blocks.2.attn.proj.bias,768,100.0,2.582232869227995,0.10025190177965423,3.88237261535697,0.9993612710756203,0.9841878786294085,0.0027139001477915294,0.003617528904953456,0.024451911449432373
MAIRA-2,teacher_training_75712.pth,blocks.2.ls1.gamma,768,100.0,3.7800883424629625,0.2420753862322379,6.403961079769653,0.9982813969946812,1.0241042422440438,0.007015860309351751,0.008735143087835325,0.0278877392411232
MAIRA-2,teacher_training_75712.pth,blocks.2.norm2.weight,768,100.0,53.15180770861922,0.5661620852336912,1.0651793601027062,0.9999507162317135,1.0038101979632108,0.014812886187182054,0.020429614519664463,0.10061049461364746
MAIRA-2,teacher_training_75712.pth,blocks.2.norm2.bias,768,100.0,7.524854827582414,0.2252939973250922,2.993997924043336,0.9995845374628539,1.0076869995420554,0.006088431904951601,0.00812959687515305,0.04990324378013611
MAIRA-2,teacher_training_75712.pth,blocks.2.mlp.fc1.weight,2359296,100.0,24.741275023193037,9.969506581051595,40.29503965218426,0.9261181187767478,1.0677648341770447,0.005130351709144379,0.006490564180372132,0.06553418934345245
MAIRA-2,teacher_training_75712.pth,blocks.2.mlp.fc1.bias,3072,100.0,47.74322743600249,0.3386593506312685,0.7093348498176524,0.9999838163680532,1.0042203941063736,0.004982905715216941,0.006110158351579585,0.04391986131668091
MAIRA-2,teacher_training_75712.pth,blocks.2.mlp.fc2.weight,2359296,100.0,22.25417087608676,8.930000273814521,40.127310622074276,0.925645164431785,1.0592081690849817,0.004601252580867392,0.005813802261597996,0.038319654762744904
MAIRA-2,teacher_training_75712.pth,blocks.2.mlp.fc2.bias,768,100.0,5.532747400489261,0.057862646816859396,1.0458212281974522,0.9999538087701442,0.9958314456064816,0.0015913904134473948,0.002087938419733626,0.008941270411014557
MAIRA-2,teacher_training_75712.pth,blocks.2.ls2.gamma,768,100.0,4.694733913685392,0.2284450171692409,4.865984342654904,0.9988630078174584,1.0086143537982077,0.0064005366578546346,0.00824329950985562,0.032888591289520264
MAIRA-2,teacher_training_75712.pth,blocks.3.norm1.weight,768,100.0,41.51740963139202,0.40571250237388795,0.9772105388461466,0.9999753823017191,1.006776797830302,0.01038703031372279,0.014639888903697556,0.07029247283935547
MAIRA-2,teacher_training_75712.pth,blocks.3.norm1.bias,768,100.0,8.952294141495537,0.23261823973950055,2.5984204279132435,0.9996692533727838,0.9959550898170245,0.005860282599295867,0.008393887708251098,0.09101486206054688
MAIRA-2,teacher_training_75712.pth,blocks.3.attn.qkv.weight,1769472,100.0,23.055271430690798,9.12131851303267,39.56283290983302,0.926757514168892,1.0508593467647103,0.005407837908625164,0.006857025649562147,0.04528026282787323
MAIRA-2,teacher_training_75712.pth,blocks.3.attn.qkv.bias,2304,100.0,367.11513946802285,0.7321402675195221,0.19943069320988716,0.9999980942411264,1.0004052134182149,0.008209598344660347,0.015252922239990042,0.14785432815551758
MAIRA-2,teacher_training_75712.pth,blocks.3.attn.proj.weight,589824,100.0,11.714172386278523,4.790406993084774,40.89411385729692,0.9252297560489995,1.0778172925513225,0.004923478714268837,0.0062375091055791336,0.03805107623338699
MAIRA-2,teacher_training_75712.pth,blocks.3.attn.proj.bias,768,100.0,2.992043052273569,0.11087840277664436,3.705775646924298,0.9994242389946622,0.984521661882184,0.0028033713548036112,0.004000979730650711,0.03842955827713013
MAIRA-2,teacher_training_75712.pth,blocks.3.ls1.gamma,768,100.0,5.316120932688724,0.2997895234050927,5.63925326757886,0.9989207425438046,1.03090148090076,0.008714154364923843,0.010817722627384991,0.07150638103485107
MAIRA-2,teacher_training_75712.pth,blocks.3.norm2.weight,768,100.0,40.813313204733475,0.7992176003544388,1.9582276899336528,0.999948740430024,1.0167102754478496,0.02564299040629218,0.028839281044107625,0.0958261489868164
MAIRA-2,teacher_training_75712.pth,blocks.3.norm2.bias,768,100.0,7.982706720476158,0.3017645882031289,3.7802289219655694,0.999404613019829,1.0148510882022392,0.007897879083316184,0.010888991639435814,0.07114696502685547
MAIRA-2,teacher_training_75712.pth,blocks.3.mlp.fc1.weight,2359296,100.0,24.647826525957328,11.68302031393002,47.399799335760086,0.903054648051453,1.1035086205098845,0.006014181527427351,0.007606133016881524,0.04375739488750696
MAIRA-2,teacher_training_75712.pth,blocks.3.mlp.fc1.bias,3072,100.0,53.17876372635944,0.3946656871576326,0.74214904503695,0.999982598873089,1.0044855500700427,0.005535908320022524,0.007120635647511494,0.04377591609954834
MAIRA-2,teacher_training_75712.pth,blocks.3.mlp.fc2.weight,2359296,100.0,21.928553398498728,10.1670636475901,46.36449775244252,0.9040992626831444,1.0839940707456064,0.005234269708912241,0.006619182062233138,0.05051322281360626
MAIRA-2,teacher_training_75712.pth,blocks.3.mlp.fc2.bias,768,100.0,3.7433469416406293,0.052583480457000197,1.4047183249852329,0.9999030486224997,0.99805102221234,0.0014150268734483735,0.0018974429122985306,0.011367708444595337
MAIRA-2,teacher_training_75712.pth,blocks.3.ls2.gamma,768,100.0,8.020905703906667,0.2604490313881891,3.2471274567077213,0.9994728125535537,0.9989373634702464,0.007241668800664532,0.009398144898884266,0.03452065587043762
MAIRA-2,teacher_training_75712.pth,blocks.4.norm1.weight,768,100.0,40.62286118819228,0.37511322065040537,0.9234042351488485,0.9999756242311669,1.00601852044579,0.010632756321380535,0.013535732432443688,0.05472850799560547
MAIRA-2,teacher_training_75712.pth,blocks.4.norm1.bias,768,100.0,8.088631684773569,0.27698515604191426,3.424375924587152,0.9994387968568824,0.9923293868938898,0.006571993449410248,0.009994840900145607,0.12049102783203125
MAIRA-2,teacher_training_75712.pth,blocks.4.attn.qkv.weight,1769472,99.99994348596644,22.586511888604196,10.248594896375948,45.374845602196665,0.9058923449367576,1.0687683774195513,0.0060810685782340165,0.0077044648727058315,0.04971201717853546
MAIRA-2,teacher_training_75712.pth,blocks.4.attn.qkv.bias,2304,100.0,38.21747519951769,0.8485176546133623,2.220234722947032,0.9997894663128214,1.0082701014643844,0.00953280882021406,0.01767745113777838,0.1861424446105957
MAIRA-2,teacher_training_75712.pth,blocks.4.attn.proj.weight,589824,100.0,11.614896333623411,5.355700182035625,46.1106154390002,0.9086517522092797,1.1042710058867498,0.0055212857663128915,0.0069735679453588875,0.04773268848657608
MAIRA-2,teacher_training_75712.pth,blocks.4.attn.proj.bias,768,100.0,2.5619222331334126,0.14298846488904104,5.581296069012836,0.9986254726953393,0.9794441980508413,0.003303615694524827,0.0051596517934187,0.07442247867584229
MAIRA-2,teacher_training_75712.pth,blocks.4.ls1.gamma,768,100.0,7.436373313165197,0.29583441640873565,3.9782082468210236,0.9994343528160643,1.020686168606079,0.00837511169508313,0.01067500499682121,0.06721478700637817
MAIRA-2,teacher_training_75712.pth,blocks.4.norm2.weight,768,100.0,39.03496524896855,0.9299443468456223,2.3823368124304785,0.9999545991365868,1.0217892780487716,0.031114408707556624,0.033556476186418174,0.10325908660888672
MAIRA-2,teacher_training_75712.pth,blocks.4.norm2.bias,768,100.0,8.492062019313725,0.3391645163814279,3.993900605177599,0.9993506188011232,1.016578024368756,0.009015571739344827,0.012238545302024166,0.09454607963562012
MAIRA-2,teacher_training_75712.pth,blocks.4.mlp.fc1.weight,2359296,100.0,24.425774884653627,13.335400263709799,54.59560782281771,0.8770195739567407,1.136309705773504,0.006873686869365492,0.008681901213352734,0.058777518570423126
MAIRA-2,teacher_training_75712.pth,blocks.4.mlp.fc1.bias,3072,100.0,53.58475926610058,0.4362408017773285,0.8141135795925992,0.9999791926024947,1.0049454517564922,0.005958386718096638,0.007870742010551211,0.06711333990097046
MAIRA-2,teacher_training_75712.pth,blocks.4.mlp.fc2.weight,2359296,100.0,21.39852170479337,11.65120828281964,54.4486597885391,0.8739456886721348,1.1193977655128482,0.006001142283510725,0.007585422059127369,0.05109448730945587
MAIRA-2,teacher_training_75712.pth,blocks.4.mlp.fc2.bias,768,100.0,3.4656359357145674,0.060015190231693924,1.7317222970023132,0.9998571201914219,0.9960958692190321,0.0014959996776345481,0.002165611639733443,0.01829826831817627
MAIRA-2,teacher_training_75712.pth,blocks.4.ls2.gamma,768,100.0,11.549163285003175,0.30856334775019945,2.671737684676043,0.9996488088493267,0.9962489177554738,0.008694403363430562,0.01113432074285186,0.05111953616142273
MAIRA-2,teacher_training_75712.pth,blocks.5.norm1.weight,768,100.0,39.04625681466513,0.4185759115018237,1.0720000984693967,0.9999664868238021,1.0068869775469098,0.011946505828139683,0.01510405719886693,0.07151329517364502
MAIRA-2,teacher_training_75712.pth,blocks.5.norm1.bias,768,100.0,8.287697453544482,0.29601216414174175,3.5717057216554564,0.9994044419958056,0.9901877800644254,0.006860225191511897,0.010681418915664893,0.13202476501464844
MAIRA-2,teacher_training_75712.pth,blocks.5.attn.qkv.weight,1769472,100.0,22.882459469084672,11.421293850057213,49.912877002963526,0.889205490939429,1.0887447958097427,0.00678053079314479,0.00858605088388587,0.04994061775505543
MAIRA-2,teacher_training_75712.pth,blocks.5.attn.qkv.bias,2304,100.0,37.10443136350437,0.8676794567591346,2.3384793267916173,0.99976401136471,1.008420048347027,0.010263438916771703,0.018076655349148638,0.1706860065460205
MAIRA-2,teacher_training_75712.pth,blocks.5.attn.proj.weight,589824,100.0,11.470905878018895,6.026317938664306,52.535675933077165,0.8872306221185231,1.138582768318534,0.0062295499617007685,0.007846768149302482,0.06367667019367218
MAIRA-2,teacher_training_75712.pth,blocks.5.attn.proj.bias,768,100.0,2.421533686460424,0.16205676952256587,6.6923194349381765,0.9977990023483785,0.9887677771078944,0.0041800250499951135,0.005847719969240908,0.047125935554504395
MAIRA-2,teacher_training_75712.pth,blocks.5.ls1.gamma,768,100.0,11.282986619575448,0.34961129042185246,3.098570460194408,0.9995758140922103,1.0101551339088974,0.009553462711968072,0.01261551078979931,0.11853408813476562
MAIRA-2,teacher_training_75712.pth,blocks.5.norm2.weight,768,100.0,38.64358921466298,0.9441380355608794,2.443194472222146,0.9999576535428891,1.0225901258318442,0.03165150784964984,0.034068646811452385,0.09025681018829346
MAIRA-2,teacher_training_75712.pth,blocks.5.norm2.bias,768,100.0,9.24777175517459,0.38625744603375206,4.176762319178366,0.9993695699906263,1.0213712010742568,0.010324262808921958,0.013937865027755257,0.08884477615356445
MAIRA-2,teacher_training_75712.pth,blocks.5.mlp.fc1.weight,2359296,100.0,24.419049935165216,15.106832661235561,61.864948478116744,0.8480034852806718,1.1671227358253087,0.007788367407154429,0.009835177513825235,0.061150502413511276
MAIRA-2,teacher_training_75712.pth,blocks.5.mlp.fc1.bias,3072,100.0,61.242667859043806,0.5484307079077382,0.8955042735401516,0.999974567709917,1.0053901800509222,0.007047691011090744,0.009894894276324678,0.07027196884155273
MAIRA-2,teacher_training_75712.pth,blocks.5.mlp.fc2.weight,2359296,99.99995761447482,21.373567629491507,13.351940158704808,62.46940328427735,0.8413581217714575,1.154609017604435,0.0068750560238289215,0.008692669374156775,0.060266089625656605
MAIRA-2,teacher_training_75712.pth,blocks.5.mlp.fc2.bias,768,100.0,3.843171895341575,0.07392358559457568,1.9235045323936903,0.9998273365666611,0.9948584418608718,0.0018696041904746608,0.0026674876276556636,0.020856264978647232
MAIRA-2,teacher_training_75712.pth,blocks.5.ls2.gamma,768,100.0,17.73987183785041,0.35614327256929307,2.007586502453831,0.9998033273046768,0.9966834481425421,0.010034462514643868,0.012851213392997225,0.05762651562690735
MAIRA-2,teacher_training_75712.pth,blocks.6.norm1.weight,768,100.0,40.62814079879666,0.3766074629389714,0.9269620896610802,0.9999646392612139,1.003864080807946,0.010269936678620676,0.01358965125666482,0.05958127975463867
MAIRA-2,teacher_training_75712.pth,blocks.6.norm1.bias,768,100.0,7.15714771714093,0.3039074880317134,4.2462095242756215,0.9991045861979405,1.00271064972519,0.007634840287929971,0.010966316876490793,0.08923780918121338
MAIRA-2,teacher_training_75712.pth,blocks.6.attn.qkv.weight,1769472,100.0,22.94874736612793,12.864145834516266,56.055982617611576,0.8633606934479394,1.107530727877851,0.0076474356633177525,0.009670726641214282,0.05612701363861561
MAIRA-2,teacher_training_75712.pth,blocks.6.attn.qkv.bias,2304,100.0,38.09851056338018,1.1942707539996331,3.1346914520788416,0.9995438910779293,1.007947416598876,0.013793806106030438,0.02488064070832569,0.22876405715942383
MAIRA-2,teacher_training_75712.pth,blocks.6.attn.proj.weight,589824,100.0,11.625891050982885,6.935414654907939,59.654908380735264,0.8565648133404071,1.1558541196048944,0.007176060130352987,0.009030487831911379,0.04692631959915161
MAIRA-2,teacher_training_75712.pth,blocks.6.attn.proj.bias,768,100.0,2.152346688707943,0.19417770347613378,9.021674086933409,0.9959225362367925,0.9950516071871459,0.005098458853832237,0.007006784335785572,0.04994685959536582
MAIRA-2,teacher_training_75712.pth,blocks.6.ls1.gamma,768,100.0,14.806291455413577,0.3390597824369038,2.28997101305158,0.9997388402942161,1.0012035985970937,0.009606526057287587,0.012234766041332647,0.04243483394384384
MAIRA-2,teacher_training_75712.pth,blocks.6.norm2.weight,768,100.0,42.27279400708278,0.8164543236686506,1.9313942757884757,0.99995086122217,1.0165265435252955,0.026052708795759827,0.029461257721945577,0.10814452171325684
MAIRA-2,teacher_training_75712.pth,blocks.6.norm2.bias,768,100.0,9.863086318262285,0.473469677501356,4.800421107789449,0.9992608066661499,1.0280108331060562,0.012852067658172928,0.017084865359908323,0.11182808876037598
MAIRA-2,teacher_training_75712.pth,blocks.6.mlp.fc1.weight,2359296,100.0,24.540241143978985,16.95986014203933,69.11040540528867,0.8162027269183701,1.1954278644782619,0.008753532084328448,0.011041575613306855,0.05858463328331709
MAIRA-2,teacher_training_75712.pth,blocks.6.mlp.fc1.bias,3072,100.0,67.73737554449797,0.6366668035143066,0.9399047400294807,0.9999729065224465,1.0058172089600637,0.008249182578765613,0.01148686719978386,0.06598407030105591
MAIRA-2,teacher_training_75712.pth,blocks.6.mlp.fc2.weight,2359296,100.0,21.732167372777788,15.186059228026302,69.8782545133934,0.8082068238254548,1.1843654545411257,0.007826086402965329,0.009886757309912958,0.06409033760428429
MAIRA-2,teacher_training_75712.pth,blocks.6.mlp.fc2.bias,768,100.0,3.7354586692222504,0.08906819940857695,2.3843979359868435,0.9997317247478703,0.9940698505824203,0.0024256063914028423,0.0032139718065485735,0.021471992135047913
MAIRA-2,teacher_training_75712.pth,blocks.6.ls2.gamma,768,100.0,26.930432057068415,0.42381023285154207,1.5737223671474847,0.9998845678229873,0.9957846678915349,0.01190403385165458,0.015292934501384737,0.05865931510925293
MAIRA-2,teacher_training_75712.pth,blocks.7.norm1.weight,768,100.0,41.22184794453806,0.5013336978414404,1.2161844333518474,0.9999263590751556,0.9991300985085955,0.013802069588564336,0.018090321587661634,0.08683586120605469
MAIRA-2,teacher_training_75712.pth,blocks.7.norm1.bias,768,100.0,6.846943430349174,0.34768730055754554,5.077992889738459,0.9988130823355885,1.0131718644407175,0.007934999328862583,0.012546084785669577,0.12913119792938232
MAIRA-2,teacher_training_75712.pth,blocks.7.attn.qkv.weight,1769472,100.0,23.08930532152757,14.20121709206499,61.50560570925592,0.8388002302233345,1.1249466605504745,0.008449526986654672,0.010675880873599006,0.0781978964805603
MAIRA-2,teacher_training_75712.pth,blocks.7.attn.qkv.bias,2304,100.0,56.30641121690412,1.883076198287042,3.3443370969480495,0.9995463026001369,1.0140814360156611,0.020042885510079378,0.039230754130980046,0.36028289794921875
MAIRA-2,teacher_training_75712.pth,blocks.7.attn.proj.weight,589824,100.0,11.739448077128506,7.668056619921447,65.31871489649342,0.8325415695195663,1.1786324774484536,0.007948622966459526,0.00998444872385605,0.06761788576841354
MAIRA-2,teacher_training_75712.pth,blocks.7.attn.proj.bias,768,100.0,2.337582523528523,0.23409668743908962,10.014477995229296,0.9950397441236365,1.0065753124809065,0.006096777764367308,0.00844723659433488,0.06765967421233654
MAIRA-2,teacher_training_75712.pth,blocks.7.ls1.gamma,768,100.0,21.283692537503264,0.4235049411760585,1.9898095240279148,0.9998137928963696,0.9949604785632816,0.011900701649816861,0.015281918236945876,0.061329491436481476
MAIRA-2,teacher_training_75712.pth,blocks.7.norm2.weight,768,100.0,42.29012444657354,0.7430713631903654,1.757080105378056,0.9999342010740816,1.0132435784950404,0.020790216241342325,0.026813278222816227,0.16639924049377441
MAIRA-2,teacher_training_75712.pth,blocks.7.norm2.bias,768,100.0,9.751416900679263,0.5079878088587945,5.20937433024127,0.9992184087600228,1.0331475480973134,0.013631150703702133,0.01833043113685457,0.12293457984924316
MAIRA-2,teacher_training_75712.pth,blocks.7.mlp.fc1.weight,2359296,100.0,24.599722351202633,18.86642979221355,76.69366963928846,0.7816831227012899,1.2280242485121118,0.009757252805974326,0.012282831895972365,0.08987051248550415
MAIRA-2,teacher_training_75712.pth,blocks.7.mlp.fc1.bias,3072,100.0,69.6670888745188,0.7291944771922205,1.0466842937927443,0.9999655383898564,1.006339922156352,0.009333074343051825,0.013156269615578654,0.06457602977752686
MAIRA-2,teacher_training_75712.pth,blocks.7.mlp.fc2.weight,2359296,100.0,21.65562556014218,17.35078875266332,80.12139249672823,0.7630219234257587,1.2364627425254873,0.008956349243393051,0.011296086427515182,0.10101480409502983
MAIRA-2,teacher_training_75712.pth,blocks.7.mlp.fc2.bias,768,100.0,4.0503740620658855,0.10810764526196082,2.669078055640637,0.9996447447531466,0.9982257735434465,0.0028351398571070754,0.003900998630840603,0.026508569717407227
MAIRA-2,teacher_training_75712.pth,blocks.7.ls2.gamma,768,100.0,35.569653666358654,0.49801888576268366,1.4001229543421274,0.9999058821551539,0.9971116743597562,0.014000839204527438,0.01797070860978768,0.08091378211975098
MAIRA-2,teacher_training_75712.pth,blocks.8.norm1.weight,768,100.0,38.2232976636882,0.8208777069917683,2.1475847380159325,0.999816209678856,0.9901381335637501,0.025153653075297672,0.029620872818966262,0.12833929061889648
MAIRA-2,teacher_training_75712.pth,blocks.8.norm1.bias,768,100.0,7.544287632084881,0.4172877467839771,5.531174938364044,0.9987227070742547,1.0212268232667714,0.009452917720751111,0.01505757455845385,0.128470778465271
MAIRA-2,teacher_training_75712.pth,blocks.8.attn.qkv.weight,1769472,99.99994348596644,23.296201398172936,15.687746524898053,67.34036273453749,0.8102129069491715,1.141750838276697,0.009353481782265196,0.01179339150928191,0.06943686865270138
MAIRA-2,teacher_training_75712.pth,blocks.8.attn.qkv.bias,2304,100.0,75.43302740503826,2.3212029721246057,3.077170639938508,0.9997042527070386,1.01855871624406,0.024895005767318068,0.04835839525259595,0.44809722900390625
MAIRA-2,teacher_training_75712.pth,blocks.8.attn.proj.weight,589824,100.0,11.895036837641047,8.499470502369553,71.45392333274285,0.7994850197483085,1.1864509262130805,0.008812320244449239,0.011067018883293688,0.07270298153162003
MAIRA-2,teacher_training_75712.pth,blocks.8.attn.proj.bias,768,100.0,3.545688237378539,0.3043551102982149,8.583809120320067,0.9964023799984649,1.0100361897380257,0.007443645900366391,0.010982469053744538,0.09645938873291016
MAIRA-2,teacher_training_75712.pth,blocks.8.ls1.gamma,768,100.0,28.73216459302265,0.7500902732502946,2.6106291811806184,0.9997746788659317,0.984577739251648,0.02251641062806205,0.027066551323598597,0.11047685146331787
MAIRA-2,teacher_training_75712.pth,blocks.8.norm2.weight,768,100.0,43.93273356520891,0.6539200064834385,1.4884573606439302,0.9999064543394015,1.0057773964306531,0.015988094276205327,0.02359630573573094,0.15570569038391113
MAIRA-2,teacher_training_75712.pth,blocks.8.norm2.bias,768,100.0,11.207875036601198,0.5731693431193435,5.113987631442738,0.9993650107511935,1.0360489536034547,0.015269158003633265,0.020682467158824623,0.15345287322998047
MAIRA-2,teacher_training_75712.pth,blocks.8.mlp.fc1.weight,2359296,100.0,24.894949964412707,20.721194421215493,83.2345292954451,0.7484496040240076,1.251416299210801,0.010731587127002142,0.013490360951312171,0.10270383208990097
MAIRA-2,teacher_training_75712.pth,blocks.8.mlp.fc1.bias,3072,100.0,76.39343994878992,0.9434298244328683,1.2349618305777215,0.999952790365142,1.0075748656292838,0.012375044650980271,0.017021545721807436,0.06762373447418213
MAIRA-2,teacher_training_75712.pth,blocks.8.mlp.fc2.weight,2359296,100.0,21.941542219390485,19.49045174919958,88.82899640470673,0.7195178964204619,1.2733816553865696,0.010062421850030766,0.012689096190885143,0.09060719609260559
MAIRA-2,teacher_training_75712.pth,blocks.8.mlp.fc2.bias,768,100.0,3.1230566678901703,0.13607381827727416,4.357071700821905,0.9990507728180296,0.9981266251498939,0.0036030292975735754,0.004910140975752778,0.031115740537643433
MAIRA-2,teacher_training_75712.pth,blocks.8.ls2.gamma,768,100.0,53.796140243629125,0.5755382222168027,1.0698504011818237,0.9999486950751029,0.9965062002687171,0.01632482814602554,0.020767946720361856,0.07549196481704712
MAIRA-2,teacher_training_75712.pth,blocks.9.norm1.weight,768,100.0,36.69028245647474,1.1608610217864477,3.1639468111578695,0.9997157431842171,0.9789161491315593,0.03813523364563783,0.04188896396375935,0.11837902665138245
MAIRA-2,teacher_training_75712.pth,blocks.9.norm1.bias,768,100.0,8.01798577530266,0.5001352811331929,6.237667353735285,0.9985544716411577,1.030206995018245,0.010794680185426841,0.018047077449592382,0.18476080894470215
MAIRA-2,teacher_training_75712.pth,blocks.9.attn.qkv.weight,1769472,100.0,23.519602638437856,17.200437214986234,73.13234615144275,0.7807404865942639,1.1607269505227726,0.010257189283600828,0.012930569083660885,0.07576290518045425
MAIRA-2,teacher_training_75712.pth,blocks.9.attn.qkv.bias,2304,100.0,109.5392200561242,3.1069235170416425,2.8363571654515702,0.9997389020709394,1.01654260734711,0.03215634323542539,0.06472757327170088,0.5298023223876953
MAIRA-2,teacher_training_75712.pth,blocks.9.attn.proj.weight,589824,100.0,11.822037333082987,9.127201714540439,77.204981319072,0.768429397591179,1.2003375511726646,0.009460595508422548,0.011884377232474529,0.05692605103831738
MAIRA-2,teacher_training_75712.pth,blocks.9.attn.proj.bias,768,100.0,2.367820479746633,0.3456467100590605,14.597673810813822,0.9895647785114855,1.0129668925009774,0.008672713239405994,0.012472451318569194,0.12467381358146667
MAIRA-2,teacher_training_75712.pth,blocks.9.ls1.gamma,768,100.0,43.421071275828766,1.2187562211495513,2.8068313041092496,0.9998102598244527,0.9796017010630638,0.03958824925499963,0.043978077022326534,0.09592044353485107
MAIRA-2,teacher_training_75712.pth,blocks.9.norm2.weight,768,100.0,44.656927668091804,0.7606203140985812,1.7032526728032356,0.9998554250508386,1.000844348877208,0.01948353913030587,0.0274465214434946,0.1431264877319336
MAIRA-2,teacher_training_75712.pth,blocks.9.norm2.bias,768,100.0,11.621365170076746,0.5844214640695651,5.02885380088014,0.9993580927412872,1.0346502247619753,0.01569922771113852,0.021088493100047415,0.14709949493408203
MAIRA-2,teacher_training_75712.pth,blocks.9.mlp.fc1.weight,2359296,100.0,25.24172611493628,22.48354954951567,89.072947892464,0.7164250552512582,1.2701974493060078,0.011648908034284764,0.014637727571299265,0.1185288242995739
MAIRA-2,teacher_training_75712.pth,blocks.9.mlp.fc1.bias,3072,100.0,82.5917247175775,1.2170522506588284,1.4735765051771714,0.9999427673864467,1.0100759218867348,0.016864976709863793,0.021958295141741076,0.06709420680999756
MAIRA-2,teacher_training_75712.pth,blocks.9.mlp.fc2.weight,2359296,100.0,22.318092309057874,21.13368543338274,94.69306399815169,0.6827349183601867,1.2850675554338356,0.010896217841014667,0.013758909787358557,0.11770856194198132
MAIRA-2,teacher_training_75712.pth,blocks.9.mlp.fc2.bias,768,100.0,4.391256994895112,0.17639035580716364,4.01685339783619,0.9991972502337543,0.9962551427124045,0.004763040531173601,0.006364938712982487,0.041744738817214966
MAIRA-2,teacher_training_75712.pth,blocks.9.ls2.gamma,768,100.0,80.3571099553509,0.9049398405009891,1.1261478181629532,0.9999666359881952,0.9922146052618221,0.02762712084222585,0.032654203782103944,0.09741729497909546
MAIRA-2,teacher_training_75712.pth,blocks.10.norm1.weight,768,100.0,34.129773202147184,1.569215247878714,4.597789849303748,0.9994091240378072,0.9688712072808785,0.0521285644499585,0.05662417786120256,0.19099920988082886
MAIRA-2,teacher_training_75712.pth,blocks.10.norm1.bias,768,100.0,9.078499065579315,0.6671336235527825,7.348501318705722,0.998146423038586,1.0393329376741554,0.014049670276790494,0.024073111071478092,0.291562557220459
MAIRA-2,teacher_training_75712.pth,blocks.10.attn.qkv.weight,1769472,100.0,24.080379556229612,18.929808469137242,78.61092232759299,0.7522903180775188,1.181135783942159,0.011267598238874502,0.014230638040839119,0.09529042756184936
MAIRA-2,teacher_training_75712.pth,blocks.10.attn.qkv.bias,2304,100.0,156.88572423704233,2.2898214877003342,1.4595473863769715,0.9999152527886548,1.0065137841940222,0.0260821818085092,0.0477046143270903,0.29608821868896484
MAIRA-2,teacher_training_75712.pth,blocks.10.attn.proj.weight,589824,100.0,11.70920861827362,9.7892963204027,83.60339831272057,0.7300917020125707,1.2117416934909817,0.010137686846996579,0.012746479583857682,0.11673176288604736
MAIRA-2,teacher_training_75712.pth,blocks.10.attn.proj.bias,768,100.0,3.1551120484675184,0.41152492001953184,13.043115860795346,0.9917974330245346,1.0177673250125552,0.010147348790525257,0.014849626459469745,0.17475855350494385
MAIRA-2,teacher_training_75712.pth,blocks.10.ls1.gamma,768,100.0,65.84702018849475,1.8248453338778927,2.7713407966739583,0.9998831338368181,0.9767678940053388,0.06150507335476618,0.06584843404648962,0.13658320903778076
MAIRA-2,teacher_training_75712.pth,blocks.10.norm2.weight,768,100.0,42.56185451335394,1.0409051670622924,2.445629258790179,0.9997303315795335,0.9920592086324496,0.030711886240169406,0.03756042990026793,0.16922390460968018
MAIRA-2,teacher_training_75712.pth,blocks.10.norm2.bias,768,100.0,13.0192024550528,0.5700024686028907,4.378167330685227,0.9993314048002828,1.0234164943300053,0.015312845556763932,0.020568192417914386,0.1205759048461914
MAIRA-2,teacher_training_75712.pth,blocks.10.mlp.fc1.weight,2359296,100.0,25.948535482980954,23.636385470399603,91.08947780849583,0.6991333124667181,1.2635061372404937,0.012187655323096784,0.015388271790624741,0.16015602834522724
MAIRA-2,teacher_training_75712.pth,blocks.10.mlp.fc1.bias,3072,100.0,93.49133653735969,1.256593761628076,1.3440750856374095,0.9999640888324483,1.0103963818733508,0.019128324254173396,0.022671710829311693,0.05911034345626831
MAIRA-2,teacher_training_75712.pth,blocks.10.mlp.fc2.weight,2359296,100.0,24.329749492718253,22.518474557983446,92.55530791520516,0.6777546033285087,1.2398932024842932,0.011519883027119156,0.014660465207020473,0.17085303086787462
MAIRA-2,teacher_training_75712.pth,blocks.10.mlp.fc2.bias,768,100.0,3.906480980426236,0.2512136140287101,6.4306882661771,0.9979416507557143,0.9931548490348908,0.006649259520443707,0.009064890480223407,0.0789550943300128
MAIRA-2,teacher_training_75712.pth,blocks.10.ls2.gamma,768,100.0,150.25902546472176,1.449230391458374,0.9644880811493272,0.999983391933309,0.9922498372323065,0.04650089944091936,0.05229459728914243,0.1304798126220703
MAIRA-2,teacher_training_75712.pth,blocks.11.norm1.weight,768,100.0,31.29611335232225,2.150001106599336,6.869866179212955,0.99866339610085,0.953407624715171,0.07219714668462984,0.07758148235331999,0.24568527936935425
MAIRA-2,teacher_training_75712.pth,blocks.11.norm1.bias,768,100.0,8.742458864383137,0.7468616615409116,8.542924515019836,0.9968807292803019,1.029581560116227,0.017578391380576857,0.02695004883362853,0.3028573989868164
MAIRA-2,teacher_training_75712.pth,blocks.11.attn.qkv.weight,1769472,100.0,25.11758344592603,21.036370080128112,83.75156839994544,0.7211182130300068,1.191696578564021,0.012448247939896476,0.01581426292777937,0.13217367744073272
MAIRA-2,teacher_training_75712.pth,blocks.11.attn.qkv.bias,2304,100.0,66.93491683074095,2.329983142675126,3.480968159812583,0.999472279804034,1.011984355156896,0.02221999410584156,0.048541315472398455,0.5764484405517578
MAIRA-2,teacher_training_75712.pth,blocks.11.attn.proj.weight,589824,100.0,10.654196020644385,9.538456889366783,89.52770223942136,0.6918614027632541,1.2211941407084779,0.009843243143739704,0.012419865741363,0.09381102537736297
MAIRA-2,teacher_training_75712.pth,blocks.11.attn.proj.bias,768,100.0,7.5182427636457465,0.40090368206296484,5.332412036513684,0.9986771580919324,0.9845517233271612,0.011299285676290793,0.014466365547385306,0.049182385206222534
MAIRA-2,teacher_training_75712.pth,blocks.11.ls1.gamma,768,100.0,130.8420372379575,3.4441485172164854,2.6322950864428547,0.9999699092233093,0.9748160408471681,0.11874207892810773,0.12428000459649927,0.20366859436035156
MAIRA-2,teacher_training_75712.pth,blocks.11.norm2.weight,768,100.0,40.745951979026785,1.1326961206066448,2.7798985312447204,0.9996447621851211,0.991743233943742,0.03408578288508579,0.0408726506338932,0.16286921501159668
MAIRA-2,teacher_training_75712.pth,blocks.11.norm2.bias,768,100.0,11.57375638529964,1.0631863035097417,9.186181807491158,0.996294755838517,1.0285722113045004,0.0300274147810408,0.038364431158129535,0.16688871383666992
MAIRA-2,teacher_training_75712.pth,blocks.11.mlp.fc1.weight,2359296,100.0,27.05897933116066,26.656652393807033,98.5131481404758,0.6649867637549721,1.3073974047191799,0.013747433409038291,0.01735459140221812,0.17652555007953197
MAIRA-2,teacher_training_75712.pth,blocks.11.mlp.fc1.bias,3072,100.0,96.13233367655309,1.435242735589645,1.4929864705237093,0.999966741236113,1.012472117619416,0.023104242214079324,0.025894930617035513,0.06679171323776245
MAIRA-2,teacher_training_75712.pth,blocks.11.mlp.fc2.weight,2359296,100.0,25.400399252068425,24.822043827136977,97.72304592856212,0.6494419934668937,1.263245116164912,0.012621735473117521,0.016160184783292304,0.21485322270018514
MAIRA-2,teacher_training_75712.pth,blocks.11.mlp.fc2.bias,768,100.0,4.06595349645604,0.3954373268015337,9.725574263114522,0.9955074937828878,0.9732847654935398,0.009928257044511687,0.01426911544228072,0.1269569993019104
MAIRA-2,teacher_training_75712.pth,blocks.11.ls2.gamma,768,100.0,210.12784134618005,1.82901602854236,0.8704301233119817,0.999984195892173,0.9933391304995127,0.057762386959069545,0.06599893102694199,0.20824432373046875
MAIRA-2,teacher_training_75712.pth,norm.weight,768,100.0,65.0263206713563,2.028299187764585,3.119197221715234,0.9995706402249205,0.9888746629225557,0.062143739346538496,0.0731899426283114,0.40161921083927155
MAIRA-2,teacher_training_75712.pth,norm.bias,768,100.0,11.343824531418848,2.202277103409246,19.41388547847886,0.982590507372292,1.0389287724794778,0.07093728166989403,0.07946782990521735,0.35959883965551853
MAIRA-2,teacher_training_151424.pth,cls_token,768,100.0,0.5704225177368745,0.05826250027712306,10.213920114562956,0.9956771994712194,1.0381683980600722,0.0013370271460530307,0.002102366888666103,0.011033345013856888
MAIRA-2,teacher_training_151424.pth,pos_embed,1052160,100.0,15.548748812361511,5.234463590194624,33.66485402370858,0.9489150835278033,1.0662695695534263,0.004008668112120052,0.005103067227015027,0.036620691418647766
MAIRA-2,teacher_training_151424.pth,mask_token,768,100.0,1.2527692709950333,0.11833782410962107,9.446098882648139,0.9971686600243224,1.0543369636967195,0.002762912452605922,0.004270148412812769,0.03175841271877289
MAIRA-2,teacher_training_151424.pth,patch_embed.proj.weight,451584,99.99977855725623,5.88771006853937,0.1591140080723907,2.7024769599747613,0.9998328185355629,0.9799329895743097,0.00018049169541329104,0.00023677679772677188,0.0021639198530465364
MAIRA-2,teacher_training_151424.pth,patch_embed.proj.bias,768,100.0,1.8680606851652102,0.024524027548267737,1.3128067917182704,0.9999304137336635,0.9941703376218545,0.00041208381489588053,0.000884934619162886,0.014747262001037598
MAIRA-2,teacher_training_151424.pth,blocks.0.norm1.weight,768,100.0,29.344184045603125,0.4269393531413524,1.454936870890176,0.9998945187232201,0.9990385382518335,0.011139397298198203,0.015405846903987781,0.08036112785339355
MAIRA-2,teacher_training_151424.pth,blocks.0.norm1.bias,768,100.0,7.078382850477348,0.1886020148627508,2.664478862570028,0.9996515579984635,1.0032822837748891,0.00505834097231217,0.006805589003169686,0.02692165970802307
MAIRA-2,teacher_training_151424.pth,blocks.0.attn.qkv.weight,1769472,100.0,25.60432856869439,8.38257911252359,32.738914008363054,0.9448977626093578,0.9409695532374746,0.004838635886212932,0.006301672274894309,0.053681876277551055
MAIRA-2,teacher_training_151424.pth,blocks.0.attn.qkv.bias,2304,100.0,50.122225118711896,0.9010297360200032,1.7976650754948749,0.9998539846192049,0.9942727185202838,0.008649030674207994,0.01877145283375007,0.2087259292602539
MAIRA-2,teacher_training_151424.pth,blocks.0.attn.proj.weight,589824,100.0,12.574870758739067,4.589734671301197,36.49925919207958,0.9326964233219474,0.9887518444211933,0.004670286884516596,0.005976217019923433,0.03887446969747543
MAIRA-2,teacher_training_151424.pth,blocks.0.attn.proj.bias,768,100.0,3.505024474928739,0.0812048993155507,2.316814044991845,0.9997881426323932,0.9891536289981167,0.0019421948039024528,0.0029302294049593533,0.03466528654098511
MAIRA-2,teacher_training_151424.pth,blocks.0.ls1.gamma,768,100.0,4.8087614933767435,0.2818939806422733,5.862091123266035,0.998520287289471,0.9766302127716769,0.008276226243345045,0.010171972850421977,0.03215417265892029
MAIRA-2,teacher_training_151424.pth,blocks.0.norm2.weight,768,100.0,50.67101214993445,0.5210285709633563,1.0282576740753546,0.9999483909701795,0.9983622042596987,0.01523293584093229,0.018800999106323737,0.07550543546676636
MAIRA-2,teacher_training_151424.pth,blocks.0.norm2.bias,768,100.0,9.567941480818112,0.30826379924973285,3.221840349543762,0.9994871482826634,1.003034697578355,0.008032781444702172,0.011123511717390627,0.07551074028015137
MAIRA-2,teacher_training_151424.pth,blocks.0.mlp.fc1.weight,2359296,100.0,26.74542550446863,9.938192089395345,37.15847440054701,0.9307459109651216,0.9968002276742114,0.005095910285420024,0.006470177141533428,0.03855717182159424
MAIRA-2,teacher_training_151424.pth,blocks.0.mlp.fc1.bias,3072,100.0,64.56282258278841,0.46006330369177034,0.7125823891943922,0.9999869667845732,1.0049579933536101,0.0069021951230752165,0.008300552257209754,0.027884244918823242
MAIRA-2,teacher_training_151424.pth,blocks.0.mlp.fc2.weight,2359296,100.0,23.868427070060264,9.489596213452081,39.75794544649951,0.9224997002498491,1.017763122263466,0.004874175748848186,0.006178122534799533,0.04108767956495285
MAIRA-2,teacher_training_151424.pth,blocks.0.mlp.fc2.bias,768,100.0,5.388074395289565,0.07970664236551157,1.4793159210124083,0.9998985908334059,0.9958949037768543,0.0020697219770795527,0.0028761657141205834,0.018447428941726685
MAIRA-2,teacher_training_151424.pth,blocks.0.ls2.gamma,768,100.0,3.3596921612634087,0.30821412522871716,9.173879940024431,0.9960711918984939,1.0200258708878724,0.008993198345748965,0.011121719260552804,0.03028087317943573
MAIRA-2,teacher_training_151424.pth,blocks.1.norm1.weight,768,100.0,37.39611933175527,0.649482840543048,1.7367653439685475,0.9999161266179852,1.0114874556996185,0.01430224731156926,0.02343619330134822,0.17190015316009521
MAIRA-2,teacher_training_151424.pth,blocks.1.norm1.bias,768,100.0,8.644570875313905,0.32748223711962515,3.788299521666348,0.9993011876449323,1.0054643812292263,0.009011020497420455,0.011816997359739777,0.05827993154525757
MAIRA-2,teacher_training_151424.pth,blocks.1.attn.qkv.weight,1769472,100.0,25.363762194891635,9.436617545947568,37.205117574584975,0.9303266514298318,0.993014415263877,0.005567565872835373,0.007094054271344238,0.046431928873062134
MAIRA-2,teacher_training_151424.pth,blocks.1.attn.qkv.bias,2304,100.0,65.39113966701376,0.8404922014918985,1.2853304067980338,0.9999209317389666,1.0025812240512113,0.008897376611864318,0.017510254197747883,0.1425037384033203
MAIRA-2,teacher_training_151424.pth,blocks.1.attn.proj.weight,589824,100.0,12.118684806513247,4.834718814360694,39.894748411661396,0.9230135215065052,1.0284320017024169,0.004959323998808508,0.006295206789532154,0.038331251591444016
MAIRA-2,teacher_training_151424.pth,blocks.1.attn.proj.bias,768,100.0,3.2148185220089602,0.11925742588239133,3.709616112571935,0.99941276171315,0.9852003219025208,0.0032941976784096974,0.004303331683503779,0.023331016302108765
MAIRA-2,teacher_training_151424.pth,blocks.1.ls1.gamma,768,100.0,3.3414047178368786,0.3476894156266589,10.405486464140212,0.9965310787280482,1.0589939134894313,0.010863731012697405,0.0125461611066522,0.03327815234661102
MAIRA-2,teacher_training_151424.pth,blocks.1.norm2.weight,768,100.0,45.50014659940273,0.733725589841472,1.6125785182659242,0.9998947098664323,1.006928326762009,0.018302861727230873,0.026476041675393174,0.1329348087310791
MAIRA-2,teacher_training_151424.pth,blocks.1.norm2.bias,768,100.0,9.106836679131,0.37723886691784964,4.142369960167627,0.9992336584694597,1.0127919440155844,0.010345992524473028,0.013612435085238118,0.058148205280303955
MAIRA-2,teacher_training_151424.pth,blocks.1.mlp.fc1.weight,2359296,100.0,26.61282578652742,11.551703596895656,43.40652770042795,0.9097760961451447,1.0366823994476255,0.005926890861924283,0.0075206403625622765,0.08741457760334015
MAIRA-2,teacher_training_151424.pth,blocks.1.mlp.fc1.bias,3072,100.0,59.39183566015294,0.47566427667563177,0.8008916905640678,0.999979849303598,1.00486265211021,0.006604581262896166,0.008582028068205145,0.07637333869934082
MAIRA-2,teacher_training_151424.pth,blocks.1.mlp.fc2.weight,2359296,100.0,23.11345496476324,10.580856492673501,45.77790948520744,0.9013013736547608,1.0493076770189864,0.005437620516032481,0.006888578445750977,0.04526907205581665
MAIRA-2,teacher_training_151424.pth,blocks.1.mlp.fc2.bias,768,100.0,7.194120012803698,0.07526254076215655,1.0461674343520602,0.9999642074752599,0.9938109269116445,0.002062366006574242,0.002715803010557892,0.015529440715909004
MAIRA-2,teacher_training_151424.pth,blocks.1.ls2.gamma,768,100.0,4.312398665932723,0.3458628519894471,8.020196618687175,0.9974778519402449,1.0348197920554163,0.009503247128426059,0.012480250668674937,0.04507514834403992
MAIRA-2,teacher_training_151424.pth,blocks.2.norm1.weight,768,100.0,36.66917802317875,0.5464570767399972,1.4902354134978952,0.999893816768315,1.0030123052279685,0.01438671484356746,0.019718571272275838,0.08822822570800781
MAIRA-2,teacher_training_151424.pth,blocks.2.norm1.bias,768,100.0,7.661780624070485,0.33639969504717643,4.3906202951091124,0.999041752978189,0.9955519318774424,0.008812289299688322,0.012138778405674707,0.1152639389038086
MAIRA-2,teacher_training_151424.pth,blocks.2.attn.qkv.weight,1769472,100.0,24.062896235496684,10.702073570452391,44.4754175296035,0.9015346299072402,1.0043498299762998,0.00633679985876156,0.008045371167692536,0.04643332865089178
MAIRA-2,teacher_training_151424.pth,blocks.2.attn.qkv.bias,2304,100.0,30.676625934170012,0.8611794037360426,2.8072820185116707,0.9996274548471054,1.006194929037949,0.010419985328460828,0.01794123757783422,0.14792084693908691
MAIRA-2,teacher_training_151424.pth,blocks.2.attn.proj.weight,589824,100.0,11.858650418793212,5.5924044771325105,47.15886108144183,0.8952819454089074,1.0499609020417688,0.005765179374507587,0.007281776662932956,0.0385727658867836
MAIRA-2,teacher_training_151424.pth,blocks.2.attn.proj.bias,768,100.0,2.582232869227995,0.15437950899526012,5.978527763122102,0.9984400714246766,0.9770658896168166,0.004178958931968661,0.005570690692235981,0.04352124035358429
MAIRA-2,teacher_training_151424.pth,blocks.2.ls1.gamma,768,100.0,3.7800883424629625,0.2834382211522982,7.498190398577316,0.9975816978847942,1.0257158387112075,0.008384531522253269,0.010227695830056754,0.029539212584495544
MAIRA-2,teacher_training_151424.pth,blocks.2.norm2.weight,768,100.0,53.15180770861922,0.8967045531288358,1.6870631344179554,0.9998675005349741,1.004298846606706,0.02285782569434029,0.03235703844578102,0.17098760604858398
MAIRA-2,teacher_training_151424.pth,blocks.2.norm2.bias,768,100.0,7.524854827582414,0.3580756917498745,4.758572755946671,0.9989907500872462,1.0147044456183045,0.009703176392652798,0.012920943563878219,0.07293552160263062
MAIRA-2,teacher_training_151424.pth,blocks.2.mlp.fc1.weight,2359296,99.99995761447482,24.741275023193037,12.940307093311965,52.30250696935151,0.8778016227263095,1.0877799844421037,0.00664693733607283,0.008424679097208312,0.09943804144859314
MAIRA-2,teacher_training_151424.pth,blocks.2.mlp.fc1.bias,3072,100.0,47.74322743600249,0.5043988520049071,1.0564825192872214,0.9999660865546572,1.0065834720498767,0.007466975378595937,0.009100462905749103,0.0710187554359436
MAIRA-2,teacher_training_151424.pth,blocks.2.mlp.fc2.weight,2359296,100.0,22.25417087608676,11.940215533147978,53.65383235184172,0.870648597091247,1.084896939490693,0.006144833823635161,0.007773577821059881,0.057751573622226715
MAIRA-2,teacher_training_151424.pth,blocks.2.mlp.fc2.bias,768,100.0,5.532747400489261,0.0914953487228968,1.653705511927146,0.9998778963195327,0.9944666358016865,0.002522313284709791,0.0033015540134226965,0.014102458953857422
MAIRA-2,teacher_training_151424.pth,blocks.2.ls2.gamma,768,100.0,4.694733913685392,0.3194637403919519,6.804725172191306,0.9979692299259135,1.0219069062088464,0.008920634759003102,0.011527654781976135,0.0457974374294281
MAIRA-2,teacher_training_151424.pth,blocks.3.norm1.weight,768,100.0,41.51740963139202,0.5882540752731735,1.4168853030473862,0.9999409850815235,1.0090365907241992,0.014278993049326042,0.02122679054442882,0.11391067504882812
MAIRA-2,teacher_training_151424.pth,blocks.3.norm1.bias,768,100.0,8.952294141495537,0.37473067512969055,4.185861961268059,0.9991277569827748,0.9962262385338128,0.009089897702419117,0.013521928509983565,0.14903783798217773
MAIRA-2,teacher_training_151424.pth,blocks.3.attn.qkv.weight,1769472,100.0,23.055271430690798,11.778859234013062,51.089657605736264,0.8778587045280393,1.0557665923317672,0.006964381336290523,0.00885485358008353,0.072021484375
MAIRA-2,teacher_training_151424.pth,blocks.3.attn.qkv.bias,2304,100.0,367.11513946802285,1.215719763917238,0.3311548975285809,0.999994736700613,1.0006578999869176,0.013312852224606923,0.02532749508160912,0.23991060256958008
MAIRA-2,teacher_training_151424.pth,blocks.3.attn.proj.weight,589824,100.0,11.714172386278523,6.163985274855088,52.61989555553506,0.8791164753696589,1.1021212244085836,0.006326780591325135,0.008026022493300896,0.05253133922815323
MAIRA-2,teacher_training_151424.pth,blocks.3.attn.proj.bias,768,100.0,2.992043052273569,0.17286390954959457,5.777453951347398,0.998485001479901,0.9808726309321308,0.004388900700317795,0.006237689044476847,0.05413639545440674
MAIRA-2,teacher_training_151424.pth,blocks.3.ls1.gamma,768,100.0,5.316120932688724,0.4034349812537189,7.588897738819391,0.9981227897858405,1.0429361848691687,0.011717846206011018,0.014557705939209138,0.1017683744430542
MAIRA-2,teacher_training_151424.pth,blocks.3.norm2.weight,768,100.0,40.813313204733475,1.1014010082849812,2.698631700788365,0.9998907597570855,1.022469350351974,0.03436537424568087,0.0397433855386912,0.14632916450500488
MAIRA-2,teacher_training_151424.pth,blocks.3.norm2.bias,768,100.0,7.982706720476158,0.4755607861407286,5.957387673041834,0.9985971399052075,1.025897224438987,0.012651258011203481,0.01716032174339873,0.11129641532897949
MAIRA-2,teacher_training_151424.pth,blocks.3.mlp.fc1.weight,2359296,100.0,24.647826525957328,15.154903052276179,61.485758333766746,0.8415427860136676,1.1352162585635088,0.007793913653276024,0.009866473341325638,0.06218168884515762
MAIRA-2,teacher_training_151424.pth,blocks.3.mlp.fc1.bias,3072,100.0,53.17876372635944,0.5658087004626619,1.063974904294746,0.9999671581002383,1.0068607448853344,0.008133178413875916,0.010208431422560943,0.0832357406616211
MAIRA-2,teacher_training_151424.pth,blocks.3.mlp.fc2.weight,2359296,100.0,21.928553398498728,13.78002344805761,62.84054947738148,0.8326851605504072,1.1297677121463907,0.007088824830702546,0.008971369432329172,0.06575869023799896
MAIRA-2,teacher_training_151424.pth,blocks.3.mlp.fc2.bias,768,100.0,3.7433469416406293,0.09314000098217458,2.4881477040264213,0.9996921137428315,0.9978454466598611,0.0024805153260955373,0.0033609002899612815,0.019432812929153442
MAIRA-2,teacher_training_151424.pth,blocks.3.ls2.gamma,768,100.0,8.020905703906667,0.38720579891671525,4.827457312309788,0.9988884158125046,1.0093048285651005,0.01077982092253175,0.013972085764771854,0.055639415979385376
MAIRA-2,teacher_training_151424.pth,blocks.4.norm1.weight,768,100.0,40.62286118819228,0.5043002484661699,1.241419815630203,0.9999408850474455,1.0059313696132264,0.013519603565024832,0.018197367762771147,0.09011697769165039
MAIRA-2,teacher_training_151424.pth,blocks.4.norm1.bias,768,100.0,8.088631684773569,0.44981347746180356,5.561057728819006,0.9984601025385261,0.9945726010826264,0.010172057270925924,0.01623124576860587,0.17963457107543945
MAIRA-2,teacher_training_151424.pth,blocks.4.attn.qkv.weight,1769472,100.0,22.586511888604196,13.06828836722904,57.85881605659755,0.8476005531343143,1.07823220148448,0.007746994422036542,0.0098241924565981,0.06843506917357445
MAIRA-2,teacher_training_151424.pth,blocks.4.attn.qkv.bias,2304,100.0,38.21747519951769,1.4204298598509602,3.7167025096123725,0.9994106701796766,1.013661123628103,0.015343351467332135,0.029592288746895002,0.32332897186279297
MAIRA-2,teacher_training_151424.pth,blocks.4.attn.proj.weight,589824,100.0,11.614896333623411,6.846913807947654,58.94941815474365,0.855793147863584,1.1384330282919188,0.007058455735244631,0.00891525235409851,0.055587319657206535
MAIRA-2,teacher_training_151424.pth,blocks.4.attn.proj.bias,768,100.0,2.5619222331334126,0.22049749131557697,8.606720706189934,0.9965173761330461,0.9751996589352246,0.00511207894942108,0.007956517872917845,0.11055189371109009
MAIRA-2,teacher_training_151424.pth,blocks.4.ls1.gamma,768,100.0,7.436373313165197,0.3874207765151151,5.20980806368655,0.9989105305740129,1.0220720956701268,0.0107338393727332,0.013979843100665973,0.09213894605636597
MAIRA-2,teacher_training_151424.pth,blocks.4.norm2.weight,768,100.0,39.03496524896855,1.225877904829792,3.1404611148262376,0.999908576423122,1.0282530786393957,0.04007856122916564,0.04423505864669343,0.15003204345703125
MAIRA-2,teacher_training_151424.pth,blocks.4.norm2.bias,768,100.0,8.492062019313725,0.5462892548301054,6.432940004296543,0.9984380851163028,1.0303266648996274,0.014588368316708511,0.019712515520722586,0.1511697769165039
MAIRA-2,teacher_training_151424.pth,blocks.4.mlp.fc1.weight,2359296,99.99995761447482,24.425774884653627,17.230511190923057,70.54233191082405,0.802714336760444,1.1795065415397443,0.008873373383344402,0.011217780723257199,0.07758759707212448
MAIRA-2,teacher_training_151424.pth,blocks.4.mlp.fc1.bias,3072,100.0,53.58475926610058,0.6265661366841673,1.1692991538371114,0.9999610055731419,1.0076251244373755,0.00888096528907075,0.011304628989990868,0.10475009679794312
MAIRA-2,teacher_training_151424.pth,blocks.4.mlp.fc2.weight,2359296,100.0,21.39852170479337,15.775476449167057,73.72227234572598,0.7857993280937953,1.187019875940487,0.00812478800738664,0.01027049247992647,0.0817965567111969
MAIRA-2,teacher_training_151424.pth,blocks.4.mlp.fc2.bias,768,100.0,3.4656359357145674,0.10652428794971308,3.073729899091354,0.9995368829429008,0.995205380609175,0.0027013859801172657,0.0038438641451875033,0.02873915433883667
MAIRA-2,teacher_training_151424.pth,blocks.4.ls2.gamma,768,100.0,11.549163285003175,0.4439504233500443,3.8440050798010885,0.9992750561579792,1.0045925146567436,0.012530457162938546,0.016019681026749773,0.0761270523071289
MAIRA-2,teacher_training_151424.pth,blocks.5.norm1.weight,768,100.0,39.04625681466513,0.5697979700461909,1.4592896132163538,0.9999163443544327,1.0066726987454355,0.014830370084382594,0.020560813211866917,0.1335897445678711
MAIRA-2,teacher_training_151424.pth,blocks.5.norm1.bias,768,100.0,8.287697453544482,0.46154994420803985,5.569097409686985,0.9984489666121049,0.9970985871699799,0.010368759962922821,0.016654749033310535,0.15041601657867432
MAIRA-2,teacher_training_151424.pth,blocks.5.attn.qkv.weight,1769472,100.0,22.882459469084672,14.499023858414713,63.36304835589727,0.82337312214402,1.1052079815286757,0.008602129545909406,0.010899759541201225,0.06649217940866947
MAIRA-2,teacher_training_151424.pth,blocks.5.attn.qkv.bias,2304,100.0,37.10443136350437,1.5226423890901777,4.103667225548259,0.9992817084217815,1.0150278589405062,0.016974891046489107,0.031721716439378704,0.3419976234436035
MAIRA-2,teacher_training_151424.pth,blocks.5.attn.proj.weight,589824,100.0,11.470905878018895,7.71367731505765,67.24558109956224,0.8247746034987268,1.1887113621783933,0.007968018955441476,0.010043850670647982,0.07749059796333313
MAIRA-2,teacher_training_151424.pth,blocks.5.attn.proj.bias,768,100.0,2.421533686460424,0.257772278644182,10.645000731787048,0.9943244221766934,0.9907662491918731,0.006798356257547766,0.009301555904052607,0.07277032732963562
MAIRA-2,teacher_training_151424.pth,blocks.5.ls1.gamma,768,100.0,11.282986619575448,0.48667592366098056,4.313360815447754,0.9991228435777262,1.0094652181245,0.013436635770631256,0.017561404720861054,0.1620650291442871
MAIRA-2,teacher_training_151424.pth,blocks.5.norm2.weight,768,100.0,38.64358921466298,1.1828323866210704,3.0608761004328624,0.9999153620047097,1.0276214520072608,0.03841488256390827,0.04268178730136765,0.12877607345581055
MAIRA-2,teacher_training_151424.pth,blocks.5.norm2.bias,768,100.0,9.24777175517459,0.6170844006930604,6.672790127500399,0.9985467945447892,1.0378954121093211,0.016417647416915315,0.02226711530330358,0.1543893814086914
MAIRA-2,teacher_training_151424.pth,blocks.5.mlp.fc1.weight,2359296,100.0,24.419049935165216,19.43219161015929,79.57800021603425,0.7606187481504209,1.2208433583965785,0.010016054312274975,0.01265116641286412,0.07616080343723297
MAIRA-2,teacher_training_151424.pth,blocks.5.mlp.fc1.bias,3072,100.0,61.242667859043806,0.7446025812084057,1.2158232278877592,0.9999585387232404,1.0080147026779718,0.010229177907907191,0.01343426564687385,0.09164392948150635
MAIRA-2,teacher_training_151424.pth,blocks.5.mlp.fc2.weight,2359296,100.0,21.373567629491507,18.002713374847332,84.22886476849551,0.7378077266076756,1.2416037244688507,0.009271410565326248,0.011720516520082899,0.09393588919192553
MAIRA-2,teacher_training_151424.pth,blocks.5.mlp.fc2.bias,768,100.0,3.843171895341575,0.12062267692282726,3.1386229970363195,0.9995292313546151,0.9929126035050249,0.003133625088362161,0.0043525959369854735,0.030562836676836014
MAIRA-2,teacher_training_151424.pth,blocks.5.ls2.gamma,768,100.0,17.73987183785041,0.5253003982432236,2.9611284852826523,0.9995633859442595,1.001510360774189,0.01509907107295779,0.018955145395696423,0.07986047863960266
MAIRA-2,teacher_training_151424.pth,blocks.6.norm1.weight,768,100.0,40.62814079879666,0.6103478905182063,1.5022786633059118,0.9998879185928373,1.0011264120885806,0.01675141540666421,0.022024032430625413,0.09649944305419922
MAIRA-2,teacher_training_151424.pth,blocks.6.norm1.bias,768,100.0,7.15714771714093,0.49666721795937946,6.939457414996367,0.9978806422024914,1.021992527319824,0.011366396706932846,0.017921934499156893,0.17502737045288086
MAIRA-2,teacher_training_151424.pth,blocks.6.attn.qkv.weight,1769472,100.0,22.94874736612793,16.311974997015163,71.08002339635948,0.7844631238732112,1.1317661116513444,0.00969575433554667,0.012262660358777537,0.06771695613861084
MAIRA-2,teacher_training_151424.pth,blocks.6.attn.qkv.bias,2304,100.0,38.09851056338018,2.126920772398236,5.582687461915128,0.9986359154340522,1.0183927250082239,0.02331256311935527,0.04431084942496326,0.4618415832519531
MAIRA-2,teacher_training_151424.pth,blocks.6.attn.proj.weight,589824,100.0,11.625891050982885,8.859226595213347,76.20255992734737,0.7791087793854923,1.2123448629053768,0.009167893709141603,0.011535451295850712,0.06079709902405739
MAIRA-2,teacher_training_151424.pth,blocks.6.attn.proj.bias,768,100.0,2.152346688707943,0.32404592458171566,15.055470676810012,0.9888395111708648,1.010525879761826,0.008344319481603671,0.01169300011169092,0.08925502002239227
MAIRA-2,teacher_training_151424.pth,blocks.6.ls1.gamma,768,100.0,14.806291455413577,0.5262465321471026,3.5542089234957803,0.9993731312365473,0.9962274127611572,0.015165250328853594,0.018989286062202293,0.06667834520339966
MAIRA-2,teacher_training_151424.pth,blocks.6.norm2.weight,768,100.0,42.27279400708278,0.9443558126967094,2.233956460361913,0.9999098950657084,1.0177663895983775,0.028920852540371318,0.03407650516695206,0.14702701568603516
MAIRA-2,teacher_training_151424.pth,blocks.6.norm2.bias,768,100.0,9.863086318262285,0.7303997178410687,7.405387059106193,0.998410545628456,1.046447961999748,0.019579627714260067,0.026356029606972982,0.19479680061340332
MAIRA-2,teacher_training_151424.pth,blocks.6.mlp.fc1.weight,2359296,100.0,24.540241143978985,21.755214582793194,88.65118502770252,0.7152786048037248,1.2607387254097675,0.01122303745241944,0.014163551160672654,0.07712619192898273
MAIRA-2,teacher_training_151424.pth,blocks.6.mlp.fc1.bias,3072,100.0,67.73737554449797,0.8425719492636202,1.2438804168167377,0.999957320663487,1.0082860058918477,0.011509903094823434,0.01520184817871809,0.07832849025726318
MAIRA-2,teacher_training_151424.pth,blocks.6.mlp.fc2.weight,2359296,100.0,21.732167372777788,20.4184194661384,93.95482335422734,0.6894048150571267,1.2877607978770176,0.010526552851069605,0.013293241839933854,0.09578178822994232
MAIRA-2,teacher_training_151424.pth,blocks.6.mlp.fc2.bias,768,100.0,3.7354586692222504,0.14073207470331345,3.767464377610551,0.9993079862531364,0.9933221552368781,0.003765318187907004,0.005078231325848283,0.031000599265098572
MAIRA-2,teacher_training_151424.pth,blocks.6.ls2.gamma,768,100.0,26.930432057068415,0.6270505539955324,2.3284088152271245,0.9997317577652193,0.9973367117494135,0.017379630783883233,0.022626737884051538,0.10345613956451416
MAIRA-2,teacher_training_151424.pth,blocks.7.norm1.weight,768,100.0,41.22184794453806,0.9404193955411722,2.2813615653681016,0.9997528215629945,0.9946376204562187,0.02711321273818612,0.033934461947927555,0.13826847076416016
MAIRA-2,teacher_training_151424.pth,blocks.7.norm1.bias,768,100.0,6.846943430349174,0.5839918808701724,8.529234786454056,0.9970163885869393,1.0332994936799254,0.012070983250680456,0.02107299185155937,0.21327602863311768
MAIRA-2,teacher_training_151424.pth,blocks.7.attn.qkv.weight,1769472,100.0,23.08930532152757,18.031356453808467,78.09397555584636,0.7478401527065809,1.1590965153466195,0.010721783710660706,0.013555219404245332,0.09544637799263
MAIRA-2,teacher_training_151424.pth,blocks.7.attn.qkv.bias,2304,100.0,56.30641121690412,3.5991109247602755,6.392009092704817,0.9985011219534377,1.0315203370621513,0.03550150154219109,0.07498147759917241,0.6600809097290039
MAIRA-2,teacher_training_151424.pth,blocks.7.attn.proj.weight,589824,100.0,11.739448077128506,9.765936826825584,83.18906274522536,0.7445170459032814,1.2408512555679514,0.01011633187347655,0.012716063576595812,0.10428272187709808
MAIRA-2,teacher_training_151424.pth,blocks.7.attn.proj.bias,768,100.0,2.337582523528523,0.3944146184691929,16.872756982877927,0.9868114749100019,1.034412733657842,0.009530765427989252,0.014232211634094504,0.12702465057373047
MAIRA-2,teacher_training_151424.pth,blocks.7.ls1.gamma,768,100.0,21.283692537503264,0.7740669620730304,3.636901635884251,0.9994201240904793,0.9866416348238075,0.021859609577063566,0.027931735557728748,0.09650896489620209
MAIRA-2,teacher_training_151424.pth,blocks.7.norm2.weight,768,100.0,42.29012444657354,0.9020844549159458,2.133085363831402,0.9998490928024132,1.012227044763365,0.023138528243483353,0.03255116892984363,0.24361777305603027
MAIRA-2,teacher_training_151424.pth,blocks.7.norm2.bias,768,100.0,9.751416900679263,0.7813202265483178,8.012376401360633,0.9983867131392554,1.054918531902794,0.020845145058937458,0.028193465195060666,0.1872551441192627
MAIRA-2,teacher_training_151424.pth,blocks.7.mlp.fc1.weight,2359296,100.0,24.599722351202633,24.113190306054083,98.02220513629186,0.6673665107602238,1.3047151827306014,0.0124687832587757,0.01569869160550396,0.13387152552604675
MAIRA-2,teacher_training_151424.pth,blocks.7.mlp.fc1.bias,3072,100.0,69.6670888745188,0.9402459626116714,1.3496271737508652,0.9999491185090245,1.0089151074555007,0.012854921388149402,0.016964101863072102,0.07896500825881958
MAIRA-2,teacher_training_151424.pth,blocks.7.mlp.fc2.weight,2359296,100.0,21.65562556014218,23.075184734459924,106.55515201061883,0.6294112152490141,1.358491814278949,0.011913050146600605,0.015022906728164013,0.11542713269591331
MAIRA-2,teacher_training_151424.pth,blocks.7.mlp.fc2.bias,768,100.0,4.0503740620658855,0.1811462529678616,4.472333917610274,0.9990041921487335,1.0020949845721416,0.004679315161060534,0.006536552369605434,0.04288589954376221
MAIRA-2,teacher_training_151424.pth,blocks.7.ls2.gamma,768,100.0,35.569653666358654,0.7707881990689068,2.166982580991248,0.9997706219088318,0.996472473548886,0.021489778863421332,0.027813423388788762,0.11987853050231934
MAIRA-2,teacher_training_151424.pth,blocks.8.norm1.weight,768,100.0,38.2232976636882,1.4724252929350303,3.8521670890102757,0.9994235324597208,0.9812214347116033,0.04631100973347202,0.05313157120235334,0.2266368865966797
MAIRA-2,teacher_training_151424.pth,blocks.8.norm1.bias,768,100.0,7.544287632084881,0.6741476235002418,8.93586851902596,0.997048380663453,1.0427697979921604,0.014073522592904434,0.024326206993838195,0.2378838062286377
MAIRA-2,teacher_training_151424.pth,blocks.8.attn.qkv.weight,1769472,100.0,23.296201398172936,20.03337277336615,85.99416029661093,0.703366763138504,1.1873340802166898,0.011932565206451263,0.0150602515149467,0.14435871690511703
MAIRA-2,teacher_training_151424.pth,blocks.8.attn.qkv.bias,2304,100.0,75.43302740503826,4.828877753346119,6.4015430898953865,0.9987545028673616,1.0388610159420326,0.04835296388542037,0.10060161986137749,0.906611442565918
MAIRA-2,teacher_training_151424.pth,blocks.8.attn.proj.weight,589824,100.0,11.895036837641047,10.880231963489218,91.468669765355,0.6927103352764848,1.2552930967109397,0.011264571333384337,0.014166968702459917,0.12270253151655197
MAIRA-2,teacher_training_151424.pth,blocks.8.attn.proj.bias,768,100.0,3.545688237378539,0.49415759806485293,13.936859785230363,0.9911621374918735,1.033893728437876,0.011195324248452229,0.01783137639155261,0.19881272315979004
MAIRA-2,teacher_training_151424.pth,blocks.8.ls1.gamma,768,100.0,28.73216459302265,1.3490764530593107,4.695352655006445,0.9992506212383376,0.972671725461973,0.041019760671285134,0.04868060333319866,0.17714416980743408
MAIRA-2,teacher_training_151424.pth,blocks.8.norm2.weight,768,100.0,43.93273356520891,0.9626819180203193,2.1912634154472097,0.999760711576947,1.0010428771009585,0.024660796130774543,0.03473779153206354,0.22896933555603027
MAIRA-2,teacher_training_151424.pth,blocks.8.norm2.bias,768,100.0,11.207875036601198,0.828295551278044,7.390299664950812,0.998797304911778,1.0540938618824287,0.02203723661234373,0.029888541218684263,0.21492409706115723
MAIRA-2,teacher_training_151424.pth,blocks.8.mlp.fc1.weight,2359296,100.0,24.894949964412707,26.403534802266403,106.05980265077943,0.6219587586723518,1.3372914584152624,0.01367157538657712,0.017189801303558856,0.13718028366565704
MAIRA-2,teacher_training_151424.pth,blocks.8.mlp.fc1.bias,3072,100.0,76.39343994878992,1.2198861566607133,1.5968467416553827,0.9999269203525768,1.0103594654601649,0.016723294621139456,0.022009425029023776,0.07997310161590576
MAIRA-2,teacher_training_151424.pth,blocks.8.mlp.fc2.weight,2359296,100.0,21.941542219390485,25.76956834582759,117.44647704414393,0.5716141886491877,1.4119178704649535,0.01329760961667039,0.01677706272514817,0.13671928271651268
MAIRA-2,teacher_training_151424.pth,blocks.8.mlp.fc2.bias,768,100.0,3.1230566678901703,0.2257008795860979,7.226922326022782,0.997426447850484,1.0065016614716746,0.005828380019308336,0.008144278974085558,0.05841901898384094
MAIRA-2,teacher_training_151424.pth,blocks.8.ls2.gamma,768,100.0,53.796140243629125,0.9422478151712685,1.7515156494575006,0.9998638496021252,0.9939903116384282,0.027028069443379838,0.03400043935827929,0.1105879545211792
MAIRA-2,teacher_training_151424.pth,blocks.9.norm1.weight,768,100.0,36.69028245647474,1.9895881295262878,5.422656889835921,0.9991524783435889,0.9638509804345143,0.06592078180983663,0.0717930776349054,0.19762834906578064
MAIRA-2,teacher_training_151424.pth,blocks.9.norm1.bias,768,100.0,8.01798577530266,0.7967587246778922,9.937143155480548,0.9966335051188655,1.0527853077147487,0.01649202221417549,0.028750554010747748,0.33326125144958496
MAIRA-2,teacher_training_151424.pth,blocks.9.attn.qkv.weight,1769472,100.0,23.519602638437856,21.922933566415917,93.2113263282241,0.6610533063959427,1.2140692279422187,0.013067152504627548,0.016480744265620458,0.09423858672380447
MAIRA-2,teacher_training_151424.pth,blocks.9.attn.qkv.bias,2304,100.0,109.5392200561242,6.692673407994071,6.109842122816805,0.998884336319999,1.0376520344979805,0.06459096214448026,0.13943069599987648,1.3464775085449219
MAIRA-2,teacher_training_151424.pth,blocks.9.attn.proj.weight,589824,100.0,11.822037333082987,11.705141675099503,99.01120547423446,0.6455069959620023,1.2755872787688805,0.012133284869266903,0.015241069889452476,0.0779285617172718
MAIRA-2,teacher_training_151424.pth,blocks.9.attn.proj.bias,768,100.0,2.367820479746633,0.529248380536499,22.351710573646653,0.9777213491187783,1.0545258612222375,0.01240428063008873,0.019097605935682577,0.22048433125019073
MAIRA-2,teacher_training_151424.pth,blocks.9.ls1.gamma,768,100.0,43.421071275828766,2.1303712856100154,4.906307520781807,0.9993733652660826,0.9653982486054656,0.06953557176431484,0.07687315220129946,0.16975337266921997
MAIRA-2,teacher_training_151424.pth,blocks.9.norm2.weight,768,100.0,44.656927668091804,1.3168605061381284,2.9488381196430793,0.9995893658166694,0.9926276936499216,0.03707721115400394,0.0475181104815022,0.19582557678222656
MAIRA-2,teacher_training_151424.pth,blocks.9.norm2.bias,768,100.0,11.621365170076746,0.8322114951160898,7.161047630263854,0.998758932104386,1.050212452631019,0.02232449234094247,0.030029845670498462,0.20752382278442383
MAIRA-2,teacher_training_151424.pth,blocks.9.mlp.fc1.weight,2359296,99.99995761447482,25.24172611493628,28.4681206124604,112.78198837445971,0.5788174064542168,1.3579241258348562,0.014744844807027473,0.018533932690403907,0.14562773704528809
MAIRA-2,teacher_training_151424.pth,blocks.9.mlp.fc1.bias,3072,100.0,82.5917247175775,1.5825360208305534,1.916095136942638,0.9999119643947825,1.0137350826108134,0.022703834882728795,0.028552424925899975,0.07868087291717529
MAIRA-2,teacher_training_151424.pth,blocks.9.mlp.fc2.weight,2359296,100.0,22.318092309057874,27.715513006570646,124.18405938451204,0.5197433331921241,1.4210208669847182,0.014273855523755898,0.018043953780319432,0.1551268082112074
MAIRA-2,teacher_training_151424.pth,blocks.9.mlp.fc2.bias,768,100.0,4.391256994895112,0.2982872438347264,6.792753058668367,0.997695357404606,1.000885278768773,0.007677813135577101,0.010763513782738175,0.080471932888031
MAIRA-2,teacher_training_151424.pth,blocks.9.ls2.gamma,768,100.0,80.3571099553509,1.5759042358125013,1.9611260742056633,0.9999141924911795,0.9853198821895275,0.05000916313535223,0.056865545922713694,0.16036081314086914
MAIRA-2,teacher_training_151424.pth,blocks.10.norm1.weight,768,100.0,34.129773202147184,2.6215226040753725,7.681043142444459,0.9983020833753443,0.9482332103386732,0.08779619418783113,0.09459604882185033,0.27088478207588196
MAIRA-2,teacher_training_151424.pth,blocks.10.norm1.bias,768,100.0,9.078499065579315,0.9823002094826517,10.820072815857799,0.9960427520228087,1.0577562953598811,0.020254645667885523,0.03544570564811467,0.4494905471801758
MAIRA-2,teacher_training_151424.pth,blocks.10.attn.qkv.weight,1769472,100.0,24.080379556229612,24.032754487630918,99.8022245933147,0.6204627718205004,1.2377329351951942,0.014305878422350508,0.01806681936562747,0.12507727276533842
MAIRA-2,teacher_training_151424.pth,blocks.10.attn.qkv.bias,2304,100.0,156.88572423704233,5.120101413621078,3.2635865618244497,0.999684768346686,1.0205350870257672,0.053816376740375996,0.10666877945043912,0.6869773864746094
MAIRA-2,teacher_training_151424.pth,blocks.10.attn.proj.weight,589824,100.0,11.70920861827362,12.46597070598235,106.4629652812549,0.5913260878015891,1.286382085374807,0.01289372259011151,0.016231732690081185,0.18541977182030678
MAIRA-2,teacher_training_151424.pth,blocks.10.attn.proj.bias,768,100.0,3.1551120484675184,0.6228138036479711,19.739831552114936,0.9828455498390501,1.0532122309389274,0.014792772280435665,0.022473857324448177,0.28719888627529144
MAIRA-2,teacher_training_151424.pth,blocks.10.ls1.gamma,768,100.0,65.84702018849475,3.1085934835116453,4.720932662727843,0.9996385643500275,0.9608316080614266,0.10473181824144717,0.1121717052816603,0.22345316410064697
MAIRA-2,teacher_training_151424.pth,blocks.10.norm2.weight,768,100.0,42.56185451335394,2.0394047031483407,4.791625568168016,0.9991277105822087,0.9756298465984782,0.06469909616862424,0.07359067839683021,0.24092161655426025
MAIRA-2,teacher_training_151424.pth,blocks.10.norm2.bias,768,100.0,13.0192024550528,0.8912892868383764,6.8459591892471385,0.9982359664846263,1.0323205745296027,0.02369872383645581,0.032161631855122885,0.17512035369873047
MAIRA-2,teacher_training_151424.pth,blocks.10.mlp.fc1.weight,2359296,100.0,25.948535482980954,29.82247399880322,114.92931467505399,0.5506304184266329,1.3406105415085028,0.015361258133440633,0.019415673176304177,0.16740131564438343
MAIRA-2,teacher_training_151424.pth,blocks.10.mlp.fc1.bias,3072,100.0,93.49133653735969,1.6094786544294382,1.7215270569870194,0.9999475655322357,1.0137858947174665,0.025150717843340924,0.029038529199681026,0.0744716227054596
MAIRA-2,teacher_training_151424.pth,blocks.10.mlp.fc2.weight,2359296,100.0,24.329749492718253,29.517471551190848,121.32254612825031,0.5010466915500926,1.3513194754362028,0.015075604157275916,0.01921710387447321,0.23126546386629343
MAIRA-2,teacher_training_151424.pth,blocks.10.mlp.fc2.bias,768,100.0,3.906480980426236,0.36635907733846246,9.378237835385264,0.9955935680948382,0.9968925375002352,0.00925016510074291,0.013219844495089015,0.12448957562446594
MAIRA-2,teacher_training_151424.pth,blocks.10.ls2.gamma,768,100.0,150.25902546472176,2.7247021289685005,1.813336750016533,0.9999510035810916,0.9847579597870225,0.08932900331759204,0.09831921922634439,0.20381975173950195
MAIRA-2,teacher_training_151424.pth,blocks.11.norm1.weight,768,100.0,31.29611335232225,3.541538911048211,11.316225983650524,0.9961591351162307,0.9244742725103648,0.1194171997194644,0.1277942777274512,0.3110535144805908
MAIRA-2,teacher_training_151424.pth,blocks.11.norm1.bias,768,100.0,8.742458864383137,1.0151705405834883,11.611956731295622,0.9939943655691126,1.0328344569192986,0.023565495684209736,0.03663181155495343,0.40014123916625977
MAIRA-2,teacher_training_151424.pth,blocks.11.attn.qkv.weight,1769472,100.0,25.11758344592603,26.598616460541756,105.8963993005304,0.5736887277448932,1.2448991975852346,0.015742687003469518,0.019995727048913274,0.1808119765482843
MAIRA-2,teacher_training_151424.pth,blocks.11.attn.qkv.bias,2304,100.0,66.93491683074095,4.822787474100746,7.205189312920461,0.9976458850526922,1.0197544188365448,0.04376421758207375,0.10047473904376554,1.007720947265625
MAIRA-2,teacher_training_151424.pth,blocks.11.attn.proj.weight,589824,100.0,10.654196020644385,12.021440877028576,112.8329237957976,0.540262193123095,1.2919337347880717,0.012364361150797976,0.01565291780863096,0.13265781663358212
MAIRA-2,teacher_training_151424.pth,blocks.11.attn.proj.bias,768,100.0,7.5182427636457465,0.620773571476956,8.256897136637956,0.9968684063225066,0.9731143633723952,0.016936960140427004,0.022400236787376623,0.10733377933502197
MAIRA-2,teacher_training_151424.pth,blocks.11.ls1.gamma,768,100.0,130.8420372379575,5.93666238658609,4.537274496719509,0.9999166480919772,0.9564196468464506,0.20403256631167702,0.21422085168646282,0.35025644302368164
MAIRA-2,teacher_training_151424.pth,blocks.11.norm2.weight,768,100.0,40.745951979026785,2.551939014882564,6.263049188778622,0.9985652324416153,0.9660828994699373,0.08266226328366126,0.09208516732487229,0.21714234352111816
MAIRA-2,teacher_training_151424.pth,blocks.11.norm2.bias,768,100.0,11.57375638529964,1.7191948317940426,14.854251070790387,0.9905600568878588,1.0477798418322761,0.04743682497760915,0.06203609993285649,0.2834627628326416
MAIRA-2,teacher_training_151424.pth,blocks.11.mlp.fc1.weight,2359296,100.0,27.05897933116066,32.97922611233723,121.87904690979569,0.5087797876261767,1.3715121214707797,0.016957894242857537,0.021470850333552883,0.1814172585727647
MAIRA-2,teacher_training_151424.pth,blocks.11.mlp.fc1.bias,3072,100.0,96.13233367655309,1.7908667080185317,1.8629181665807502,0.9999572567963886,1.016130130050572,0.029553808077859383,0.032311167998663695,0.07589668035507202
MAIRA-2,teacher_training_151424.pth,blocks.11.mlp.fc2.weight,2359296,100.0,25.400399252068425,32.607284310249526,128.37311723591992,0.4614599049165103,1.389312784813037,0.016501108340751205,0.021228700722818704,0.3956071278080344
MAIRA-2,teacher_training_151424.pth,blocks.11.mlp.fc2.bias,768,100.0,4.06595349645604,0.583630027806739,14.354075331049449,0.9901760323197638,0.9577334238941996,0.014243360638545255,0.0210599346038356,0.16089284420013428
MAIRA-2,teacher_training_151424.pth,blocks.11.ls2.gamma,768,100.0,210.12784134618005,3.2361689419413104,1.540095268294223,0.999955126801817,0.9878124351405756,0.10332716511769983,0.11677518811080763,0.4092426300048828
MAIRA-2,teacher_training_151424.pth,norm.weight,768,100.0,65.0263206713563,3.2854709040836356,5.052524685639896,0.9988320587407914,0.9840576843625666,0.10056362442765021,0.11855421943046064,0.344923734664917
MAIRA-2,teacher_training_151424.pth,norm.bias,768,100.0,11.343824531418848,2.923085623274908,25.768078615628042,0.9703115563671363,1.0592154593958163,0.09433545103805348,0.10547776696638082,0.35274912789463997
MAIRA-2,teacher_training_227137.pth,cls_token,768,100.0,0.5704225177368745,0.06085055522201304,10.667628526208059,0.9944767388121518,1.0135506444365787,0.0013005287563604047,0.0021957552773604638,0.015404030680656433
MAIRA-2,teacher_training_227137.pth,pos_embed,1052160,100.0,15.548748812361511,5.678079297884458,36.517917720622584,0.9373603776585029,1.046906299851469,0.004328972713122268,0.005535547220484023,0.050890326499938965
MAIRA-2,teacher_training_227137.pth,mask_token,768,100.0,1.2527692709950333,0.12344989564304235,9.854160578586841,0.9957901579724707,1.0319631698141127,0.002960177759841661,0.004454614405058856,0.03722238540649414
MAIRA-2,teacher_training_227137.pth,patch_embed.proj.weight,451584,100.0,5.88771006853937,0.23664377141048396,4.019283705476191,0.9997307680536753,0.9669119816089863,0.00026790413362018486,0.00035214846936083925,0.0032198632252402604
MAIRA-2,teacher_training_227137.pth,patch_embed.proj.bias,768,100.0,1.8680606851652102,0.0313022475147154,1.675654745228314,0.999910264908535,0.9898444936028841,0.0004491669430125578,0.0011295225643038267,0.021443605422973633
MAIRA-2,teacher_training_227137.pth,blocks.0.norm1.weight,768,100.0,29.344184045603125,0.5653679549564584,1.926678056809598,0.9998144778437367,1.0002605040796126,0.014341776902457562,0.020400958811581216,0.11470985412597656
MAIRA-2,teacher_training_227137.pth,blocks.0.norm1.bias,768,100.0,7.078382850477348,0.2367930951531327,3.3452993452757926,0.9994689215527439,1.0070338353496908,0.00628220821665056,0.008544534826806614,0.03499449044466019
MAIRA-2,teacher_training_227137.pth,blocks.0.attn.qkv.weight,1769472,100.0,25.60432856869439,9.694888270576076,37.864255040179856,0.9259327265115717,0.8990702061545536,0.0055598751960577,0.007288211396849536,0.06378605216741562
MAIRA-2,teacher_training_227137.pth,blocks.0.attn.qkv.bias,2304,100.0,50.122225118711896,1.2191002664342678,2.4322548800395274,0.9997268888409702,0.9929860690248896,0.011336847156346468,0.025397922217380582,0.2824878692626953
MAIRA-2,teacher_training_227137.pth,blocks.0.attn.proj.weight,589824,100.0,12.574870758739067,5.176737173462204,41.167319114310295,0.9122439863811569,0.953035002481884,0.005255443106163208,0.006740543194612245,0.04287436231970787
MAIRA-2,teacher_training_227137.pth,blocks.0.attn.proj.bias,768,100.0,3.505024474928739,0.0985396599711262,2.811382935439548,0.9997313661315055,0.9838193634877724,0.0022251558714625475,0.003555743700636494,0.04704868793487549
MAIRA-2,teacher_training_227137.pth,blocks.0.ls1.gamma,768,100.0,4.8087614933767435,0.3320355504133435,6.904803884964275,0.9979040057382891,0.9738200621761317,0.00972520665407591,0.011981300900729339,0.038987964391708374
MAIRA-2,teacher_training_227137.pth,blocks.0.norm2.weight,768,100.0,50.67101214993445,0.6803238252845212,1.3426292399122746,0.9999123557099402,0.9976797722314384,0.019892827401690738,0.02454907147900839,0.10255759954452515
MAIRA-2,teacher_training_227137.pth,blocks.0.norm2.bias,768,100.0,9.567941480818112,0.36074731267588894,3.770375408327048,0.9993288115659024,1.0082533114224947,0.009393880057312268,0.01301734738017866,0.09254342317581177
MAIRA-2,teacher_training_227137.pth,blocks.0.mlp.fc1.weight,2359296,100.0,26.74542550446863,11.202916114469982,41.88722334067258,0.9095889231213644,0.9625602076463026,0.005727408551259121,0.007293565178691394,0.050386279821395874
MAIRA-2,teacher_training_227137.pth,blocks.0.mlp.fc1.bias,3072,99.96744791666667,64.56282258278841,0.5378729534173438,0.8331001215562305,0.9999823805027532,1.0058276261953512,0.008111525242611606,0.009704409201416327,0.0365595817565918
MAIRA-2,teacher_training_227137.pth,blocks.0.mlp.fc2.weight,2359296,100.0,23.868427070060264,10.790910465623451,45.20997732254925,0.8966460966930844,0.9881252072347028,0.005530163017551815,0.007025332334390268,0.05283501744270325
MAIRA-2,teacher_training_227137.pth,blocks.0.mlp.fc2.bias,768,100.0,5.388074395289565,0.0977298383843897,1.8138175387821,0.9998529623435605,0.993941979887766,0.002535408853930221,0.003526521781192876,0.02331988513469696
MAIRA-2,teacher_training_227137.pth,blocks.0.ls2.gamma,768,100.0,3.3596921612634087,0.3660368063413033,10.894950750596614,0.9944571393366842,1.023005294504642,0.010770240234622955,0.013208215542153899,0.03761278837919235
MAIRA-2,teacher_training_227137.pth,blocks.1.norm1.weight,768,100.0,37.39611933175527,0.8757540637575113,2.3418313969649156,0.999851765164957,1.0157253196711615,0.019003974443743726,0.031601052778394235,0.22506213188171387
MAIRA-2,teacher_training_227137.pth,blocks.1.norm1.bias,768,100.0,8.644570875313905,0.4161268817355844,4.813736711025275,0.9988830644738815,1.0080799446535773,0.011327320913968228,0.01501568544919245,0.07801163196563721
MAIRA-2,teacher_training_227137.pth,blocks.1.attn.qkv.weight,1769472,100.0,25.363762194891635,10.623472561032541,41.8844510502947,0.9092558537413238,0.9559134527078047,0.006249435577109717,0.007986282217240548,0.05285639257635921
MAIRA-2,teacher_training_227137.pth,blocks.1.attn.qkv.bias,2304,100.0,65.39113966701376,1.150325936654469,1.759146487600896,0.9998524831976037,1.0036535084406384,0.011668866638739672,0.023965123680301435,0.19002223014831543
MAIRA-2,teacher_training_227137.pth,blocks.1.attn.proj.weight,589824,100.0,12.118684806513247,5.348154114360933,44.13147300841211,0.9020228583270837,0.9936957983572933,0.005478370309564757,0.0069637423364074654,0.04467260465025902
MAIRA-2,teacher_training_227137.pth,blocks.1.attn.proj.bias,768,100.0,3.2148185220089602,0.15026377262148782,4.674098136263911,0.9991421300711038,0.9774692109837897,0.004123272125769499,0.005422176848279045,0.0287943035364151
MAIRA-2,teacher_training_227137.pth,blocks.1.ls1.gamma,768,100.0,3.3414047178368786,0.3943783559328307,11.802771266455235,0.995525100907382,1.066241205816229,0.012235500220536247,0.014230903122523867,0.04037940502166748
MAIRA-2,teacher_training_227137.pth,blocks.1.norm2.weight,768,100.0,45.50014659940273,0.934872463707545,2.054658135364814,0.9998249188936358,1.0083119941252747,0.022986310146128137,0.033734304286219985,0.17771673202514648
MAIRA-2,teacher_training_227137.pth,blocks.1.norm2.bias,768,100.0,9.106836679131,0.45530530342625364,4.999598866965737,0.9989122571100636,1.016948229159785,0.012469252080336446,0.016429414968538236,0.07349252700805664
MAIRA-2,teacher_training_227137.pth,blocks.1.mlp.fc1.weight,2359296,100.0,26.61282578652742,12.905608723393474,48.49394358537777,0.883031642636088,1.0051428146997776,0.006606614346915959,0.00840208901262596,0.0973556637763977
MAIRA-2,teacher_training_227137.pth,blocks.1.mlp.fc1.bias,3072,100.0,59.39183566015294,0.5764253635518104,0.9705464684576918,0.9999712999636674,1.006037336212413,0.007930553908787866,0.010399979337948926,0.0948789119720459
MAIRA-2,teacher_training_227137.pth,blocks.1.mlp.fc2.weight,2359296,100.0,23.11345496476324,11.974285207030777,51.80655693960824,0.8692288607199627,1.0239891479457608,0.006143918559852171,0.007795758598327328,0.053488243371248245
MAIRA-2,teacher_training_227137.pth,blocks.1.mlp.fc2.bias,768,100.0,7.194120012803698,0.09538565795931842,1.3258836075789153,0.9999467274419425,0.9916248012265186,0.00262398027537832,0.0034419334562276285,0.01959245093166828
MAIRA-2,teacher_training_227137.pth,blocks.1.ls2.gamma,768,100.0,4.312398665932723,0.4054148388105328,9.40114470429756,0.9967046817309174,1.0442270423566642,0.011048146158221547,0.014629147895045616,0.05712452530860901
MAIRA-2,teacher_training_227137.pth,blocks.2.norm1.weight,768,100.0,36.66917802317875,0.7239497575977565,1.9742732087971664,0.9998133023023087,1.0038648366961618,0.018779606267344207,0.026123286714301815,0.1230463981628418
MAIRA-2,teacher_training_227137.pth,blocks.2.norm1.bias,768,100.0,7.661780624070485,0.43006320172106377,5.613097304952376,0.998428609095349,0.9952078024324671,0.011103774578714365,0.015518569080138031,0.15317773818969727
MAIRA-2,teacher_training_227137.pth,blocks.2.attn.qkv.weight,1769472,99.99994348596644,24.062896235496684,12.03403524031148,50.01075150114026,0.8710214260046567,0.9647542971335525,0.007110169346532473,0.009046684225821975,0.05223146639764309
MAIRA-2,teacher_training_227137.pth,blocks.2.attn.qkv.bias,2304,100.0,30.676625934170012,1.1086143919721352,3.613873293468283,0.9993923975141715,1.0089408124217947,0.013115889028338835,0.02309613316608615,0.18086671829223633
MAIRA-2,teacher_training_227137.pth,blocks.2.attn.proj.weight,589824,100.0,11.858650418793212,6.2096588018972385,52.36395865128438,0.8657320662432005,1.0196490149040394,0.006392680530663096,0.00808549323163703,0.045462414622306824
MAIRA-2,teacher_training_227137.pth,blocks.2.attn.proj.bias,768,100.0,2.582232869227995,0.19293242636404442,7.4715347582778255,0.9976145920031573,0.9690268788724887,0.0051380428025898555,0.0069618492685430446,0.057184889912605286
MAIRA-2,teacher_training_227137.pth,blocks.2.ls1.gamma,768,100.0,3.7800883424629625,0.32280595473666723,8.539640492273232,0.996965706181592,1.0320821592468858,0.009538644640997518,0.01164825655395181,0.03813856840133667
MAIRA-2,teacher_training_227137.pth,blocks.2.norm2.weight,768,100.0,53.15180770861922,1.1655165393969324,2.192806961122283,0.9997695047230075,1.004230761380303,0.029627148713435265,0.04205695548536125,0.2243635654449463
MAIRA-2,teacher_training_227137.pth,blocks.2.norm2.bias,768,100.0,7.524854827582414,0.4501285516850287,5.981890175941721,0.9984411593853526,1.0199597504746751,0.012234465316907972,0.01624261503033048,0.09200906753540039
MAIRA-2,teacher_training_227137.pth,blocks.2.mlp.fc1.weight,2359296,100.0,24.741275023193037,14.34458063400889,57.978340326284524,0.8436182962231671,1.0623432934720562,0.00735615961778142,0.009338919683599537,0.10632258653640747
MAIRA-2,teacher_training_227137.pth,blocks.2.mlp.fc1.bias,3072,100.0,47.74322743600249,0.6157494056048808,1.2897104755439153,0.9999506852624991,1.0081791886509706,0.00915102859930054,0.011109471408729062,0.09201955795288086
MAIRA-2,teacher_training_227137.pth,blocks.2.mlp.fc2.weight,2359296,100.0,22.25417087608676,13.433690704160018,60.364822302120466,0.8306911996791211,1.0640129654469017,0.006902666116228632,0.008745892385520844,0.06416837126016617
MAIRA-2,teacher_training_227137.pth,blocks.2.mlp.fc2.bias,768,100.0,5.532747400489261,0.1190713752244731,2.1521202145238663,0.9997966582264207,0.9922786835992634,0.0032292354693964262,0.00429661815866428,0.0195920467376709
MAIRA-2,teacher_training_227137.pth,blocks.2.ls2.gamma,768,100.0,4.694733913685392,0.38005473052457767,8.095341237906977,0.9972174837785632,1.0287795643415518,0.010596785271095163,0.013714043810947225,0.05614560842514038
MAIRA-2,teacher_training_227137.pth,blocks.3.norm1.weight,768,100.0,41.51740963139202,0.739228876806897,1.7805274543138967,0.9999017075938947,1.010876799882475,0.01743192474047343,0.026674624438575417,0.15566682815551758
MAIRA-2,teacher_training_227137.pth,blocks.3.norm1.bias,768,100.0,8.952294141495537,0.47364707191423866,5.290789873835769,0.9986000635974795,0.9974456088350693,0.011235521126604198,0.01709126652941023,0.18918609619140625
MAIRA-2,teacher_training_227137.pth,blocks.3.attn.qkv.weight,1769472,100.0,23.055271430690798,13.083990290253999,56.75053676807641,0.8422911057985148,1.0198203970542514,0.007720545174968053,0.009835996505407025,0.08211755892261863
MAIRA-2,teacher_training_227137.pth,blocks.3.attn.qkv.bias,2304,100.0,367.11513946802285,1.6049075223848253,0.43716734883515174,0.9999908857047317,1.0009305780068096,0.017315433362502592,0.03343557338301719,0.31649351119995117
MAIRA-2,teacher_training_227137.pth,blocks.3.attn.proj.weight,589824,100.0,11.714172386278523,6.767855157352605,57.774932228931334,0.8476831334259821,1.0765083376772886,0.006944840300826637,0.00881231140280287,0.05423607677221298
MAIRA-2,teacher_training_227137.pth,blocks.3.attn.proj.bias,768,100.0,2.992043052273569,0.22117780748731847,7.392200032658344,0.997469594193728,0.9772198170768338,0.005494976397426872,0.007981066668223409,0.07075312733650208
MAIRA-2,teacher_training_227137.pth,blocks.3.ls1.gamma,768,100.0,5.316120932688724,0.4747446060580035,8.930282287951881,0.9975126060490974,1.052343194237738,0.013633686043490911,0.017130870381494447,0.12123644351959229
MAIRA-2,teacher_training_227137.pth,blocks.3.norm2.weight,768,100.0,40.813313204733475,1.3314246807884453,3.2622313069991784,0.9998256909806482,1.026576908802778,0.04104033694602549,0.04804364986618252,0.1795656681060791
MAIRA-2,teacher_training_227137.pth,blocks.3.norm2.bias,768,100.0,7.982706720476158,0.6060182121129997,7.591638191573841,0.9978095177353103,1.0350537216649,0.016120035233522383,0.021867798618578505,0.14220428466796875
MAIRA-2,teacher_training_227137.pth,blocks.3.mlp.fc1.weight,2359296,100.0,24.647826525957328,16.7112015508536,67.79989924569841,0.7987733677249985,1.1113777930926205,0.008581047877171072,0.010879688509670311,0.07380723021924496
MAIRA-2,teacher_training_227137.pth,blocks.3.mlp.fc1.bias,3072,100.0,53.17876372635944,0.6856234069364466,1.2892804550035064,0.9999534416850113,1.008503877163059,0.009974084615502457,0.012370151829920805,0.09675759077072144
MAIRA-2,teacher_training_227137.pth,blocks.3.mlp.fc2.weight,2359296,100.0,21.928553398498728,15.51113048614222,70.73485516470113,0.7821325426002007,1.1169060297693305,0.007967148927550727,0.010098392243582175,0.07762117683887482
MAIRA-2,teacher_training_227137.pth,blocks.3.mlp.fc2.bias,768,100.0,3.7433469416406293,0.12031594215663415,3.2141274648697724,0.9994899757696564,0.995846735443871,0.0031969384286518,0.0043415275994960105,0.027925968170166016
MAIRA-2,teacher_training_227137.pth,blocks.3.ls2.gamma,768,100.0,8.020905703906667,0.4828596715800284,6.020014315152046,0.9983634408268978,1.0171681534060872,0.013425979111749106,0.01742369758547148,0.07298491895198822
MAIRA-2,teacher_training_227137.pth,blocks.4.norm1.weight,768,100.0,40.62286118819228,0.6294832110613865,1.54957871663741,0.9999039693212656,1.0068370266792013,0.016530380002222955,0.022714518834790094,0.11157703399658203
MAIRA-2,teacher_training_227137.pth,blocks.4.norm1.bias,768,100.0,8.088631684773569,0.5821390676622902,7.1970030327643295,0.9974075197551648,0.9986099046817464,0.012743331282867606,0.021006134213788812,0.21775436401367188
MAIRA-2,teacher_training_227137.pth,blocks.4.attn.qkv.weight,1769472,100.0,22.586511888604196,14.39823911307866,63.74706809130253,0.8060605636907725,1.0429202296560907,0.008513645889944969,0.010823993786188231,0.0830673910677433
MAIRA-2,teacher_training_227137.pth,blocks.4.attn.qkv.bias,2304,100.0,38.21747519951769,1.8542669993893164,4.851882521566253,0.9990126936889842,1.018517527757183,0.019674579464536792,0.03863056248727743,0.3975961208343506
MAIRA-2,teacher_training_227137.pth,blocks.4.attn.proj.weight,589824,100.0,11.614896333623411,7.475394865894795,64.36040969435628,0.8203068464790233,1.1154840068131164,0.007700186196553726,0.00973358706496718,0.056371621787548065
MAIRA-2,teacher_training_227137.pth,blocks.4.attn.proj.bias,768,100.0,2.5619222331334126,0.27645547778202323,10.790939483120008,0.9945580438245392,0.966448614286929,0.0063982933701633255,0.009975727782274858,0.13688954710960388
MAIRA-2,teacher_training_227137.pth,blocks.4.ls1.gamma,768,100.0,7.436373313165197,0.47527121616274176,6.391169406750086,0.9983518081380165,1.026477196153555,0.013369839444900814,0.017149872786852486,0.112498939037323
MAIRA-2,teacher_training_227137.pth,blocks.4.norm2.weight,768,100.0,39.03496524896855,1.449653669331528,3.7137311640615165,0.9998568511262784,1.0329159294565797,0.04687183629721403,0.052309871013767904,0.19128799438476562
MAIRA-2,teacher_training_227137.pth,blocks.4.norm2.bias,768,100.0,8.492062019313725,0.707565431858582,8.332080362217646,0.9975138160845171,1.041967945203655,0.018830666403800933,0.025532068284551634,0.19557738304138184
MAIRA-2,teacher_training_227137.pth,blocks.4.mlp.fc1.weight,2359296,100.0,24.425774884653627,18.891185800799352,77.34119343197754,0.7519734632233643,1.1564856503579395,0.00971730912245254,0.012298949089062079,0.0757797472178936
MAIRA-2,teacher_training_227137.pth,blocks.4.mlp.fc1.bias,3072,100.0,53.58475926610058,0.7460061527720769,1.392198384371625,0.9999483420574794,1.0094619332640762,0.010899690999584285,0.013459589160002365,0.10601943731307983
MAIRA-2,teacher_training_227137.pth,blocks.4.mlp.fc2.weight,2359296,100.0,21.39852170479337,17.637573871880523,82.42426329819608,0.7259907835544254,1.1803458603732098,0.00907736634517549,0.01148279548950555,0.09302522242069244
MAIRA-2,teacher_training_227137.pth,blocks.4.mlp.fc2.bias,768,100.0,3.4656359357145674,0.13976297466780596,4.032823333446556,0.9992061239888717,0.9929415712719195,0.003591231402348664,0.005043261940450038,0.038083016872406006
MAIRA-2,teacher_training_227137.pth,blocks.4.ls2.gamma,768,100.0,11.549163285003175,0.5684203021768067,4.921744442862906,0.99886195152903,1.0110091754286428,0.016195504256756976,0.020511100904664237,0.08941060304641724
MAIRA-2,teacher_training_227137.pth,blocks.5.norm1.weight,768,100.0,39.04625681466513,0.7358293877040984,1.8845068586132256,0.9998503902531819,1.0073296615717189,0.018768973532132804,0.02655195594178742,0.18934917449951172
MAIRA-2,teacher_training_227137.pth,blocks.5.norm1.bias,768,100.0,8.287697453544482,0.5987124979213726,7.224111416679616,0.9974018052430553,1.0027999232638365,0.012775089304890722,0.02160417636513111,0.21449875831604004
MAIRA-2,teacher_training_227137.pth,blocks.5.attn.qkv.weight,1769472,100.0,22.882459469084672,15.827401290873393,69.16826974939906,0.7780104870381654,1.0673636828973558,0.009376654771665308,0.01189837811960675,0.07038682140409946
MAIRA-2,teacher_training_227137.pth,blocks.5.attn.qkv.bias,2304,100.0,37.10443136350437,2.0916672935732583,5.637243899742407,0.99864983984079,1.0205440055603026,0.02239001907995133,0.04357640194944288,0.4872441291809082
MAIRA-2,teacher_training_227137.pth,blocks.5.attn.proj.weight,589824,100.0,11.470905878018895,8.388639375146278,73.12970278329102,0.782876920357628,1.1671835887175357,0.008657733065972808,0.010922707519721716,0.07791188359260559
MAIRA-2,teacher_training_227137.pth,blocks.5.attn.proj.bias,768,100.0,2.421533686460424,0.31765167726229215,13.117788905369562,0.991359209368038,0.9905103422375587,0.008311616271265088,0.01146226758599503,0.09362894296646118
MAIRA-2,teacher_training_227137.pth,blocks.5.ls1.gamma,768,100.0,11.282986619575448,0.5952570596520422,5.275704737780148,0.9986825215008285,1.0109334316415615,0.016512909919886926,0.02147948897669573,0.19557571411132812
MAIRA-2,teacher_training_227137.pth,blocks.5.norm2.weight,768,100.0,38.64358921466298,1.3918883677539127,3.601860996974299,0.9998730814789406,1.032176631289214,0.04484488654998131,0.050225445237789386,0.16361570358276367
MAIRA-2,teacher_training_227137.pth,blocks.5.norm2.bias,768,100.0,9.24777175517459,0.7693989558309617,8.319830724633148,0.997874768561843,1.0496049537635885,0.020433974412298994,0.02776329339145142,0.19845008850097656
MAIRA-2,teacher_training_227137.pth,blocks.5.mlp.fc1.weight,2359296,99.99995761447482,24.419049935165216,21.203428212743457,86.83150355579137,0.7017716412754066,1.198213417795392,0.010920958564816296,0.013804315242671521,0.08125314861536026
MAIRA-2,teacher_training_227137.pth,blocks.5.mlp.fc1.bias,3072,100.0,61.242667859043806,0.8655811670272021,1.4133629335342228,0.9999467504540572,1.0096040389874623,0.012312453488751393,0.01561698499339455,0.09858191013336182
MAIRA-2,teacher_training_227137.pth,blocks.5.mlp.fc2.weight,2359296,100.0,21.373567629491507,19.995207479628274,93.55109931221143,0.6696508889722521,1.2385209368334944,0.010289887333409433,0.013017713202882992,0.10148278344422579
MAIRA-2,teacher_training_227137.pth,blocks.5.mlp.fc2.bias,768,100.0,3.843171895341575,0.15698463425668974,4.084767440326455,0.9992168075155873,0.9890797011337419,0.0040642864210648595,0.005664695052920923,0.04039406776428223
MAIRA-2,teacher_training_227137.pth,blocks.5.ls2.gamma,768,100.0,17.73987183785041,0.6822177935244298,3.845674871612241,0.9992795372869053,1.0054855957902256,0.01981873426605792,0.02461741417108013,0.0919133722782135
MAIRA-2,teacher_training_227137.pth,blocks.6.norm1.weight,768,100.0,40.62814079879666,0.8066447978659054,1.9854336969556747,0.9998031017902654,1.000464196289009,0.02217085426673293,0.029107286949268233,0.12238121032714844
MAIRA-2,teacher_training_227137.pth,blocks.6.norm1.bias,768,100.0,7.15714771714093,0.6591012675572806,9.208993493019202,0.9965293458478278,1.0359158061019131,0.014265962885507596,0.02378326839046372,0.24540174007415771
MAIRA-2,teacher_training_227137.pth,blocks.6.attn.qkv.weight,1769472,100.0,22.94874736612793,17.756536183654383,77.37475122438627,0.7305948683210327,1.094537273545532,0.010543315335111948,0.01334862102279712,0.07564565166831017
MAIRA-2,teacher_training_227137.pth,blocks.6.attn.qkv.bias,2304,100.0,38.09851056338018,2.8667510559079745,7.524575143531885,0.9976142175831374,1.0275483157502974,0.030475382189708553,0.059723980331416134,0.6311719417572021
MAIRA-2,teacher_training_227137.pth,blocks.6.attn.proj.weight,589824,100.0,11.625891050982885,9.61952901104687,82.74229449478291,0.7267797938009748,1.188123048334435,0.009948218748227773,0.012525428399800611,0.06290011783130467
MAIRA-2,teacher_training_227137.pth,blocks.6.attn.proj.bias,768,100.0,2.152346688707943,0.4011501649667453,18.637804358904482,0.9831154588160697,1.0185100981730513,0.01015378268049479,0.014475259733063324,0.11408482864499092
MAIRA-2,teacher_training_227137.pth,blocks.6.ls1.gamma,768,100.0,14.806291455413577,0.6544674374945965,4.4201982614309925,0.9990353606966218,0.9939888580200257,0.018748493031694125,0.023616059450834368,0.08121208846569061
MAIRA-2,teacher_training_227137.pth,blocks.6.norm2.weight,768,100.0,42.27279400708278,1.0423220116727816,2.4657040920884983,0.9998664551323589,1.0183298720946576,0.03122340191233282,0.03761155587634705,0.17903709411621094
MAIRA-2,teacher_training_227137.pth,blocks.6.norm2.bias,768,100.0,9.863086318262285,0.9207042949342266,9.334849815006379,0.9976575247004276,1.061175071081379,0.02453371285025696,0.03322305453277002,0.261608362197876
MAIRA-2,teacher_training_227137.pth,blocks.6.mlp.fc1.weight,2359296,100.0,24.540241143978985,23.58222610058666,96.09614657911632,0.6486857713461589,1.2354056096697514,0.012155873529512584,0.015353011784236106,0.0819837786257267
MAIRA-2,teacher_training_227137.pth,blocks.6.mlp.fc1.bias,3072,100.0,67.73737554449797,0.9830823519871157,1.4513144982142248,0.9999451079258285,1.0099875300474666,0.013861296085451613,0.017736964392354115,0.09118497371673584
MAIRA-2,teacher_training_227137.pth,blocks.6.mlp.fc2.weight,2359296,100.0,21.732167372777788,22.507544282366332,103.56787657801587,0.6138775421254916,1.2843073614309484,0.011591566373813464,0.014653349142165581,0.0929722354048863
MAIRA-2,teacher_training_227137.pth,blocks.6.mlp.fc2.bias,768,100.0,3.7354586692222504,0.1793432460406641,4.801103744456759,0.9988919146262819,0.989398926568619,0.004825611517593605,0.0064714919611824195,0.037681564688682556
MAIRA-2,teacher_training_227137.pth,blocks.6.ls2.gamma,768,100.0,26.930432057068415,0.8068003920518518,2.9958687270302873,0.9995517633061096,0.9984335185599613,0.022761910581418004,0.029112901470839517,0.1285092830657959
MAIRA-2,teacher_training_227137.pth,blocks.7.norm1.weight,768,100.0,41.22184794453806,1.2336505015031238,2.992710329636214,0.9995758941014062,0.9926766491907799,0.03580804885132238,0.04451552807054659,0.1784709095954895
MAIRA-2,teacher_training_227137.pth,blocks.7.norm1.bias,768,100.0,6.846943430349174,0.7531136678661937,10.999268148295291,0.9953032098387367,1.047522645828628,0.015099073011905753,0.027175648679558333,0.2879446744918823
MAIRA-2,teacher_training_227137.pth,blocks.7.attn.qkv.weight,1769472,100.0,23.08930532152757,19.520163076333443,84.54201113679069,0.6873164007443718,1.1199120542564276,0.011596985324589101,0.014674441935867847,0.08585479855537415
MAIRA-2,teacher_training_227137.pth,blocks.7.attn.qkv.bias,2304,100.0,56.30641121690412,5.016638298712564,8.909533018162746,0.9972576317742122,1.046863699871611,0.04756529648452496,0.10451329788984509,0.9495296478271484
MAIRA-2,teacher_training_227137.pth,blocks.7.attn.proj.weight,589824,100.0,11.739448077128506,10.543754339934504,89.81473635439878,0.6870733766669962,1.2150302987407617,0.01092308023884269,0.013728846796789719,0.12864840030670166
MAIRA-2,teacher_training_227137.pth,blocks.7.attn.proj.bias,768,100.0,2.337582523528523,0.4966668841667403,21.24703103174445,0.9799211629522693,1.0533317777713753,0.011646528773769186,0.017921922454452514,0.1720118522644043
MAIRA-2,teacher_training_227137.pth,blocks.7.ls1.gamma,768,100.0,21.283692537503264,0.9962883381286133,4.680993847158278,0.9990270034374972,0.9833386658258108,0.02825691340293209,0.035950458763064984,0.1144459992647171
MAIRA-2,teacher_training_227137.pth,blocks.7.norm2.weight,768,100.0,42.29012444657354,1.0395825078884686,2.458215769030915,0.9997646940347936,1.0113286862172413,0.025746750907273963,0.0375127025483896,0.31009435653686523
MAIRA-2,teacher_training_227137.pth,blocks.7.norm2.bias,768,100.0,9.751416900679263,0.980606998684087,10.056046302520201,0.9976689680977535,1.0715321973060623,0.0261415720500698,0.03538460716621804,0.24607062339782715
MAIRA-2,teacher_training_227137.pth,blocks.7.mlp.fc1.weight,2359296,100.0,24.599722351202633,25.961270491296386,105.53481100581281,0.5940994398704464,1.2772639719252368,0.013413974376114727,0.016901868809437753,0.13220742344856262
MAIRA-2,teacher_training_227137.pth,blocks.7.mlp.fc1.bias,3072,100.0,69.6670888745188,1.0849350882674174,1.5573136552634679,0.9999369731682498,1.0107292338659886,0.015385229952168325,0.019574611414514494,0.08519542217254639
MAIRA-2,teacher_training_227137.pth,blocks.7.mlp.fc2.weight,2359296,100.0,21.65562556014218,25.210827822703944,116.41699175435143,0.5472067353829103,1.356358642110995,0.013007841763873538,0.016413299363739545,0.11844116076827049
MAIRA-2,teacher_training_227137.pth,blocks.7.mlp.fc2.bias,768,100.0,4.0503740620658855,0.22874065534725838,5.647395816834498,0.9984042077471411,0.9989238214459035,0.005947887497040227,0.008253967433709439,0.04695737361907959
MAIRA-2,teacher_training_227137.pth,blocks.7.ls2.gamma,768,100.0,35.569653666358654,0.94516062351622,2.657210644730402,0.9996497978397185,0.9972424835609076,0.026163194658389937,0.034105546275907755,0.13968753814697266
MAIRA-2,teacher_training_227137.pth,blocks.8.norm1.weight,768,100.0,38.2232976636882,1.8973096957480586,4.963751982996712,0.9990139784027716,0.976814599605056,0.05948156065035922,0.06846326647351429,0.3268909454345703
MAIRA-2,teacher_training_227137.pth,blocks.8.norm1.bias,768,100.0,7.544287632084881,0.8396578510012915,11.12971683940489,0.9956456888379145,1.0564519170884668,0.017131882366923534,0.030298542893923648,0.28857147693634033
MAIRA-2,teacher_training_227137.pth,blocks.8.attn.qkv.weight,1769472,100.0,23.296201398172936,21.67488349958479,93.04041946205314,0.6319861143403067,1.1468243550396924,0.01289748520279874,0.016294270603045644,0.1854679062962532
MAIRA-2,teacher_training_227137.pth,blocks.8.attn.qkv.bias,2304,100.0,75.43302740503826,6.99064891284633,9.267358282347576,0.9976567904072577,1.0601665048446989,0.06840260491318044,0.14563851901763186,1.355130672454834
MAIRA-2,teacher_training_227137.pth,blocks.8.attn.proj.weight,589824,100.0,11.895036837641047,11.774262270927663,98.9846642060729,0.621829299272251,1.227195347405378,0.012189167433903001,0.015331070665270395,0.14983026683330536
MAIRA-2,teacher_training_227137.pth,blocks.8.attn.proj.bias,768,100.0,3.545688237378539,0.612467077392744,17.273573884362825,0.9868330016307999,1.047471344133778,0.013700503059775807,0.022100502000155255,0.2528345584869385
MAIRA-2,teacher_training_227137.pth,blocks.8.ls1.gamma,768,100.0,28.73216459302265,1.7088374960192423,5.947472180478244,0.9987411165740876,0.966787079749115,0.05175202466985714,0.06166236177050222,0.22301828861236572
MAIRA-2,teacher_training_227137.pth,blocks.8.norm2.weight,768,100.0,43.93273356520891,1.2504698229123228,2.846328287440305,0.9995974842792016,0.9972976909630223,0.033514493639813736,0.04512244305449583,0.28975510597229004
MAIRA-2,teacher_training_227137.pth,blocks.8.norm2.bias,768,100.0,11.207875036601198,1.01739153616373,9.077470375439297,0.9983105694514928,1.0680532387455592,0.026985417132787386,0.03671195482971103,0.2670285701751709
MAIRA-2,teacher_training_227137.pth,blocks.8.mlp.fc1.weight,2359296,100.0,24.894949964412707,28.2445472043373,113.45492658034195,0.5427116427368542,1.30542912889881,0.01461664048542378,0.018388377086157096,0.1548721194267273
MAIRA-2,teacher_training_227137.pth,blocks.8.mlp.fc1.bias,3072,100.0,76.39343994878992,1.4014103880321498,1.8344643060602854,0.9999083616675962,1.0122880895239468,0.01979524569469504,0.025284520774234362,0.08904397487640381
MAIRA-2,teacher_training_227137.pth,blocks.8.mlp.fc2.weight,2359296,100.0,21.941542219390485,28.03150979308757,127.7554217146832,0.4814091730046335,1.410871151572159,0.014459116835208655,0.01824968085487472,0.16029998287558556
MAIRA-2,teacher_training_227137.pth,blocks.8.mlp.fc2.bias,768,100.0,3.1230566678901703,0.2959060855978715,9.474886851725795,0.9955615257837729,1.0065205269341515,0.007648159089170529,0.010677591135923722,0.0746961236000061
MAIRA-2,teacher_training_227137.pth,blocks.8.ls2.gamma,768,100.0,53.796140243629125,1.187611058008702,2.2076138783011414,0.9997767599806473,0.9933794401537759,0.03389857332998266,0.04285422275211878,0.1345524787902832
MAIRA-2,teacher_training_227137.pth,blocks.9.norm1.weight,768,100.0,36.69028245647474,2.5221895562042245,6.874271298391525,0.9985972955286341,0.9547553153556195,0.083643754478544,0.09101167620136073,0.2401125133037567
MAIRA-2,teacher_training_227137.pth,blocks.9.norm1.bias,768,100.0,8.01798577530266,0.974085515206053,12.148755840980318,0.9951727776070839,1.0667834202419144,0.01981699447587933,0.035149283401120626,0.39788293838500977
MAIRA-2,teacher_training_227137.pth,blocks.9.attn.qkv.weight,1769472,100.0,23.519602638437856,23.572927335756425,100.2267244822896,0.5827818568540822,1.169445578864546,0.014034407000323991,0.01772114055063341,0.10949741303920746
MAIRA-2,teacher_training_227137.pth,blocks.9.attn.qkv.bias,2304,100.0,109.5392200561242,9.825148968675602,8.969526132869605,0.9977163831003323,1.056735202231449,0.0922146839892785,0.20469060351407506,2.082489013671875
MAIRA-2,teacher_training_227137.pth,blocks.9.attn.proj.weight,589824,100.0,11.822037333082987,12.622152478579007,106.76799711380514,0.5652601979566453,1.2430947000021935,0.0130835285488137,0.016435094373149748,0.08602578099817038
MAIRA-2,teacher_training_227137.pth,blocks.9.attn.proj.bias,768,100.0,2.367820479746633,0.6364697110668975,26.879981675595715,0.969385302147073,1.078752598478323,0.014600505976649933,0.02296662243846979,0.2740691155195236
MAIRA-2,teacher_training_227137.pth,blocks.9.ls1.gamma,768,100.0,43.421071275828766,2.7439976936618447,6.319507126461313,0.9988984016819015,0.9565707049007525,0.08929812419637528,0.09901548794321115,0.22468352317810059
MAIRA-2,teacher_training_227137.pth,blocks.9.norm2.weight,768,100.0,44.656927668091804,1.801205486048,4.0334290335315535,0.9992749659813627,0.9859590877186717,0.05261430012372633,0.06499540451472773,0.24899506568908691
MAIRA-2,teacher_training_227137.pth,blocks.9.norm2.bias,768,100.0,11.621365170076746,0.9988405108838996,8.594863824224047,0.9982884233529955,1.061272108671536,0.026810168468349122,0.03604255236477017,0.242523193359375
MAIRA-2,teacher_training_227137.pth,blocks.9.mlp.fc1.weight,2359296,100.0,25.24172611493628,30.337941017521647,120.18964503211922,0.49150587481540325,1.3198373919465194,0.015707146460637398,0.01975126368328232,0.1491929292678833
MAIRA-2,teacher_training_227137.pth,blocks.9.mlp.fc1.bias,3072,100.0,82.5917247175775,1.822387660088898,2.206501518548686,0.9998895460591746,1.016198108643231,0.026695419616468524,0.03287987519125554,0.09329202771186829
MAIRA-2,teacher_training_227137.pth,blocks.9.mlp.fc2.weight,2359296,100.0,22.318092309057874,30.031878230080782,134.56292685863764,0.42220080825719825,1.416671346266916,0.015468815686630614,0.019552004056042176,0.17967314831912518
MAIRA-2,teacher_training_227137.pth,blocks.9.mlp.fc2.bias,768,100.0,4.391256994895112,0.3840954127881028,8.746821541864168,0.9961715840823132,0.9990893986047562,0.009850552363540524,0.013859849372981974,0.10380077362060547
MAIRA-2,teacher_training_227137.pth,blocks.9.ls2.gamma,768,100.0,80.3571099553509,2.0270744811798185,2.522582609436961,0.999853725241303,0.9813114982700273,0.06459814228583127,0.07314574983603683,0.2194652557373047
MAIRA-2,teacher_training_227137.pth,blocks.10.norm1.weight,768,100.0,34.129773202147184,3.3234723899736394,9.737751171943188,0.997197649412569,0.934863615509565,0.11135343582524608,0.11992547993722309,0.27772271633148193
MAIRA-2,teacher_training_227137.pth,blocks.10.norm1.bias,768,100.0,9.078499065579315,1.1645892423813715,12.827993195448517,0.9945269578801047,1.068955520223487,0.02403606775078515,0.042023494536514196,0.50482177734375
MAIRA-2,teacher_training_227137.pth,blocks.10.attn.qkv.weight,1769472,100.0,24.080379556229612,25.731479609592668,106.8566197202482,0.5339386395989625,1.1873329988190005,0.01530812911015269,0.019343849842767828,0.1476143253967166
MAIRA-2,teacher_training_227137.pth,blocks.10.attn.qkv.bias,2304,100.0,156.88572423704233,8.02341617185867,5.114178623248029,0.9992618437034243,1.033021502774797,0.08140909277808778,0.16715450358038897,1.1794757843017578
MAIRA-2,teacher_training_227137.pth,blocks.10.attn.proj.weight,589824,100.0,11.70920861827362,13.375539319861076,114.23094212350908,0.5013834803584796,1.2472093368550412,0.013836039957351928,0.017416066822735776,0.2050547245889902
MAIRA-2,teacher_training_227137.pth,blocks.10.attn.proj.bias,768,100.0,3.1551120484675184,0.7658536276326547,24.273420907654945,0.9748160727599315,1.070661114191993,0.018209553879529494,0.02763536237959779,0.36003686487674713
MAIRA-2,teacher_training_227137.pth,blocks.10.ls1.gamma,768,100.0,65.84702018849475,3.99628567998535,6.069045597728671,0.9993820838078064,0.9499060200722557,0.13448823302970445,0.1442035383186368,0.2768608331680298
MAIRA-2,teacher_training_227137.pth,blocks.10.norm2.weight,768,100.0,42.56185451335394,2.8668632899608504,6.735757458738931,0.9983778134586595,0.9623875194783433,0.09278674808835301,0.10344901826179707,0.29169511795043945
MAIRA-2,teacher_training_227137.pth,blocks.10.norm2.bias,768,100.0,13.0192024550528,1.1636059473129523,8.937613124384225,0.9969916821546105,1.0414945710675376,0.030960597014654923,0.04198801293198641,0.219512939453125
MAIRA-2,teacher_training_227137.pth,blocks.10.mlp.fc1.weight,2359296,100.0,25.948535482980954,31.757856917420263,122.3878586067006,0.45524084829464145,1.2949568856485782,0.01636668239546469,0.020675688097278818,0.16436889115720987
MAIRA-2,teacher_training_227137.pth,blocks.10.mlp.fc1.bias,3072,100.0,93.49133653735969,1.8828586622789907,2.0139391862545355,0.9999331657366348,1.0164234975914386,0.029834598356652958,0.03397090485977481,0.0893707126379013
MAIRA-2,teacher_training_227137.pth,blocks.10.mlp.fc2.weight,2359296,100.0,24.329749492718253,32.00071657038479,131.52916588788722,0.39246884093028683,1.3326943133662865,0.016342352808106895,0.02083379985051093,0.26857046131044626
MAIRA-2,teacher_training_227137.pth,blocks.10.mlp.fc2.bias,768,100.0,3.906480980426236,0.4425260042744508,11.327995873825216,0.993564865079477,0.9916966648386477,0.011295992470692795,0.01596828173070398,0.12468461319804192
MAIRA-2,teacher_training_227137.pth,blocks.10.ls2.gamma,768,100.0,150.25902546472176,3.717703757374873,2.474196638688919,0.9999143207506777,0.9789187559099927,0.12291365400111924,0.13415107906797913,0.2685563266277313
MAIRA-2,teacher_training_227137.pth,blocks.11.norm1.weight,768,100.0,31.29611335232225,4.436078650955291,14.174535352090686,0.9937220483231481,0.9066861099510046,0.14970316960049482,0.1600732002047118,0.3184494078159332
MAIRA-2,teacher_training_227137.pth,blocks.11.norm1.bias,768,100.0,8.742458864383137,1.1938043580624729,13.655247071576666,0.9916395166468721,1.0363106285003056,0.027392337060784182,0.043077704217944816,0.4356107711791992
MAIRA-2,teacher_training_227137.pth,blocks.11.attn.qkv.weight,1769472,100.0,25.11758344592603,28.45203616320152,113.27537230822387,0.4757457054099828,1.1895138564035075,0.016833508921519195,0.021389050439866362,0.2058935365639627
MAIRA-2,teacher_training_227137.pth,blocks.11.attn.qkv.bias,2304,100.0,66.93491683074095,7.343293459540868,10.970796420215079,0.9944909057072898,1.0268637175080333,0.06411506640600154,0.1529852804071014,1.583783507347107
MAIRA-2,teacher_training_227137.pth,blocks.11.attn.proj.weight,589824,100.0,10.654196020644385,12.837788618565634,120.49514194867595,0.4460242301886376,1.2527742145323149,0.013186417687114423,0.01671587059709067,0.17697640135884285
MAIRA-2,teacher_training_227137.pth,blocks.11.attn.proj.bias,768,100.0,7.5182427636457465,0.7995955565592261,10.635404863828661,0.9950303880348447,0.9576585166001899,0.020896497528762364,0.02885291936389361,0.19539833068847656
MAIRA-2,teacher_training_227137.pth,blocks.11.ls1.gamma,768,100.0,130.8420372379575,7.7661848895463415,5.935542623371319,0.9998606260344177,0.9429015344218978,0.2664431424321947,0.28023805853474903,0.4592771530151367
MAIRA-2,teacher_training_227137.pth,blocks.11.norm2.weight,768,100.0,40.745951979026785,3.8013141912453103,9.329305137359327,0.9970714382604934,0.9436388037620469,0.12558493068596968,0.13716811072436402,0.3273489475250244
MAIRA-2,teacher_training_227137.pth,blocks.11.norm2.bias,768,100.0,11.57375638529964,2.26200191342115,19.544232988126673,0.9840684200433768,1.065237130985991,0.06173969726265227,0.08162296335132184,0.3821718692779541
MAIRA-2,teacher_training_227137.pth,blocks.11.mlp.fc1.weight,2359296,100.0,27.05897933116066,34.73071723648276,128.3519116202859,0.4072004062861269,1.3089950018220258,0.01786691793702438,0.022611144034168466,0.17317239427939057
MAIRA-2,teacher_training_227137.pth,blocks.11.mlp.fc1.bias,3072,100.0,96.13233367655309,2.060067665897678,2.1429498141894516,0.9999492987972756,1.01886552346756,0.03443798702210188,0.037168144420464636,0.07836151123046875
MAIRA-2,teacher_training_227137.pth,blocks.11.mlp.fc2.weight,2359296,100.0,25.400399252068425,34.999752706604376,137.79213609705073,0.3507093123092161,1.3614834209800002,0.017756828031771,0.022786297335028894,0.48772216495126486
MAIRA-2,teacher_training_227137.pth,blocks.11.mlp.fc2.bias,768,100.0,4.06595349645604,0.7451393736654589,18.326313232921528,0.9843835301347656,0.9334295305694837,0.01778731879368441,0.026887901123096365,0.2113189697265625
MAIRA-2,teacher_training_227137.pth,blocks.11.ls2.gamma,768,100.0,210.12784134618005,4.465756914734762,2.125257122580699,0.9999195248265261,0.9828687795931242,0.1438057822565876,0.1611441223035967,0.5324211120605469
MAIRA-2,teacher_training_227137.pth,norm.weight,768,100.0,65.0263206713563,4.179393444166812,6.42723346641356,0.9980365847967688,0.9836158498648516,0.12584434744924997,0.1508108706274416,0.5066535472869873
MAIRA-2,teacher_training_227137.pth,norm.bias,768,100.0,11.343824531418848,2.8187493744126604,24.848316073698122,0.972749594840631,1.062112089392047,0.08742527858860456,0.10171285688095241,0.27942897379398346
MAIRA-2,teacher_training_299999.pth,cls_token,768,100.0,0.5704225177368745,0.06744675287253311,11.82399901394585,0.9934716574886122,0.9623809916650966,0.0012828525963839432,0.0024337750579326977,0.026018992066383362
MAIRA-2,teacher_training_299999.pth,pos_embed,1052160,100.0,15.548748812361511,5.7938950132323095,37.26277325045001,0.9307978812489603,1.0031589396229161,0.004400066303922651,0.005648455710758372,0.06154733896255493
MAIRA-2,teacher_training_299999.pth,mask_token,768,100.0,1.2527692709950333,0.1260617244929059,10.062645006672236,0.9950284244519382,0.9806323166329205,0.0030973519596096586,0.004548860660655478,0.03637949377298355
MAIRA-2,teacher_training_299999.pth,patch_embed.proj.weight,451584,100.0,5.88771006853937,0.3365967256593975,5.716937854293849,0.9996241960326269,0.9494557683428866,0.0003816689145876805,0.0005008879846121986,0.004391151363961399
MAIRA-2,teacher_training_299999.pth,patch_embed.proj.bias,768,100.0,1.8680606851652102,0.03907799177438552,2.0919016220787006,0.9999010846222517,0.9844161155101993,0.0004757000504925779,0.0014101055668957164,0.028754711151123047
MAIRA-2,teacher_training_299999.pth,blocks.0.norm1.weight,768,100.0,29.344184045603125,0.6714907843526144,2.288326652085694,0.9997439020991883,1.0031370821969365,0.0165330651074503,0.02423033656902093,0.14222311973571777
MAIRA-2,teacher_training_299999.pth,blocks.0.norm1.bias,768,100.0,7.078382850477348,0.2674138201338821,3.7778942702406724,0.9993321805124802,1.0089267372787047,0.007024624394885641,0.009649465064957686,0.04095112532377243
MAIRA-2,teacher_training_299999.pth,blocks.0.attn.qkv.weight,1769472,100.0,25.60432856869439,10.547145515189145,41.192822092139565,0.9134023067466505,0.8502466802232114,0.005995866266829309,0.00792890273746954,0.07683538645505905
MAIRA-2,teacher_training_299999.pth,blocks.0.attn.qkv.bias,2304,100.0,50.122225118711896,1.5914674835610259,3.1751732485772877,0.9995277069709955,0.991539620933386,0.014448011605603975,0.03315557257418804,0.3627619743347168
MAIRA-2,teacher_training_299999.pth,blocks.0.attn.proj.weight,589824,100.0,12.574870758739067,5.510777065505859,43.823727267145664,0.8988634449976904,0.9015837228571101,0.00558495785053822,0.0071754909707107545,0.04537767171859741
MAIRA-2,teacher_training_299999.pth,blocks.0.attn.proj.bias,768,100.0,3.505024474928739,0.11467138854463654,3.2716287536613544,0.9996772650198402,0.9790619874877369,0.0024926642720212535,0.00413784731528713,0.05673110485076904
MAIRA-2,teacher_training_299999.pth,blocks.0.ls1.gamma,768,100.0,4.8087614933767435,0.35197931849000347,7.319542027085259,0.9975158633713553,0.9776295055819865,0.010322896982194388,0.012700959642461531,0.04087191820144653
MAIRA-2,teacher_training_299999.pth,blocks.0.norm2.weight,768,100.0,50.67101214993445,0.7860593318477829,1.551299842840814,0.9998810087701722,0.9982424668888262,0.022910640216347627,0.02836447292758343,0.11938625574111938
MAIRA-2,teacher_training_299999.pth,blocks.0.norm2.bias,768,100.0,9.567941480818112,0.3827522856866791,4.000361900770652,0.9992931151652434,1.0129686243100622,0.009971817111813644,0.013811383448384295,0.09798574447631836
MAIRA-2,teacher_training_299999.pth,blocks.0.mlp.fc1.weight,2359296,100.0,26.74542550446863,11.889232451167807,44.453330716990656,0.8958904777873601,0.9110433446276208,0.006049790491160592,0.007740385710395707,0.07591629028320312
MAIRA-2,teacher_training_299999.pth,blocks.0.mlp.fc1.bias,3072,100.0,64.56282258278841,0.5792415531017995,0.897175076816139,0.999979536285364,1.0062696317804456,0.008700488064960155,0.010450789581535651,0.04608762264251709
MAIRA-2,teacher_training_299999.pth,blocks.0.mlp.fc2.weight,2359296,100.0,23.868427070060264,11.46729824366808,48.04379530334559,0.8789561639941118,0.937133177824502,0.005858786275844785,0.007465688960721407,0.05675462633371353
MAIRA-2,teacher_training_299999.pth,blocks.0.mlp.fc2.bias,768,100.0,5.388074395289565,0.11362359233179366,2.108797763281205,0.9998107785798697,0.9916685574377694,0.002975477806231197,0.0041000382261908355,0.025674104690551758
MAIRA-2,teacher_training_299999.pth,blocks.0.ls2.gamma,768,100.0,3.3596921612634087,0.39841116252608627,11.858561540836652,0.993529909694871,1.0276507191823294,0.011721377456931728,0.014376424495786728,0.03804897516965866
MAIRA-2,teacher_training_299999.pth,blocks.1.norm1.weight,768,100.0,37.39611933175527,1.0881240627139097,2.9097245440382333,0.9997900967780542,1.0204513481363102,0.02370186041016827,0.03926429503247406,0.27146482467651367
MAIRA-2,teacher_training_299999.pth,blocks.1.norm1.bias,768,100.0,8.644570875313905,0.47671897499282895,5.514663270957543,0.9985404926972322,1.0096879881664305,0.012895869320000012,0.01720211428374452,0.0903022289276123
MAIRA-2,teacher_training_299999.pth,blocks.1.attn.qkv.weight,1769472,100.0,25.363762194891635,11.311410381485796,44.59673724493427,0.8950871845831712,0.9033312912296673,0.006634015330142261,0.00850344508940775,0.05950747802853584
MAIRA-2,teacher_training_299999.pth,blocks.1.attn.qkv.bias,2304,100.0,65.39113966701376,1.514725482067313,2.3164078341203904,0.9997469976721177,1.0052817858172562,0.014401048336128023,0.03155678087640235,0.25818467140197754
MAIRA-2,teacher_training_299999.pth,blocks.1.attn.proj.weight,589824,100.0,12.118684806513247,5.60569219932961,46.256605306846524,0.8880285558371002,0.938645444653615,0.005725476467679251,0.007299078384543763,0.05908488109707832
MAIRA-2,teacher_training_299999.pth,blocks.1.attn.proj.bias,768,100.0,3.2148185220089602,0.1723955248473085,5.362527423152255,0.9989675286268285,0.9704755422587428,0.004701117752442012,0.006220787667355024,0.032951146364212036
MAIRA-2,teacher_training_299999.pth,blocks.1.ls1.gamma,768,100.0,3.3414047178368786,0.44426326291889645,13.295703467088494,0.9945822428113009,1.077476215957918,0.013838813713609474,0.016030969652330397,0.04515334963798523
MAIRA-2,teacher_training_299999.pth,blocks.1.norm2.weight,768,100.0,45.50014659940273,1.103008363230702,2.4241863942591797,0.9997649004114907,1.0106057519559484,0.027339719303806003,0.03980138596435339,0.2119375467300415
MAIRA-2,teacher_training_299999.pth,blocks.1.norm2.bias,768,100.0,9.106836679131,0.5129546585142805,5.632632675732008,0.998635125203843,1.0197246576042505,0.014019158827191328,0.018509656885955773,0.08581066131591797
MAIRA-2,teacher_training_299999.pth,blocks.1.mlp.fc1.weight,2359296,100.0,26.61282578652742,13.507999554126187,50.75747935405089,0.8657886162569761,0.9507715502958726,0.006896495625861669,0.008794270543050903,0.09061276912689209
MAIRA-2,teacher_training_299999.pth,blocks.1.mlp.fc1.bias,3072,100.0,59.39183566015294,0.6434335431427206,1.0833703588899373,0.9999642581141334,1.00673822587323,0.008748858967768077,0.011608954041846389,0.10214495658874512
MAIRA-2,teacher_training_299999.pth,blocks.1.mlp.fc2.weight,2359296,100.0,23.11345496476324,12.581678514362528,54.43443454707857,0.8478777310847615,0.9711960724434638,0.0064414951829111075,0.008191196949454771,0.06305089592933655
MAIRA-2,teacher_training_299999.pth,blocks.1.mlp.fc2.bias,768,100.0,7.194120012803698,0.11132848785918384,1.5474927810635288,0.9999405545285076,0.9889593896757426,0.003048380695948557,0.004017220777123361,0.019288068637251854
MAIRA-2,teacher_training_299999.pth,blocks.1.ls2.gamma,768,100.0,4.312398665932723,0.45158954692454323,10.47188773366503,0.9961288862222759,1.0530393530722326,0.012360334295711558,0.016295334155006634,0.06604316830635071
MAIRA-2,teacher_training_299999.pth,blocks.2.norm1.weight,768,100.0,36.66917802317875,0.8704464368529172,2.3737822437762417,0.9997374137759827,1.0059326310907017,0.022315962007269263,0.0314095302895114,0.1565384864807129
MAIRA-2,teacher_training_299999.pth,blocks.2.norm1.bias,768,100.0,7.661780624070485,0.49733061040422627,6.491057820708114,0.997896784656986,0.9945239532160788,0.012715002954422516,0.01794587261207006,0.18520832061767578
MAIRA-2,teacher_training_299999.pth,blocks.2.attn.qkv.weight,1769472,100.0,24.062896235496684,12.752385094718356,52.99605238668866,0.8498751208381894,0.9059632468274932,0.007508819530779687,0.009586709592767466,0.061202092096209526
MAIRA-2,teacher_training_299999.pth,blocks.2.attn.qkv.bias,2304,100.0,30.676625934170012,1.4566249659935215,4.748321960568093,0.9989770749284101,1.0134633572894463,0.016520969058929167,0.030346353458198368,0.219757080078125
MAIRA-2,teacher_training_299999.pth,blocks.2.attn.proj.weight,589824,100.0,11.858650418793212,6.475482709493106,54.60556202273209,0.8457889712379364,0.9621321027480125,0.006657479863028216,0.008431618111319148,0.06108011677861214
MAIRA-2,teacher_training_299999.pth,blocks.2.attn.proj.bias,768,100.0,2.582232869227995,0.21903194642565824,8.482269319542112,0.9970943423562557,0.9597846004678671,0.0057575656983601675,0.007903634576873842,0.06723935902118683
MAIRA-2,teacher_training_299999.pth,blocks.2.ls1.gamma,768,100.0,3.7800883424629625,0.36212885112534254,9.579904444492247,0.9964057296244393,1.0411475997794846,0.010816004307471871,0.013067199354909152,0.04285067319869995
MAIRA-2,teacher_training_299999.pth,blocks.2.norm2.weight,768,100.0,53.15180770861922,1.3729602936947294,2.583092378007845,0.9996805285884318,1.0050093053878661,0.035286478398328804,0.04954243719695748,0.259779691696167
MAIRA-2,teacher_training_299999.pth,blocks.2.norm2.bias,768,100.0,7.524854827582414,0.5196336107458837,6.90556326536909,0.9979361695347381,1.023338509325917,0.014097719554309643,0.01875066281525707,0.10939130187034607
MAIRA-2,teacher_training_299999.pth,blocks.2.mlp.fc1.weight,2359296,100.0,24.741275023193037,14.811982358980066,59.86749811840729,0.8217979864536877,1.0055469011037763,0.007577410254747696,0.009643217681627647,0.095189169049263
MAIRA-2,teacher_training_299999.pth,blocks.2.mlp.fc1.bias,3072,100.0,47.74322743600249,0.6931739785290358,1.451879179006493,0.9999383535296609,1.009292827039826,0.010326101703450755,0.01250638072184321,0.11194443702697754
MAIRA-2,teacher_training_299999.pth,blocks.2.mlp.fc2.weight,2359296,100.0,22.25417087608676,13.982147914199958,62.82933654124354,0.8042998268847705,1.008385016323289,0.007172243433784916,0.009102960881640598,0.06142164766788483
MAIRA-2,teacher_training_299999.pth,blocks.2.mlp.fc2.bias,768,100.0,5.532747400489261,0.13760017448428588,2.48701349481666,0.9997428381945701,0.989531759227374,0.003709303623982881,0.00496521861119012,0.02674424648284912
MAIRA-2,teacher_training_299999.pth,blocks.2.ls2.gamma,768,100.0,4.694733913685392,0.4214437837168586,8.976947180932411,0.9967122611437039,1.0353631289621652,0.011708229540090542,0.01520754262357642,0.06150171160697937
MAIRA-2,teacher_training_299999.pth,blocks.3.norm1.weight,768,100.0,41.51740963139202,0.876084734333655,2.1101623201251756,0.9998693180239439,1.0134314575083239,0.02064591778131823,0.03161298482502859,0.19437599182128906
MAIRA-2,teacher_training_299999.pth,blocks.3.norm1.bias,768,100.0,8.952294141495537,0.552317456884852,6.169563333768923,0.9980951247825419,0.9976162849174512,0.012883877192602236,0.019930039525662427,0.22463560104370117
MAIRA-2,teacher_training_299999.pth,blocks.3.attn.qkv.weight,1769472,100.0,23.055271430690798,13.633677262921635,59.13475060967058,0.8182387132312874,0.9568261037009355,0.00802566624018678,0.010249228174208706,0.08672209223732352
MAIRA-2,teacher_training_299999.pth,blocks.3.attn.qkv.bias,2304,100.0,367.11513946802285,2.032790648334709,0.5537201901507994,0.9999854975825959,1.0012723466062696,0.021514312001556846,0.04234980517363977,0.38716745376586914
MAIRA-2,teacher_training_299999.pth,blocks.3.attn.proj.weight,589824,100.0,11.714172386278523,6.963821648476731,59.447833093474465,0.8261411067065093,1.0156499828606773,0.007132938556223652,0.009067476104787411,0.04942050948739052
MAIRA-2,teacher_training_299999.pth,blocks.3.attn.proj.bias,768,100.0,2.992043052273569,0.25090186539682124,8.385636871306648,0.9968528132873465,0.9695137947855862,0.00615464907989131,0.009053641220439624,0.08651179075241089
MAIRA-2,teacher_training_299999.pth,blocks.3.ls1.gamma,768,100.0,5.316120932688724,0.5385753300842141,10.130983416357681,0.9970302714362522,1.0628561376173975,0.015606457072626275,0.019434163237688283,0.1345365047454834
MAIRA-2,teacher_training_299999.pth,blocks.3.norm2.weight,768,100.0,40.813313204733475,1.563494067703874,3.8308432835649864,0.9997652516990648,1.03135788582821,0.048704455664847046,0.056417732554075915,0.20433950424194336
MAIRA-2,teacher_training_299999.pth,blocks.3.norm2.bias,768,100.0,7.982706720476158,0.6964373164763926,8.724325480854581,0.9971735113065382,1.0415175882616383,0.01851683654357809,0.025130517008834116,0.16401171684265137
MAIRA-2,teacher_training_299999.pth,blocks.3.mlp.fc1.weight,2359296,99.99995761447482,24.647826525957328,17.169965606259016,69.66117514733737,0.7702576217151466,1.0505516389561058,0.008799678095255642,0.011178363024908215,0.08401380479335785
MAIRA-2,teacher_training_299999.pth,blocks.3.mlp.fc1.bias,3072,100.0,53.17876372635944,0.7663448585652941,1.4410730992330973,0.9999419595517135,1.0095123116797033,0.011177132923270014,0.013826544074523696,0.11280369758605957
MAIRA-2,teacher_training_299999.pth,blocks.3.mlp.fc2.weight,2359296,100.0,21.928553398498728,16.037591723676133,73.13565757043553,0.7488166409507436,1.058023372104442,0.008222775812562555,0.01044114044510165,0.07464005053043365
MAIRA-2,teacher_training_299999.pth,blocks.3.mlp.fc2.bias,768,100.0,3.7433469416406293,0.13876689047322543,3.7070272308878445,0.9993392996346349,0.9920426645679229,0.003680059746133798,0.005007318848082751,0.03562876582145691
MAIRA-2,teacher_training_299999.pth,blocks.3.ls2.gamma,768,100.0,8.020905703906667,0.5510561914538604,6.870248969333508,0.9979544427368602,1.0231159583569427,0.015457992719575486,0.019884527529656016,0.07397276163101196
MAIRA-2,teacher_training_299999.pth,blocks.4.norm1.weight,768,100.0,40.62286118819228,0.7491244655065795,1.8440957716792366,0.9998750724243844,1.0093739869508196,0.019761647718648117,0.027031700738547385,0.13667964935302734
MAIRA-2,teacher_training_299999.pth,blocks.4.norm1.bias,768,100.0,8.088631684773569,0.6776305435686892,8.377567059262864,0.9964880658400201,0.9991011760231517,0.014552792210120439,0.02445188604628095,0.2633781433105469
MAIRA-2,teacher_training_299999.pth,blocks.4.attn.qkv.weight,1769472,100.0,22.586511888604196,14.867756254231036,65.82581820317469,0.7782397763718547,0.9756251449761529,0.008777385925141242,0.011176957129721395,0.08470265939831734
MAIRA-2,teacher_training_299999.pth,blocks.4.attn.qkv.bias,2304,100.0,38.21747519951769,2.327224971213153,6.089426261320693,0.9984571717445037,1.0234538720715345,0.024074690151767046,0.04848385356694069,0.5023751258850098
MAIRA-2,teacher_training_299999.pth,blocks.4.attn.proj.weight,589824,100.0,11.614896333623411,7.624401697792598,65.6433038986416,0.7961580186598451,1.0506613100910405,0.007837974686562416,0.009927606377334112,0.06456281617283821
MAIRA-2,teacher_training_299999.pth,blocks.4.attn.proj.bias,768,100.0,2.5619222331334126,0.31340012189687255,12.233006835401167,0.9932046481871547,0.9555201844909978,0.007021006452366881,0.011308852796326306,0.15974017977714539
MAIRA-2,teacher_training_299999.pth,blocks.4.ls1.gamma,768,100.0,7.436373313165197,0.5456014835420143,7.336929717824859,0.9979528655603208,1.033910836143847,0.015442100807831594,0.01968769771207757,0.13024622201919556
MAIRA-2,teacher_training_299999.pth,blocks.4.norm2.weight,768,100.0,39.03496524896855,1.6978768289865867,4.349630691758977,0.9998071213821677,1.0386170258134506,0.05517712027843421,0.06126685276663962,0.21599721908569336
MAIRA-2,teacher_training_299999.pth,blocks.4.norm2.bias,768,100.0,8.492062019313725,0.8176390178241554,9.628274216139461,0.9967719544445384,1.0499198199266315,0.021717661909505637,0.029504006690044833,0.22580170631408691
MAIRA-2,teacher_training_299999.pth,blocks.4.mlp.fc1.weight,2359296,100.0,24.425774884653627,19.27675889939463,78.91974355133334,0.7179467516920811,1.0898071159231093,0.009900260176970507,0.012549973241793378,0.07503687590360641
MAIRA-2,teacher_training_299999.pth,blocks.4.mlp.fc1.bias,3072,100.0,53.58475926610058,0.8315006128300081,1.5517483407936885,0.9999367818171061,1.0106307016814966,0.01228070418653715,0.015002096957773249,0.10623925924301147
MAIRA-2,teacher_training_299999.pth,blocks.4.mlp.fc2.weight,2359296,100.0,21.39852170479337,18.074188983181617,84.46466177676616,0.686583670455787,1.116496505159394,0.009290782111559587,0.011767050119258868,0.09200224280357361
MAIRA-2,teacher_training_299999.pth,blocks.4.mlp.fc2.bias,768,100.0,3.4656359357145674,0.1639439769166969,4.730559699799911,0.9989225553986107,0.9897524304579365,0.004205032918548568,0.005915818700304547,0.04727578163146973
MAIRA-2,teacher_training_299999.pth,blocks.4.ls2.gamma,768,100.0,11.549163285003175,0.6591458500883585,5.707303930357214,0.9984987054792489,1.0145298208204694,0.018895332010288257,0.023784877123983656,0.10095325112342834
MAIRA-2,teacher_training_299999.pth,blocks.5.norm1.weight,768,100.0,39.04625681466513,0.8701722708661497,2.2285677087984714,0.9998062764031467,1.0102581536697062,0.021899444788383942,0.03139963717661996,0.23470163345336914
MAIRA-2,teacher_training_299999.pth,blocks.5.norm1.bias,768,100.0,8.287697453544482,0.7062419337271973,8.521569925614887,0.9963941270054764,1.004329599941648,0.014640552562013909,0.02548431065939995,0.26586246490478516
MAIRA-2,teacher_training_299999.pth,blocks.5.attn.qkv.weight,1769472,100.0,22.882459469084672,16.246534525656397,70.9999488805225,0.7467445752281063,0.9951932313651154,0.009611670083083125,0.012213464950242538,0.07692462624982
MAIRA-2,teacher_training_299999.pth,blocks.5.attn.qkv.bias,2304,100.0,37.10443136350437,2.7719825562012157,7.470758759364027,0.9976816729022615,1.0285028359094626,0.028705761536149527,0.05774963658752532,0.6384055614471436
MAIRA-2,teacher_training_299999.pth,blocks.5.attn.proj.weight,589824,100.0,11.470905878018895,8.482598695512257,73.94881263708233,0.7548076322334286,1.0962417411347882,0.008749653111000134,0.011045050384781584,0.06707805395126343
MAIRA-2,teacher_training_299999.pth,blocks.5.attn.proj.bias,768,100.0,2.421533686460424,0.3525351388102735,14.558341301688726,0.9893929658038894,0.9797508224808756,0.00909305405407205,0.012721016080682093,0.09847086668014526
MAIRA-2,teacher_training_299999.pth,blocks.5.ls1.gamma,768,100.0,11.282986619575448,0.6944217665418208,6.154591775700875,0.9982427208652869,1.0148688976081102,0.01939973991102306,0.025057787115253475,0.23512935638427734
MAIRA-2,teacher_training_299999.pth,blocks.5.norm2.weight,768,100.0,38.64358921466298,1.6132488691199165,4.174686932309546,0.999834063844236,1.0373967623836051,0.05228480627799096,0.058213104303515194,0.18339276313781738
MAIRA-2,teacher_training_299999.pth,blocks.5.norm2.bias,768,100.0,9.24777175517459,0.8806849119383025,9.523212026135,0.9973145355767198,1.058186857711503,0.02334997006371964,0.0317789794361763,0.23267555236816406
MAIRA-2,teacher_training_299999.pth,blocks.5.mlp.fc1.weight,2359296,99.99995761447482,24.419049935165216,21.49171100726314,88.01206870998493,0.6624152613099564,1.1243745693420042,0.01105501535711361,0.01399199935368694,0.08921427838504314
MAIRA-2,teacher_training_299999.pth,blocks.5.mlp.fc1.bias,3072,100.0,61.242667859043806,0.9572142049714802,1.5629858045612997,0.9999364876289126,1.0107656960105247,0.013807360398819432,0.017270246216013054,0.11152327060699463
MAIRA-2,teacher_training_299999.pth,blocks.5.mlp.fc2.weight,2359296,100.0,21.373567629491507,20.335349667677065,95.14251443740307,0.6251547667775692,1.1692395834852787,0.010451425229330812,0.013239159939893923,0.10644232202321291
MAIRA-2,teacher_training_299999.pth,blocks.5.mlp.fc2.bias,768,100.0,3.843171895341575,0.18293201146428606,4.759922700465817,0.9990041841602048,0.9824196618265085,0.004619017049961371,0.006600990378894079,0.05708050727844238
MAIRA-2,teacher_training_299999.pth,blocks.5.ls2.gamma,768,100.0,17.73987183785041,0.7901466557812318,4.454071951609862,0.9990497899443648,1.0082344773582683,0.02318538640004893,0.028511961525911046,0.09752407670021057
MAIRA-2,teacher_training_299999.pth,blocks.6.norm1.weight,768,100.0,40.62814079879666,0.914479942761945,2.2508535334923088,0.9997497283521557,1.002230353904778,0.02517810502710442,0.03299845257013266,0.1413125991821289
MAIRA-2,teacher_training_299999.pth,blocks.6.norm1.bias,768,100.0,7.15714771714093,0.7604952003625268,10.625674226915665,0.9953966597808775,1.0412769995854367,0.01609293216869882,0.0274420067904202,0.3022226095199585
MAIRA-2,teacher_training_299999.pth,blocks.6.attn.qkv.weight,1769472,99.99994348596644,22.94874736612793,18.103661640956478,78.8873630099622,0.6938193022531919,1.0158547481992268,0.01073414031014581,0.01360957541891162,0.0825839675962925
MAIRA-2,teacher_training_299999.pth,blocks.6.attn.qkv.bias,2304,100.0,38.09851056338018,3.744584986173182,9.828691281628291,0.9960698994922857,1.0386793104894767,0.03913830013817056,0.0780121872119413,0.7363498210906982
MAIRA-2,teacher_training_299999.pth,blocks.6.attn.proj.weight,589824,99.99983045789931,11.625891050982885,9.699848977895622,83.43316598580691,0.6918839934450536,1.1099901749671588,0.010029516674092477,0.012630011689968256,0.06032541021704674
MAIRA-2,teacher_training_299999.pth,blocks.6.attn.proj.bias,768,100.0,2.152346688707943,0.4346826489093694,20.19575429877935,0.979972019053171,1.013617335173176,0.011038966915435822,0.01568525902249275,0.13161838427186012
MAIRA-2,teacher_training_299999.pth,blocks.6.ls1.gamma,768,100.0,14.806291455413577,0.7283389174087211,4.919117792608498,0.9987943569440234,0.9956416677774738,0.020709974329596054,0.02628166687670036,0.09436511248350143
MAIRA-2,teacher_training_299999.pth,blocks.6.norm2.weight,768,100.0,42.27279400708278,1.1804890473598055,2.792550327196294,0.9998214507401518,1.0203827516020767,0.03564984027373915,0.042597229329286786,0.19885921478271484
MAIRA-2,teacher_training_299999.pth,blocks.6.norm2.bias,768,100.0,9.863086318262285,1.0533462350316845,10.679681805900152,0.9970685654341874,1.071575508228237,0.027966895216801884,0.03800935827158887,0.305403470993042
MAIRA-2,teacher_training_299999.pth,blocks.6.mlp.fc1.weight,2359296,100.0,24.540241143978985,23.750706481626185,96.78269395267733,0.6037344102424491,1.1525369457545933,0.012229954399547703,0.015462699532308716,0.0889651607722044
MAIRA-2,teacher_training_299999.pth,blocks.6.mlp.fc1.bias,3072,100.0,67.73737554449797,1.0798692560890488,1.5942000223785793,0.9999356881599888,1.0111396083277435,0.015549611975075095,0.019483212677894164,0.10240483283996582
MAIRA-2,teacher_training_299999.pth,blocks.6.mlp.fc2.weight,2359296,100.0,21.732167372777788,22.752385884274492,104.69450880805684,0.5642101806368854,1.2079703420249104,0.011706378006150169,0.014812751226741206,0.09802146768197417
MAIRA-2,teacher_training_299999.pth,blocks.6.mlp.fc2.bias,768,100.0,3.7354586692222504,0.20925701728401766,5.601909586315581,0.9985928347063686,0.9805432189701228,0.0055815436949941954,0.007550912203671611,0.04935312271118164
MAIRA-2,teacher_training_299999.pth,blocks.6.ls2.gamma,768,100.0,26.930432057068415,0.9339397229037258,3.467971553239879,0.9993984824986651,0.9994958993491025,0.026370116907249514,0.03370064690158441,0.14177894592285156
MAIRA-2,teacher_training_299999.pth,blocks.7.norm1.weight,768,100.0,41.22184794453806,1.3656269054818233,3.3128716289459086,0.999467537858205,0.9937342076453334,0.03912761314616849,0.0492778163432829,0.1923074722290039
MAIRA-2,teacher_training_299999.pth,blocks.7.norm1.bias,768,100.0,6.846943430349174,0.8623156100988968,12.594168753851106,0.99390200962987,1.0547502914983191,0.017017132907416983,0.031116134351063404,0.35410642623901367
MAIRA-2,teacher_training_299999.pth,blocks.7.attn.qkv.weight,1769472,100.0,23.08930532152757,19.802514918607937,85.76487963951365,0.6448070108683062,1.03382826892877,0.011743645861652685,0.014886702238137855,0.08358629804570228
MAIRA-2,teacher_training_299999.pth,blocks.7.attn.qkv.bias,2304,100.0,56.30641121690412,6.504898994508973,11.552679089155117,0.9954576978791452,1.0608982638955504,0.05983892576121343,0.13551872905227025,1.2078580856323242
MAIRA-2,teacher_training_299999.pth,blocks.7.attn.proj.weight,589824,100.0,11.739448077128506,10.60401381973681,90.32804395971719,0.646314724584276,1.1296761584754258,0.010980820293633172,0.013807309661115638,0.1359914094209671
MAIRA-2,teacher_training_299999.pth,blocks.7.attn.proj.bias,768,100.0,2.337582523528523,0.5311514103660235,22.722252798342435,0.9765261023596529,1.0488676935290022,0.012635475784096665,0.019166275609704568,0.1618974208831787
MAIRA-2,teacher_training_299999.pth,blocks.7.ls1.gamma,768,100.0,21.283692537503264,1.1065185124397814,5.1989029182319895,0.9987631975260219,0.9835716246079963,0.03111122469750664,0.03992804756377575,0.12768413126468658
MAIRA-2,teacher_training_299999.pth,blocks.7.norm2.weight,768,100.0,42.29012444657354,1.1622713837164313,2.7483281237083275,0.9996981171539584,1.0120129938778992,0.02870067541759151,0.04193985601625503,0.3643364906311035
MAIRA-2,teacher_training_299999.pth,blocks.7.norm2.bias,768,100.0,9.751416900679263,1.122019555733179,11.506220759108569,0.9971430545728895,1.083939269344539,0.02981925425370946,0.040487393283660945,0.29332900047302246
MAIRA-2,teacher_training_299999.pth,blocks.7.mlp.fc1.weight,2359296,100.0,24.599722351202633,25.936327979473063,105.43341753694666,0.54446866094784,1.183269628469295,0.013386320495752578,0.016885630194969442,0.11753654479980469
MAIRA-2,teacher_training_299999.pth,blocks.7.mlp.fc1.bias,3072,100.0,69.6670888745188,1.1966479522919893,1.7176660768003922,0.9999258674983479,1.012041071477741,0.01730881963377821,0.021590156793156078,0.09111511707305908
MAIRA-2,teacher_training_299999.pth,blocks.7.mlp.fc2.weight,2359296,100.0,21.65562556014218,25.270006573396138,116.69026370637998,0.4927315183360334,1.2701928444148183,0.01302385209407655,0.016451827196221444,0.11580043658614159
MAIRA-2,teacher_training_299999.pth,blocks.7.mlp.fc2.bias,768,100.0,4.0503740620658855,0.2599575107374432,6.418111185633367,0.9979659781948035,0.9905289926881198,0.0069057139094942,0.009380408675132991,0.05235442519187927
MAIRA-2,teacher_training_299999.pth,blocks.7.ls2.gamma,768,100.0,35.569653666358654,1.0652848127553296,2.9949260196560843,0.9995517554406047,0.9987332258349756,0.02974162328367432,0.03844015458799435,0.1581345796585083
MAIRA-2,teacher_training_299999.pth,blocks.8.norm1.weight,768,100.0,38.2232976636882,2.0935744224409167,5.477220832334919,0.9987359754045758,0.9769749236849168,0.06451326334111702,0.07554535977279865,0.4017462730407715
MAIRA-2,teacher_training_299999.pth,blocks.8.norm1.bias,768,100.0,7.544287632084881,0.9423985796396234,12.491551563221476,0.9945818541708207,1.0638418764891078,0.01896385464706422,0.034005879602428596,0.30573010444641113
MAIRA-2,teacher_training_299999.pth,blocks.8.attn.qkv.weight,1769472,100.0,23.296201398172936,21.889640934801665,93.9622754828966,0.5827168397598554,1.0543627204077075,0.013008247035668073,0.01645571625803645,0.16316162794828415
MAIRA-2,teacher_training_299999.pth,blocks.8.attn.qkv.bias,2304,100.0,75.43302740503826,9.126511474853272,12.098826984430037,0.99619744159225,1.0801468553773483,0.08834362443913808,0.19013565572610985,1.6586809158325195
MAIRA-2,teacher_training_299999.pth,blocks.8.attn.proj.weight,589824,100.0,11.895036837641047,11.823365113052782,99.39746529946451,0.5731113846038688,1.1356434014334793,0.012244516806269118,0.01539500665762081,0.16028868034482002
MAIRA-2,teacher_training_299999.pth,blocks.8.attn.proj.bias,768,100.0,3.545688237378539,0.6579573868991703,18.55654933118494,0.9844957288230847,1.0450464710065328,0.014833197450684565,0.02374199215259617,0.254457950592041
MAIRA-2,teacher_training_299999.pth,blocks.8.ls1.gamma,768,100.0,28.73216459302265,1.8967335004545105,6.601429190319743,0.9983737040885651,0.9650879751495383,0.05690032585884808,0.06844247481677455,0.2246028184890747
MAIRA-2,teacher_training_299999.pth,blocks.8.norm2.weight,768,100.0,43.93273356520891,1.4536351731100488,3.308774699740532,0.9994595529274318,0.995691670330222,0.03914084849141849,0.05245354115616218,0.34499335289001465
MAIRA-2,teacher_training_299999.pth,blocks.8.norm2.bias,768,100.0,11.207875036601198,1.1672455015215144,10.414512097160951,0.9979069637689284,1.0795434418942886,0.03102878670507418,0.04211934403211413,0.30646777153015137
MAIRA-2,teacher_training_299999.pth,blocks.8.mlp.fc1.weight,2359296,100.0,24.894949964412707,28.022437314667552,112.56273804416392,0.48932938191240655,1.2010036357692428,0.014486976525781918,0.018243774293403354,0.17389893531799316
MAIRA-2,teacher_training_299999.pth,blocks.8.mlp.fc1.bias,3072,100.0,76.39343994878992,1.5489293232480832,2.027568498403008,0.9998905652969906,1.013755844648938,0.022261110212032992,0.027946086304155803,0.0919109582901001
MAIRA-2,teacher_training_299999.pth,blocks.8.mlp.fc2.weight,2359296,100.0,21.941542219390485,27.929025088429764,127.28834103442345,0.42283565846174404,1.3167160589607958,0.014399182416816973,0.01818295904194646,0.16577310487627983
MAIRA-2,teacher_training_299999.pth,blocks.8.mlp.fc2.bias,768,100.0,3.1230566678901703,0.34203735942930874,10.952006185029536,0.9939845903855289,0.9938852345597196,0.00909359559783122,0.012342210096213762,0.07629281282424927
MAIRA-2,teacher_training_299999.pth,blocks.8.ls2.gamma,768,100.0,53.796140243629125,1.3225403891562653,2.458429885800011,0.9997127518607968,0.9942379017782444,0.03754820783312122,0.04772306560584514,0.15663719177246094
MAIRA-2,teacher_training_299999.pth,blocks.9.norm1.weight,768,100.0,36.69028245647474,2.744984178840427,7.481501899302002,0.9982692769973909,0.9520217206963333,0.09073496027849615,0.09905108466092401,0.24671974778175354
MAIRA-2,teacher_training_299999.pth,blocks.9.norm1.bias,768,100.0,8.01798577530266,1.077525208743393,13.438851588667466,0.9942493779555093,1.075441118712435,0.02199636186731861,0.03888184183291286,0.4058976173400879
MAIRA-2,teacher_training_299999.pth,blocks.9.attn.qkv.weight,1769472,100.0,23.519602638437856,23.681939609238764,100.69021987019289,0.5282032297521259,1.0693600366679734,0.01408513868103142,0.017803091417091747,0.09965164214372635
MAIRA-2,teacher_training_299999.pth,blocks.9.attn.qkv.bias,2304,100.0,109.5392200561242,13.331274737933201,12.170321033053463,0.9960183448848806,1.0788689016239614,0.1232053435284936,0.2777348903736084,2.8119125366210938
MAIRA-2,teacher_training_299999.pth,blocks.9.attn.proj.weight,589824,100.0,11.822037333082987,12.620152831064123,106.75108253759001,0.5104072436241306,1.1429378093984004,0.013084518574755866,0.016432490665448076,0.08754276391118765
MAIRA-2,teacher_training_299999.pth,blocks.9.attn.proj.bias,768,100.0,2.367820479746633,0.6848284035726978,28.92231102106091,0.9639394361793815,1.077205689325329,0.01567062660586771,0.02471161644696242,0.2988670542836189
MAIRA-2,teacher_training_299999.pth,blocks.9.ls1.gamma,768,100.0,43.421071275828766,3.0980102045404236,7.13480831659028,0.998535260663574,0.9520248773075947,0.10037495222333348,0.11178981409647633,0.2545646131038666
MAIRA-2,teacher_training_299999.pth,blocks.9.norm2.weight,768,100.0,44.656927668091804,2.1282936757625777,4.765875726115576,0.9990090867883397,0.9819646557520698,0.06259064558738221,0.0767981829135064,0.28630924224853516
MAIRA-2,teacher_training_299999.pth,blocks.9.norm2.bias,768,100.0,11.621365170076746,1.1250388740081187,9.680780678890665,0.9979197016113664,1.0701379979039076,0.03008814649439273,0.0405963435473363,0.2675514221191406
MAIRA-2,teacher_training_299999.pth,blocks.9.mlp.fc1.weight,2359296,100.0,25.24172611493628,30.018071565217053,118.92242007750203,0.43150226894071886,1.2063883301200216,0.015536138846572428,0.019543015341938186,0.14531899988651276
MAIRA-2,teacher_training_299999.pth,blocks.9.mlp.fc1.bias,3072,100.0,82.5917247175775,2.006636442079349,2.4295853476132683,0.999869510480119,1.0180168652153525,0.02968061243276073,0.03620412781250703,0.10236084461212158
MAIRA-2,teacher_training_299999.pth,blocks.9.mlp.fc2.weight,2359296,100.0,22.318092309057874,29.901575385814102,133.9790828523388,0.35849422901608025,1.319513259229957,0.015404662916495246,0.019467171475139388,0.1714648436754942
MAIRA-2,teacher_training_299999.pth,blocks.9.mlp.fc2.bias,768,100.0,4.391256994895112,0.43417243611829703,9.887201696986253,0.9951352729876611,0.986775411510608,0.011421596702859915,0.0156668483042259,0.10431021451950073
MAIRA-2,teacher_training_299999.pth,blocks.9.ls2.gamma,768,100.0,80.3571099553509,2.2682905518862255,2.8227627314453745,0.9998091477003523,0.9794343895641686,0.07201695977710187,0.08184988504573733,0.24812626838684082
MAIRA-2,teacher_training_299999.pth,blocks.10.norm1.weight,768,100.0,34.129773202147184,3.683179937143664,10.791691803307813,0.9964493664838222,0.9289408398833358,0.12321257090661675,0.1329053080114827,0.29378020763397217
MAIRA-2,teacher_training_299999.pth,blocks.10.norm1.bias,768,100.0,9.078499065579315,1.2695757360617883,13.984423271852531,0.9935965722546584,1.0760014132583247,0.026350480357014778,0.04581186831074317,0.5189032554626465
MAIRA-2,teacher_training_299999.pth,blocks.10.attn.qkv.weight,1769472,100.0,24.080379556229612,25.73505405286276,106.87146351978944,0.4727774347774023,1.0774835405187526,0.015296136386984583,0.01934653695967433,0.13725776504725218
MAIRA-2,teacher_training_299999.pth,blocks.10.attn.qkv.bias,2304,100.0,156.88572423704233,11.307816056923171,7.207676869208268,0.9987736945248632,1.051156453710845,0.11191803647011708,0.23557950118589938,1.7043495178222656
MAIRA-2,teacher_training_299999.pth,blocks.10.attn.proj.weight,589824,100.0,11.70920861827362,13.251115906026751,113.1683304826152,0.44134499435059715,1.130904641125675,0.01371061955932204,0.017254057169305666,0.19299593195319176
MAIRA-2,teacher_training_299999.pth,blocks.10.attn.proj.bias,768,100.0,3.1551120484675184,0.8369568457044083,26.527008640182203,0.9688757494286638,1.0642090414655245,0.02009679057417202,0.030201078760471265,0.394562229514122
MAIRA-2,teacher_training_299999.pth,blocks.10.ls1.gamma,768,100.0,65.84702018849475,4.615781750157855,7.0098566904692765,0.9991477600154592,0.9424904089831211,0.15523016147117139,0.16655767724838746,0.3034247159957886
MAIRA-2,teacher_training_299999.pth,blocks.10.norm2.weight,768,100.0,42.56185451335394,3.461169356689956,8.13209244818973,0.9976726677787807,0.9533573793173473,0.11273122539084095,0.12489419123723937,0.3415036201477051
MAIRA-2,teacher_training_299999.pth,blocks.10.norm2.bias,768,100.0,13.0192024550528,1.3887417322509232,10.666872544961057,0.9959002814361854,1.052429809593757,0.03705576633538025,0.050111900809371106,0.2531313896179199
MAIRA-2,teacher_training_299999.pth,blocks.10.mlp.fc1.weight,2359296,100.0,25.948535482980954,31.49259645978403,121.36560261922796,0.38941059358160074,1.1797279730605097,0.016249023876223574,0.02050299248683856,0.16106986347585917
MAIRA-2,teacher_training_299999.pth,blocks.10.mlp.fc1.bias,3072,100.0,93.49133653735969,2.1150934158113324,2.2623416181093194,0.9999192556592458,1.0186365417297012,0.03378932645997187,0.03816092978062118,0.08698692917823792
MAIRA-2,teacher_training_299999.pth,blocks.10.mlp.fc2.weight,2359296,100.0,24.329749492718253,31.947858659491786,131.31190959879626,0.3221730181264442,1.232160498181498,0.01634522636290544,0.02079938714810663,0.2870572889223695
MAIRA-2,teacher_training_299999.pth,blocks.10.mlp.fc2.bias,768,100.0,3.906480980426236,0.49048472487718264,12.555666527875067,0.9922331244712876,0.9751729517296807,0.012712749560212918,0.017698842996327558,0.10181958600878716
MAIRA-2,teacher_training_299999.pth,blocks.10.ls2.gamma,768,100.0,150.25902546472176,4.37738833608885,2.913228222098769,0.9998831646757861,0.975083308436917,0.1449790756062915,0.1579553958867766,0.3307945430278778
MAIRA-2,teacher_training_299999.pth,blocks.11.norm1.weight,768,100.0,31.29611335232225,4.953615950329443,15.828214496040196,0.9919639082166898,0.8968553774857655,0.1671981109927098,0.17874821889904546,0.32604461908340454
MAIRA-2,teacher_training_299999.pth,blocks.11.norm1.bias,768,100.0,8.742458864383137,1.3378182929916327,15.302540323545788,0.9896016489927242,1.0418338012027724,0.030324954346634552,0.048274359474095294,0.45232677459716797
MAIRA-2,teacher_training_299999.pth,blocks.11.attn.qkv.weight,1769472,100.0,25.11758344592603,28.372623435799447,112.95920842417414,0.40729193555455534,1.0720212019099469,0.016767202758817348,0.021329351273795174,0.1938015571795404
MAIRA-2,teacher_training_299999.pth,blocks.11.attn.qkv.bias,2304,100.0,66.93491683074095,10.666577018041151,15.935744037770064,0.9882832123863412,1.0340926184990449,0.08975560108635171,0.22222035454252398,2.4317614436149597
MAIRA-2,teacher_training_299999.pth,blocks.11.attn.proj.weight,589824,100.0,10.654196020644385,12.610392495118072,118.36080799229912,0.39177943204568577,1.1363727507324906,0.012928666795674207,0.016419781894684987,0.17890257760882378
MAIRA-2,teacher_training_299999.pth,blocks.11.attn.proj.bias,768,100.0,7.5182427636457465,0.9368959478398123,12.461634683707562,0.9937135485612328,0.9389791855597712,0.02336406487624802,0.03380732048049907,0.317962646484375
MAIRA-2,teacher_training_299999.pth,blocks.11.ls1.gamma,768,100.0,130.8420372379575,9.133629527076275,6.980653710294411,0.9998075513530887,0.9328143250912962,0.31282067896002747,0.32958146663348764,0.5686221122741699
MAIRA-2,teacher_training_299999.pth,blocks.11.norm2.weight,768,100.0,40.745951979026785,4.6269375061022915,11.355575907231032,0.9957578095998904,0.9292106398805107,0.15400989012171826,0.16696022591698337,0.4148249626159668
MAIRA-2,teacher_training_299999.pth,blocks.11.norm2.bias,768,100.0,11.57375638529964,2.65658937701097,22.953562253869674,0.9786192473909183,1.0805124923985936,0.07262712071864523,0.09586141199647398,0.4454507827758789
MAIRA-2,teacher_training_299999.pth,blocks.11.mlp.fc1.weight,2359296,100.0,27.05897933116066,34.20486110091701,126.40854143942994,0.3375178298493991,1.1812181441498357,0.01761335779903038,0.022268789779242845,0.15651528735179454
MAIRA-2,teacher_training_299999.pth,blocks.11.mlp.fc1.bias,3072,100.0,96.13233367655309,2.3040577911534754,2.3967563285269966,0.9999388423146125,1.0212022488930785,0.038699820618300386,0.041570262060966055,0.09797859191894531
MAIRA-2,teacher_training_299999.pth,blocks.11.mlp.fc2.weight,2359296,100.0,25.400399252068425,34.634712000174964,136.35499055139678,0.28050274081253956,1.248980996856782,0.017615445539951965,0.02254864062511391,0.491886711679399
MAIRA-2,teacher_training_299999.pth,blocks.11.mlp.fc2.bias,768,100.0,4.06595349645604,0.8813494452721089,21.676328714539142,0.9794581892043329,0.8999304138456149,0.02036488519128928,0.031802958717373715,0.339449405670166
MAIRA-2,teacher_training_299999.pth,blocks.11.ls2.gamma,768,100.0,210.12784134618005,5.3834438221896885,2.561985021927964,0.9998878479258968,0.9791011898217205,0.174358903600402,0.19425829624427776,0.5601005554199219
MAIRA-2,teacher_training_299999.pth,norm.weight,768,100.0,65.0263206713563,4.731947553878835,7.27697262435337,0.997413187633973,0.9860774069497037,0.1391285789641188,0.17074944962644603,0.7063150405883789
MAIRA-2,teacher_training_299999.pth,norm.bias,768,100.0,11.343824531418848,2.8713378879672384,25.31190322994269,0.9720634709659065,1.0668085821774294,0.08722032956440746,0.10361048140951604,0.2851893901824951
MAIRA-2,teacher_training_378562.pth,cls_token,768,100.0,0.5704225177368745,0.08987132461652635,15.755220353692692,0.9920729178737866,0.8970393910637683,0.001473704032973977,0.0032429520912362333,0.03817512094974518
MAIRA-2,teacher_training_378562.pth,pos_embed,1052160,100.0,15.548748812361511,5.8212997075839015,37.439023408467904,0.927328069827162,0.9375943479916312,0.004380437099644695,0.005675172487979622,0.07671453058719635
MAIRA-2,teacher_training_378562.pth,mask_token,768,100.0,1.2527692709950333,0.17194776200465814,13.725413448885579,0.9946250068102526,0.9045272731729406,0.0039117771956564224,0.006204630417496443,0.038018256425857544
MAIRA-2,teacher_training_378562.pth,patch_embed.proj.weight,451584,100.0,5.88771006853937,0.45777367332202357,7.775071598177195,0.9994779577589443,0.9287576503383178,0.000520286422351365,0.0006812108233958684,0.005645082797855139
MAIRA-2,teacher_training_378562.pth,patch_embed.proj.bias,768,100.0,1.8680606851652102,0.04896619910533995,2.6212317134124263,0.9998995661699317,0.97784898802881,0.0005465763814870295,0.0017669155146663017,0.03681337833404541
MAIRA-2,teacher_training_378562.pth,blocks.0.norm1.weight,768,100.0,29.344184045603125,0.7681183139215878,2.6176168767476122,0.9996898213091063,1.0077477764080203,0.01857769317952555,0.027717082207006888,0.16678714752197266
MAIRA-2,teacher_training_378562.pth,blocks.0.norm1.bias,768,100.0,7.078382850477348,0.2866422084896109,4.04954372410473,0.9992447564898521,1.0106449235854547,0.007523591650480703,0.010343309764536606,0.04332587867975235
MAIRA-2,teacher_training_378562.pth,blocks.0.attn.qkv.weight,1769472,100.0,25.60432856869439,11.287316757168638,44.0836272151627,0.9042790554779554,0.7944736411276312,0.006349817276145013,0.008485332510650895,0.08862681686878204
MAIRA-2,teacher_training_378562.pth,blocks.0.attn.qkv.bias,2304,100.0,50.122225118711896,1.8072273092814874,3.6056406215030616,0.9993870764418044,0.9907503532182614,0.01641600869034063,0.03765056894336432,0.40304994583129883
MAIRA-2,teacher_training_378562.pth,blocks.0.attn.proj.weight,589824,100.0,12.574870758739067,5.781095384925466,45.97339802405381,0.8895678702574218,0.8377380681920772,0.00583962723343405,0.007527467949121701,0.04920792952179909
MAIRA-2,teacher_training_378562.pth,blocks.0.attn.proj.bias,768,100.0,3.505024474928739,0.12968612083183498,3.700006141454166,0.9996427311937118,0.9740576853054737,0.0027319152928508097,0.0046796447982761415,0.06422853469848633
MAIRA-2,teacher_training_378562.pth,blocks.0.ls1.gamma,768,100.0,4.8087614933767435,0.3735096362590134,7.767273065496383,0.9970511598080761,0.9850483117282249,0.011021062910485805,0.013477868064941287,0.0414828360080719
MAIRA-2,teacher_training_378562.pth,blocks.0.norm2.weight,768,100.0,50.67101214993445,0.8699127168786289,1.7167857517915286,0.9998526214763795,0.9998548450423662,0.025428172271465616,0.03139027132883469,0.13522058725357056
MAIRA-2,teacher_training_378562.pth,blocks.0.norm2.bias,768,100.0,9.567941480818112,0.4001925361419081,4.182639880733148,0.9993053594533782,1.0182961221930702,0.010636845586712221,0.014440704279325605,0.09796768426895142
MAIRA-2,teacher_training_378562.pth,blocks.0.mlp.fc1.weight,2359296,99.99991522894965,26.74542550446863,12.38994644988904,46.32547890411736,0.8870760740713031,0.8482307299572643,0.006268096500294808,0.008066371386646511,0.09743842482566833
MAIRA-2,teacher_training_378562.pth,blocks.0.mlp.fc1.bias,3072,100.0,64.56282258278841,0.6009027786503585,0.9307256941559909,0.9999766257325403,1.0062914529837517,0.008977795415527604,0.01084160565658058,0.051436781883239746
MAIRA-2,teacher_training_378562.pth,blocks.0.mlp.fc2.weight,2359296,100.0,23.868427070060264,11.911359016568955,49.90424790710299,0.8665842343575701,0.8699946821955153,0.006060619598155952,0.00775479102641208,0.0663345456123352
MAIRA-2,teacher_training_378562.pth,blocks.0.mlp.fc2.bias,768,100.0,5.388074395289565,0.12667272901133916,2.3509832960376476,0.9997825560288107,0.9889256879110344,0.0032889392159442346,0.004570908387105074,0.034766197204589844
MAIRA-2,teacher_training_378562.pth,blocks.0.ls2.gamma,768,100.0,3.3596921612634087,0.42339959922803455,12.602333157476414,0.992843247867721,1.033087439221597,0.012251010596741866,0.01527811703681784,0.042157672345638275
MAIRA-2,teacher_training_378562.pth,blocks.1.norm1.weight,768,100.0,37.39611933175527,1.2803279506009615,3.42369201264624,0.9997388411424304,1.0252323145926157,0.02850582361059395,0.04619985543315419,0.3085172176361084
MAIRA-2,teacher_training_378562.pth,blocks.1.norm1.bias,768,100.0,8.644570875313905,0.5219846004796985,6.038293953611016,0.9982514067496359,1.010579036880713,0.014114473142380271,0.018835496849987074,0.09976410865783691
MAIRA-2,teacher_training_378562.pth,blocks.1.attn.qkv.weight,1769472,100.0,25.363762194891635,11.84609109522628,46.70478694841308,0.8855556875984701,0.8371553959912387,0.006914450497786374,0.008905395680564742,0.07608512043952942
MAIRA-2,teacher_training_378562.pth,blocks.1.attn.qkv.bias,2304,100.0,65.39113966701376,1.740941042491627,2.662350054390987,0.9996696242650869,1.0066099743651125,0.016123665333048837,0.0362696050519089,0.31517720222473145
MAIRA-2,teacher_training_378562.pth,blocks.1.attn.proj.weight,589824,100.0,12.118684806513247,5.780218248094968,47.69674548337425,0.8790116702177354,0.8663835527986156,0.0058832059857840706,0.007526325843873657,0.06851933524012566
MAIRA-2,teacher_training_378562.pth,blocks.1.attn.proj.bias,768,100.0,3.2148185220089602,0.19576579946317973,6.089482131664603,0.9988481092138422,0.9613551159583898,0.005347484911217985,0.007064089813636819,0.04180777072906494
MAIRA-2,teacher_training_378562.pth,blocks.1.ls1.gamma,768,100.0,3.3414047178368786,0.49396453201449636,14.783139838692561,0.9934371415903607,1.087093303375157,0.015581324289243526,0.01782440972054356,0.04723095893859863
MAIRA-2,teacher_training_378562.pth,blocks.1.norm2.weight,768,100.0,45.50014659940273,1.2618713072938084,2.7733345969271506,0.9997134949603098,1.0137210102434895,0.0322127451072447,0.045533858684296574,0.234527587890625
MAIRA-2,teacher_training_378562.pth,blocks.1.norm2.bias,768,100.0,9.106836679131,0.5541523858066272,6.085015086264903,0.9984251181853536,1.0219932637094382,0.015089095310637882,0.019996251819845594,0.09352189302444458
MAIRA-2,teacher_training_378562.pth,blocks.1.mlp.fc1.weight,2359296,100.0,26.61282578652742,13.853038056181017,52.053991437444544,0.8542186479144218,0.8797392455112266,0.0070464184634862976,0.00901890498449285,0.07852137088775635
MAIRA-2,teacher_training_378562.pth,blocks.1.mlp.fc1.bias,3072,100.0,59.39183566015294,0.6932372075581057,1.167226437527357,0.9999577709998893,1.0071539879722626,0.009313853792264126,0.012507521512373025,0.10332834720611572
MAIRA-2,teacher_training_378562.pth,blocks.1.mlp.fc2.weight,2359296,100.0,23.11345496476324,12.851449646296595,55.60159511370669,0.8335841212576125,0.8969578155769703,0.006558230451470657,0.008366829196807679,0.06942553073167801
MAIRA-2,teacher_training_378562.pth,blocks.1.mlp.fc2.bias,768,100.0,7.194120012803698,0.12684166456953494,1.7631296717845844,0.999935288513213,0.9864651794581514,0.0034878569178999896,0.004577004323980076,0.019894719123840332
MAIRA-2,teacher_training_378562.pth,blocks.1.ls2.gamma,768,100.0,4.312398665932723,0.4916466242762982,11.400769324975213,0.9955588969100784,1.0598649723380014,0.013432434029709839,0.017740769429505723,0.06585130095481873
MAIRA-2,teacher_training_378562.pth,blocks.2.norm1.weight,768,100.0,36.66917802317875,0.995493597730898,2.7147965986628932,0.9996750714610796,1.0090164074429306,0.025187655274445813,0.035921781039155186,0.18047714233398438
MAIRA-2,teacher_training_378562.pth,blocks.2.norm1.bias,768,100.0,7.661780624070485,0.5511295504173036,7.193230626910122,0.9974168454889746,0.9935931888139032,0.013983033165497242,0.01988717464323673,0.2125229835510254
MAIRA-2,teacher_training_378562.pth,blocks.2.attn.qkv.weight,1769472,100.0,24.062896235496684,13.25083211048645,55.06748639400821,0.834723441548431,0.8322679078212972,0.007767820866094105,0.009961421205697771,0.07519051060080528
MAIRA-2,teacher_training_378562.pth,blocks.2.attn.qkv.bias,2304,100.0,30.676625934170012,1.7273430806859007,5.630811825240048,0.9985818344250027,1.0169198884310704,0.01911654597425796,0.03598631418095626,0.26445746421813965
MAIRA-2,teacher_training_378562.pth,blocks.2.attn.proj.weight,589824,100.0,11.858650418793212,6.592102249620885,55.58897527811371,0.8327891085256782,0.88329768726303,0.006765849980812855,0.008583466470860529,0.06639934331178665
MAIRA-2,teacher_training_378562.pth,blocks.2.attn.proj.bias,768,100.0,2.582232869227995,0.24285651161324925,9.40490358198622,0.9966817226703968,0.9495682697734249,0.006333297682466821,0.008763329522147683,0.07554662227630615
MAIRA-2,teacher_training_378562.pth,blocks.2.ls1.gamma,768,100.0,3.7800883424629625,0.4064776430537314,10.753125488831458,0.9956829228291576,1.0499733786337473,0.012168888674513786,0.014667498539789778,0.0512736439704895
MAIRA-2,teacher_training_378562.pth,blocks.2.norm2.weight,768,100.0,53.15180770861922,1.5545421642774764,2.924721154922052,0.9995980958665776,1.00679202688462,0.04083355805888781,0.056094708563264026,0.2840845584869385
MAIRA-2,teacher_training_378562.pth,blocks.2.norm2.bias,768,100.0,7.524854827582414,0.5742890060579672,7.631894823444386,0.9974789772723575,1.0255661978525419,0.015551929563348684,0.020722869515013124,0.12320858240127563
MAIRA-2,teacher_training_378562.pth,blocks.2.mlp.fc1.weight,2359296,100.0,24.741275023193037,14.899292811616128,60.22039202769134,0.8071142880257648,0.925786254101246,0.007598442078027504,0.009700060424229249,0.07737622410058975
MAIRA-2,teacher_training_378562.pth,blocks.2.mlp.fc1.bias,3072,100.0,47.74322743600249,0.7477828723151559,1.566259577481483,0.9999279776624337,1.0099916459046596,0.011101290889693397,0.01349164508207959,0.11635088920593262
MAIRA-2,teacher_training_378562.pth,blocks.2.mlp.fc2.weight,2359296,100.0,22.25417087608676,14.100833034202678,63.36265283805626,0.7861034929838817,0.9255354805228381,0.0072113069357585095,0.009180229839975702,0.05815681628882885
MAIRA-2,teacher_training_378562.pth,blocks.2.mlp.fc2.bias,768,100.0,5.532747400489261,0.15307497880682613,2.7667082504668423,0.999704251491815,0.9865111508278299,0.0041157487898241625,0.005523617513769833,0.03327763080596924
MAIRA-2,teacher_training_378562.pth,blocks.2.ls2.gamma,768,100.0,4.694733913685392,0.45647838413782355,9.723200345969884,0.9962513903124484,1.0406461557276783,0.012838383888379212,0.016471744872576112,0.06570106744766235
MAIRA-2,teacher_training_378562.pth,blocks.3.norm1.weight,768,100.0,41.51740963139202,1.0120349447987647,2.4376158189636854,0.9998455007514009,1.0167340312057054,0.024275593226775527,0.03651866548805467,0.22516584396362305
MAIRA-2,teacher_training_378562.pth,blocks.3.norm1.bias,768,100.0,8.952294141495537,0.6111524331090539,6.826768909169879,0.9976672719530834,0.9969869042373681,0.014182199271563908,0.02205306386071294,0.25743865966796875
MAIRA-2,teacher_training_378562.pth,blocks.3.attn.qkv.weight,1769472,100.0,23.055271430690798,13.91773520170893,60.36682432279618,0.8007367235218172,0.8755341050160158,0.008170840218931432,0.010462771048459092,0.09201226383447647
MAIRA-2,teacher_training_378562.pth,blocks.3.attn.qkv.bias,2304,100.0,367.11513946802285,2.3235024073528625,0.6329083596824121,0.9999810924525538,1.001478610992809,0.024270682837096855,0.04840630015318464,0.43854236602783203
MAIRA-2,teacher_training_378562.pth,blocks.3.attn.proj.weight,589824,100.0,11.714172386278523,6.990022630983594,59.671502181164804,0.811095503742601,0.9291833246520369,0.007139265565444358,0.009101591967426555,0.05197878181934357
MAIRA-2,teacher_training_378562.pth,blocks.3.attn.proj.bias,768,100.0,2.992043052273569,0.27495954404411366,9.189692101361297,0.9965051746283802,0.9581958134627275,0.006566460042930562,0.00992174792313286,0.098745197057724
MAIRA-2,teacher_training_378562.pth,blocks.3.ls1.gamma,768,100.0,5.316120932688724,0.5997870753424643,11.282419699190536,0.9965069383247742,1.0723711430347926,0.017485888047152304,0.021642951837839385,0.15490835905075073
MAIRA-2,teacher_training_378562.pth,blocks.3.norm2.weight,768,100.0,40.813313204733475,1.818575963720816,4.455840070121775,0.999707271382726,1.0371249079802611,0.05787629081169143,0.06562220763724977,0.2236948013305664
MAIRA-2,teacher_training_378562.pth,blocks.3.norm2.bias,768,100.0,7.982706720476158,0.7649404441747234,9.582469592833743,0.996611655907947,1.0457763286042874,0.020301679764960074,0.02760241070989428,0.17798471450805664
MAIRA-2,teacher_training_378562.pth,blocks.3.mlp.fc1.weight,2359296,100.0,24.647826525957328,17.1490682893212,69.57639153805722,0.7496628592989325,0.9643296442423767,0.008765655844295563,0.011164758000860156,0.08747632429003716
MAIRA-2,teacher_training_378562.pth,blocks.3.mlp.fc1.bias,3072,100.0,53.17876372635944,0.8216528469778793,1.5450769995440974,0.9999333475313068,1.0102010541212318,0.012043773505865829,0.014824421636971908,0.11305689811706543
MAIRA-2,teacher_training_378562.pth,blocks.3.mlp.fc2.weight,2359296,100.0,21.928553398498728,16.0187660987173,73.04980774433564,0.7247635013745257,0.9674764472037546,0.00819581715783064,0.010428884178852408,0.07159948255866766
MAIRA-2,teacher_training_378562.pth,blocks.3.mlp.fc2.bias,768,100.0,3.7433469416406293,0.15462466098700903,4.130652685888643,0.9991950015991875,0.9893522183574123,0.004098653170561424,0.005579536852762768,0.03902888298034668
MAIRA-2,teacher_training_378562.pth,blocks.3.ls2.gamma,768,100.0,8.020905703906667,0.6042760196028104,7.53376291792698,0.9975852076488362,1.0267743304538193,0.017065220420287613,0.021804932661407386,0.08087064325809479
MAIRA-2,teacher_training_378562.pth,blocks.4.norm1.weight,768,100.0,40.62286118819228,0.8861544771403083,2.18141817494107,0.9998542098450547,1.0134299039442545,0.023777797274912398,0.03197634537003432,0.15411806106567383
MAIRA-2,teacher_training_378562.pth,blocks.4.norm1.bias,768,100.0,8.088631684773569,0.7499423628659913,9.271560284760142,0.9956946259000364,0.997687377165956,0.01589704980716533,0.027061214067336505,0.30752038955688477
MAIRA-2,teacher_training_378562.pth,blocks.4.attn.qkv.weight,1769472,100.0,22.586511888604196,15.037372220420496,66.57677951595285,0.7576049961000058,0.888799840462388,0.008858523632419733,0.011304467316880694,0.09950995445251465
MAIRA-2,teacher_training_378562.pth,blocks.4.attn.qkv.bias,2304,100.0,38.21747519951769,2.6581415073363597,6.955303806594491,0.9980032054917441,1.027124044696671,0.027421587112019412,0.05537794806950749,0.575066089630127
MAIRA-2,teacher_training_378562.pth,blocks.4.attn.proj.weight,589824,100.0,11.614896333623411,7.570145554888094,65.17617839578679,0.7790309461486753,0.9570271205043132,0.007761525632554238,0.009856960357927205,0.05799208953976631
MAIRA-2,teacher_training_378562.pth,blocks.4.attn.proj.bias,768,100.0,2.5619222331334126,0.3499832047597029,13.66096129825333,0.9920151004408678,0.9395160922412594,0.007519403382200214,0.0126289310924914,0.1814728081226349
MAIRA-2,teacher_training_378562.pth,blocks.4.ls1.gamma,768,100.0,7.436373313165197,0.613705473330476,8.252752349643137,0.9975826862608592,1.0421024353828594,0.01742554480567075,0.02214518876440606,0.16386717557907104
MAIRA-2,teacher_training_378562.pth,blocks.4.norm2.weight,768,100.0,39.03496524896855,2.019591249310179,5.173800556575477,0.9997564891500105,1.0465524165099505,0.06682317238301039,0.07287572196514026,0.23331785202026367
MAIRA-2,teacher_training_378562.pth,blocks.4.norm2.bias,768,100.0,8.492062019313725,0.8977045859321656,10.571102564848113,0.9961388685437466,1.0550240650473655,0.023795036626135396,0.03239312402129358,0.24805235862731934
MAIRA-2,teacher_training_378562.pth,blocks.4.mlp.fc1.weight,2359296,100.0,24.425774884653627,19.098371215229548,78.1894179628618,0.6930507857763909,0.9958343715309405,0.009786662054719468,0.012433835426581736,0.08546372875571251
MAIRA-2,teacher_training_378562.pth,blocks.4.mlp.fc1.bias,3072,100.0,53.58475926610058,0.8880981311954482,1.6573707586987094,0.9999287056886506,1.011422366696299,0.013231478830713664,0.016023240472265488,0.1088109016418457
MAIRA-2,teacher_training_378562.pth,blocks.4.mlp.fc2.weight,2359296,100.0,21.39852170479337,17.82985680769488,83.32284376308532,0.6583419280339305,1.0156705211862076,0.009150879893154044,0.011607979692509688,0.09055789315607399
MAIRA-2,teacher_training_378562.pth,blocks.4.mlp.fc2.bias,768,100.0,3.4656359357145674,0.177564466389949,5.123575288450995,0.9987594637740101,0.986694272031216,0.004519422397114188,0.006407305779296832,0.05262637138366699
MAIRA-2,teacher_training_378562.pth,blocks.4.ls2.gamma,768,100.0,11.549163285003175,0.7268805561643579,6.293794089033508,0.9982079679492055,1.0177100622161737,0.020918880460764438,0.026229042798137307,0.10943573713302612
MAIRA-2,teacher_training_378562.pth,blocks.5.norm1.weight,768,100.0,39.04625681466513,1.005964040480189,2.5763392513014605,0.9997862382243734,1.015157462529007,0.02518807693074147,0.03629960059789505,0.2693948745727539
MAIRA-2,teacher_training_378562.pth,blocks.5.norm1.bias,768,100.0,8.287697453544482,0.7899602532644108,9.53172165963371,0.9954713860367953,1.0024464987736363,0.016100229391526,0.02850523530445703,0.3027297258377075
MAIRA-2,teacher_training_378562.pth,blocks.5.attn.qkv.weight,1769472,100.0,22.882459469084672,16.28431979090874,71.16507652033496,0.7241697786291951,0.8998646274278165,0.009614484841643553,0.012241870331837384,0.08542967587709427
MAIRA-2,teacher_training_378562.pth,blocks.5.attn.qkv.bias,2304,100.0,37.10443136350437,3.2892492611895667,8.864842123479749,0.9968055032650812,1.035273073073604,0.03349294921687394,0.06852602627478264,0.7593145370483398
MAIRA-2,teacher_training_378562.pth,blocks.5.attn.proj.weight,589824,100.0,11.470905878018895,8.317801073054389,72.51215519947174,0.7343004153504212,0.9892481848072828,0.008565316438855018,0.010830470147206235,0.05749915726482868
MAIRA-2,teacher_training_378562.pth,blocks.5.attn.proj.bias,768,100.0,2.421533686460424,0.3759097343854784,15.523621929660155,0.9881721414325448,0.964037832142989,0.009672895534720283,0.013564474146153544,0.10080637037754059
MAIRA-2,teacher_training_378562.pth,blocks.5.ls1.gamma,768,100.0,11.282986619575448,0.7647155321065724,6.777598501976659,0.9979166848954659,1.018684307247495,0.02119239514710595,0.027594294894701093,0.28414201736450195
MAIRA-2,teacher_training_378562.pth,blocks.5.norm2.weight,768,100.0,38.64358921466298,1.924444319817607,4.979983378685211,0.999793424898706,1.0452567718485597,0.06369251777262737,0.06944240288044636,0.19799280166625977
MAIRA-2,teacher_training_378562.pth,blocks.5.norm2.bias,768,100.0,9.24777175517459,0.9806442434719165,10.604113827995345,0.9967314925493125,1.065422039550252,0.02604790757891351,0.03538595112173549,0.26068806648254395
MAIRA-2,teacher_training_378562.pth,blocks.5.mlp.fc1.weight,2359296,100.0,24.419049935165216,21.123606027595436,86.50461866321793,0.6327433969894969,1.0183197337124388,0.010849332731577142,0.013752347674215779,0.08408858440816402
MAIRA-2,teacher_training_378562.pth,blocks.5.mlp.fc1.bias,3072,100.0,61.242667859043806,1.0347844501608447,1.6896462651537418,0.9999261790784598,1.011667305795393,0.015032397560920193,0.018669783776675084,0.11736166477203369
MAIRA-2,teacher_training_378562.pth,blocks.5.mlp.fc2.weight,2359296,100.0,21.373567629491507,19.844865756875464,92.84769908741524,0.592962329401068,1.0552110142790907,0.010181502485588847,0.012919834477132464,0.10622705239802599
MAIRA-2,teacher_training_378562.pth,blocks.5.mlp.fc2.bias,768,100.0,3.843171895341575,0.20344296066592013,5.293621159972561,0.9988450486308635,0.9766262801473696,0.005062175819141146,0.0073411155065752146,0.07069194316864014
MAIRA-2,teacher_training_378562.pth,blocks.5.ls2.gamma,768,100.0,17.73987183785041,0.8775525753565186,4.946780807537414,0.9988379088738847,1.0099838605755933,0.02581598483569299,0.03166595097563346,0.11178246140480042
MAIRA-2,teacher_training_378562.pth,blocks.6.norm1.weight,768,100.0,40.62814079879666,0.9866447073848545,2.428476144825405,0.999731906256219,1.0070554317249965,0.026818797884819407,0.035602474212697834,0.16088151931762695
MAIRA-2,teacher_training_378562.pth,blocks.6.norm1.bias,768,100.0,7.15714771714093,0.8283045878502096,11.573110135291337,0.9943638445700195,1.0407658187567714,0.017462606662851005,0.02988886729789503,0.3380924463272095
MAIRA-2,teacher_training_378562.pth,blocks.6.attn.qkv.weight,1769472,100.0,22.94874736612793,18.06173428963896,78.7046630540622,0.664949176309471,0.9131422578407461,0.010687127615899109,0.013578056190305398,0.07895601261407137
MAIRA-2,teacher_training_378562.pth,blocks.6.attn.qkv.bias,2304,100.0,38.09851056338018,4.349632945231735,11.41680575148927,0.9948525670255913,1.0474451090266383,0.04494098184679432,0.09061735302566117,0.8096351623535156
MAIRA-2,teacher_training_378562.pth,blocks.6.attn.proj.weight,589824,100.0,11.625891050982885,9.485960303748238,81.59340442938581,0.6656786093243728,0.9956428127612948,0.009798941128506131,0.012351510812172185,0.06256033852696419
MAIRA-2,teacher_training_378562.pth,blocks.6.attn.proj.bias,768,100.0,2.152346688707943,0.43815120437518906,20.356906565001935,0.9792023053993921,0.9958612186024297,0.011331534837587753,0.01581041973698588,0.13538866862654686
MAIRA-2,teacher_training_378562.pth,blocks.6.ls1.gamma,768,100.0,14.806291455413577,0.7693878645427331,5.196357689294468,0.9986490837576837,0.9991027505629261,0.02180102138387004,0.027762893169061144,0.09969950467348099
MAIRA-2,teacher_training_378562.pth,blocks.6.norm2.weight,768,100.0,42.27279400708278,1.4112806628187016,3.3385081255387155,0.9997665982013975,1.0252187990811517,0.04378645647860443,0.05092520441128068,0.22285795211791992
MAIRA-2,teacher_training_378562.pth,blocks.6.norm2.bias,768,100.0,9.863086318262285,1.1818978989362832,11.983043246290013,0.9963981115604637,1.0810652791374131,0.03135927757278978,0.04264806688159477,0.3439652919769287
MAIRA-2,teacher_training_378562.pth,blocks.6.mlp.fc1.weight,2359296,100.0,24.540241143978985,23.170773715317857,94.41950296809887,0.5696168755909216,1.0343400609736249,0.011909900315157504,0.01508513913757673,0.09339222125709057
MAIRA-2,teacher_training_378562.pth,blocks.6.mlp.fc1.bias,3072,100.0,67.73737554449797,1.1746465724525021,1.7341188125613967,0.9999246526555552,1.0121732359997944,0.01704041316997973,0.021193203587753853,0.10642731189727783
MAIRA-2,teacher_training_378562.pth,blocks.6.mlp.fc2.weight,2359296,100.0,21.732167372777788,22.046863457237418,101.44806580522578,0.5278834637817844,1.0827095238189792,0.011323754409708807,0.014353426729972278,0.0932814460247755
MAIRA-2,teacher_training_378562.pth,blocks.6.mlp.fc2.bias,768,100.0,3.7354586692222504,0.23326804615130087,6.244696215575287,0.9984113663370991,0.9714877797707611,0.00614024705952924,0.008417335577424474,0.06442451477050781
MAIRA-2,teacher_training_378562.pth,blocks.6.ls2.gamma,768,100.0,26.930432057068415,1.0293478613659997,3.822247853969455,0.9992702421114954,1.000675459277579,0.029172836385744933,0.03714339155308909,0.14455270767211914
MAIRA-2,teacher_training_378562.pth,blocks.7.norm1.weight,768,100.0,41.22184794453806,1.376933832401087,3.340301080761063,0.999443260563736,0.9978332241402088,0.038414903838808336,0.04968581992456691,0.20938682556152344
MAIRA-2,teacher_training_378562.pth,blocks.7.norm1.bias,768,100.0,6.846943430349174,0.9304549158384151,13.589347207312397,0.9928201964909461,1.0573103376941535,0.018227419364166053,0.033574899758007475,0.4054410457611084
MAIRA-2,teacher_training_378562.pth,blocks.7.attn.qkv.weight,1769472,100.0,23.08930532152757,19.602068613165454,84.89674479244403,0.6124359039469907,0.9219895569357814,0.011601650212801995,0.01473601509177681,0.08359190821647644
MAIRA-2,teacher_training_378562.pth,blocks.7.attn.qkv.bias,2304,100.0,56.30641121690412,7.539371629831872,13.38989906635788,0.9941032012595431,1.0726532773587867,0.06861628602102678,0.157070242288164,1.3739051818847656
MAIRA-2,teacher_training_378562.pth,blocks.7.attn.proj.weight,589824,100.0,11.739448077128506,10.332036928806819,88.0112664660642,0.6152723711000935,1.006626933019572,0.0106892451207328,0.013453173084383879,0.13641002029180527
MAIRA-2,teacher_training_378562.pth,blocks.7.attn.proj.bias,768,100.0,2.337582523528523,0.5269588890233116,22.542899928421782,0.9756454708478377,1.0276293001044705,0.013069244098358487,0.019014991026842194,0.14204484969377518
MAIRA-2,teacher_training_378562.pth,blocks.7.ls1.gamma,768,100.0,21.283692537503264,1.1515933867227746,5.410684187875725,0.9986193797241895,0.9856495725236986,0.03223535072537705,0.04155454698883667,0.1419200897216797
MAIRA-2,teacher_training_378562.pth,blocks.7.norm2.weight,768,100.0,42.29012444657354,1.2995013059795812,3.0728245021394596,0.9996591151408225,1.0158631740837791,0.03295823710504919,0.04689171430122384,0.39636659622192383
MAIRA-2,teacher_training_378562.pth,blocks.7.norm2.bias,768,100.0,9.751416900679263,1.2308992632705538,12.622773447259872,0.9966906777410548,1.0932605904779311,0.032761533128393694,0.044416251312160385,0.32947540283203125
MAIRA-2,teacher_training_378562.pth,blocks.7.mlp.fc1.weight,2359296,100.0,24.599722351202633,25.10164258960872,102.04034920085816,0.506596573413242,1.0523651825300964,0.012942830755953615,0.016342215227609844,0.12444547563791275
MAIRA-2,teacher_training_378562.pth,blocks.7.mlp.fc1.bias,3072,100.0,69.6670888745188,1.2897978664161365,1.8513732771858205,0.9999148832079614,1.0130500254583836,0.01883196914279021,0.023270785792986293,0.0922287106513977
MAIRA-2,teacher_training_378562.pth,blocks.7.mlp.fc2.weight,2359296,100.0,21.65562556014218,24.25909756677264,112.02215100829144,0.4527116086632663,1.1308296162924165,0.012488600801851374,0.015793683311700935,0.13483820110559464
MAIRA-2,teacher_training_378562.pth,blocks.7.mlp.fc2.bias,768,100.0,4.0503740620658855,0.28461191750901904,7.0268057504756305,0.9976694437926743,0.9808790005860093,0.007602711979975159,0.01027004794927548,0.056329578161239624
MAIRA-2,teacher_training_378562.pth,blocks.7.ls2.gamma,768,100.0,35.569653666358654,1.1500576394552249,3.2332550950388796,0.9994776151851452,1.0004247725873747,0.03244142996845767,0.04149913048269123,0.16885733604431152
MAIRA-2,teacher_training_378562.pth,blocks.8.norm1.weight,768,100.0,38.2232976636882,2.121113901683313,5.54926976826061,0.9986181823803922,0.9807936577917483,0.06328485921646158,0.07653910513241989,0.4636073112487793
MAIRA-2,teacher_training_378562.pth,blocks.8.norm1.bias,768,100.0,7.544287632084881,1.010762489728742,13.397719427214035,0.9937091591689131,1.0672467794813976,0.020387975431579736,0.03647274972072909,0.33168792724609375
MAIRA-2,teacher_training_378562.pth,blocks.8.attn.qkv.weight,1769472,100.0,23.296201398172936,21.512664728496087,92.34408803738825,0.544949757099893,0.9318777831059233,0.012763055668831595,0.016172321317686696,0.13309664279222488
MAIRA-2,teacher_training_378562.pth,blocks.8.attn.qkv.bias,2304,100.0,75.43302740503826,10.939474941281025,14.502235052215823,0.9948589070896248,1.0986651071286122,0.10465865986226872,0.22790572794335467,1.9599800109863281
MAIRA-2,teacher_training_378562.pth,blocks.8.attn.proj.weight,589824,100.0,11.895036837641047,11.463130087167558,96.3690171256406,0.5379350245407296,1.0049177188708693,0.011867414140215252,0.014925950634332759,0.1522761583328247
MAIRA-2,teacher_training_378562.pth,blocks.8.attn.proj.bias,768,100.0,3.545688237378539,0.6661131621148898,18.786568855455048,0.9832740724568088,1.029332931559848,0.015603271312504793,0.024036288341111527,0.2511609196662903
MAIRA-2,teacher_training_378562.pth,blocks.8.ls1.gamma,768,100.0,28.73216459302265,1.9679910928338666,6.849435539262419,0.9981902072977265,0.9654004731461828,0.05826008685443185,0.07101376170065117,0.23233452439308167
MAIRA-2,teacher_training_378562.pth,blocks.8.norm2.weight,768,100.0,43.93273356520891,1.5520704395697527,3.5328337520041413,0.9993778913716386,0.9973136253149993,0.04112674601492472,0.056005517880428596,0.3950650691986084
MAIRA-2,teacher_training_378562.pth,blocks.8.norm2.bias,768,100.0,11.207875036601198,1.294152773304579,11.546816582789384,0.9975477071279806,1.0893862900653772,0.034501843068757886,0.046698715752493715,0.3323509693145752
MAIRA-2,teacher_training_378562.pth,blocks.8.mlp.fc1.weight,2359296,100.0,24.894949964412707,26.929950596343925,108.17435116294772,0.4488597145282791,1.0584858854550863,0.013909328134574869,0.017532519919494744,0.16555240750312805
MAIRA-2,teacher_training_378562.pth,blocks.8.mlp.fc1.bias,3072,100.0,76.39343994878992,1.6760834627662151,2.1940149100364796,0.9998740414858932,1.0150222750423032,0.024352493851135176,0.030240226200386074,0.09570479393005371
MAIRA-2,teacher_training_378562.pth,blocks.8.mlp.fc2.weight,2359296,100.0,21.941542219390485,26.65824864208517,121.49669506150926,0.3795377094026971,1.1670614004403592,0.013737792143904002,0.017355630626357532,0.15452421084046364
MAIRA-2,teacher_training_378562.pth,blocks.8.mlp.fc2.bias,768,100.0,3.1230566678901703,0.3731687241535178,11.948829747159785,0.9929387829626266,0.9786251550520338,0.010141549455704299,0.013465566458948919,0.07300630211830139
MAIRA-2,teacher_training_378562.pth,blocks.8.ls2.gamma,768,100.0,53.796140243629125,1.402868737447761,2.6077497959788993,0.9996673964434593,0.9958022429035713,0.03948719108787676,0.05062166520019846,0.18195652961730957
MAIRA-2,teacher_training_378562.pth,blocks.9.norm1.weight,768,100.0,36.69028245647474,2.7735158113613445,7.559265357663938,0.9981131506465913,0.9540210791549615,0.09084681456442922,0.10008063126819722,0.23110994696617126
MAIRA-2,teacher_training_378562.pth,blocks.9.norm1.bias,768,100.0,8.01798577530266,1.136977977994542,14.180344164449751,0.9935946815264189,1.0792603527127846,0.023246696186987492,0.041027158853614076,0.37808895111083984
MAIRA-2,teacher_training_378562.pth,blocks.9.attn.qkv.weight,1769472,99.99994348596644,23.519602638437856,23.11911827400203,98.29723158765736,0.48630925863823093,0.9365661506643502,0.013724559524458358,0.01737998588401285,0.09529700130224228
MAIRA-2,teacher_training_378562.pth,blocks.9.attn.qkv.bias,2304,100.0,109.5392200561242,16.334174535019393,14.911713381426592,0.9945077361023715,1.1007224091209595,0.1492456188452817,0.34029530281290404,3.3947811126708984
MAIRA-2,teacher_training_378562.pth,blocks.9.attn.proj.weight,589824,100.0,11.822037333082987,12.183860364549703,103.06058102569331,0.469312259077866,1.0007276640635696,0.012630791392991999,0.01586440151634076,0.07714113034307957
MAIRA-2,teacher_training_378562.pth,blocks.9.attn.proj.bias,768,100.0,2.367820479746633,0.6888050999073116,29.09025856474629,0.9610946342806908,1.052348184236372,0.01610600856287192,0.02485511311566709,0.2953169122338295
MAIRA-2,teacher_training_378562.pth,blocks.9.ls1.gamma,768,100.0,43.421071275828766,3.3215859714046267,7.64970986161195,0.9982665236283235,0.9494008066719303,0.10691707546150002,0.11985740967043411,0.28071558475494385
MAIRA-2,teacher_training_378562.pth,blocks.9.norm2.weight,768,100.0,44.656927668091804,2.2971448030409536,5.143983079432277,0.9988302627146015,0.9812817611640772,0.06705463100418758,0.08289107315020278,0.31978869438171387
MAIRA-2,teacher_training_378562.pth,blocks.9.norm2.bias,768,100.0,11.621365170076746,1.2364691488312554,10.639620481206254,0.9976190884064927,1.0786375921658926,0.033269318885023345,0.04461723724514955,0.28177833557128906
MAIRA-2,teacher_training_378562.pth,blocks.9.mlp.fc1.weight,2359296,100.0,25.24172611493628,28.74204242459371,113.86718282941114,0.3858282103811578,1.0532388339680026,0.014866956332421731,0.018712267203511528,0.14665315696038306
MAIRA-2,teacher_training_378562.pth,blocks.9.mlp.fc1.bias,3072,100.0,82.5917247175775,2.16841361816962,2.625461116818317,0.999849342397711,1.0195473651595997,0.03223768430386068,0.03912294331764627,0.11494672298431396
MAIRA-2,teacher_training_378562.pth,blocks.9.mlp.fc2.weight,2359296,100.0,22.318092309057874,28.49974274088863,127.69793379392875,0.31207860406295834,1.1653483648290046,0.014678754215975857,0.01855452001359937,0.16010686568915844
MAIRA-2,teacher_training_378562.pth,blocks.9.mlp.fc2.bias,768,100.0,4.391256994895112,0.47277801167690775,10.76634804627736,0.9944976161106608,0.9696594705449186,0.012725591323298127,0.01705990701928742,0.1020730584859848
MAIRA-2,teacher_training_378562.pth,blocks.9.ls2.gamma,768,100.0,80.3571099553509,2.397866645832076,2.9840130477121583,0.9997725896626446,0.9789000136921986,0.0754615874029696,0.08652555959074838,0.2655665874481201
MAIRA-2,teacher_training_378562.pth,blocks.10.norm1.weight,768,100.0,34.129773202147184,3.7852213164936486,11.090672340757047,0.9961078696807288,0.928793760187377,0.1259915020588475,0.13658740912624484,0.2951543927192688
MAIRA-2,teacher_training_378562.pth,blocks.10.norm1.bias,768,100.0,9.078499065579315,1.3530841567919798,14.90427158738312,0.992792653357973,1.0813984303514164,0.02831542734505395,0.048825218885004205,0.5088000297546387
MAIRA-2,teacher_training_378562.pth,blocks.10.attn.qkv.weight,1769472,100.0,24.080379556229612,25.001721960631485,103.82611246741551,0.4261101174964586,0.9355765003349015,0.014839129781183878,0.018795248573144227,0.12260164134204388
MAIRA-2,teacher_training_378562.pth,blocks.10.attn.qkv.bias,2304,100.0,156.88572423704233,14.117731217182772,8.998735408106324,0.9983036562244415,1.0669178961866994,0.13790057775273232,0.2941194003579744,2.0870113372802734
MAIRA-2,teacher_training_378562.pth,blocks.10.attn.proj.weight,589824,100.0,11.70920861827362,12.739351629919467,108.79771678197096,0.39738354370505635,0.9818559540929077,0.013180820244339732,0.016587697434790973,0.1720096729695797
MAIRA-2,teacher_training_378562.pth,blocks.10.attn.proj.bias,768,100.0,3.1551120484675184,0.8713034472318679,27.61561028094302,0.9643451271519207,1.0432356676529584,0.021242975687468874,0.03144045498782299,0.39941418170928955
MAIRA-2,teacher_training_378562.pth,blocks.10.ls1.gamma,768,100.0,65.84702018849475,5.017026951092003,7.6192163847812395,0.9989782738956265,0.9376363017452523,0.16861996740859317,0.18103636629653597,0.33049118518829346
MAIRA-2,teacher_training_378562.pth,blocks.10.norm2.weight,768,100.0,42.56185451335394,3.776727509956295,8.873503171181914,0.9971921723553878,0.9495882391171071,0.12256566025704767,0.13628091528307076,0.37380361557006836
MAIRA-2,teacher_training_378562.pth,blocks.10.norm2.bias,768,100.0,13.0192024550528,1.5916157664673654,12.225140303042553,0.9948763912498547,1.0636109488554844,0.042486321944428106,0.05743248695102412,0.27448105812072754
MAIRA-2,teacher_training_378562.pth,blocks.10.mlp.fc1.weight,2359296,100.0,25.948535482980954,30.39068467997052,117.11907479288404,0.33571236431170937,1.0316940879121745,0.015707581503886854,0.01978560200518914,0.14110750053077936
MAIRA-2,teacher_training_378562.pth,blocks.10.mlp.fc1.bias,3072,100.0,93.49133653735969,2.3008770663298552,2.4610591222111915,0.9999066688149876,1.0203768310270211,0.03697532711854971,0.04151287480055557,0.10199931263923645
MAIRA-2,teacher_training_378562.pth,blocks.10.mlp.fc2.weight,2359296,100.0,24.329749492718253,30.72670921921146,126.2927480137343,0.2702294555742505,1.0875481074757072,0.01574690084450053,0.020004367981257463,0.26071540359407663
MAIRA-2,teacher_training_378562.pth,blocks.10.mlp.fc2.bias,768,100.0,3.906480980426236,0.5307929690914679,13.587496566629978,0.991567542523509,0.9507239667626965,0.013761218382536336,0.019153341474307483,0.10029707849025726
MAIRA-2,teacher_training_378562.pth,blocks.10.ls2.gamma,768,100.0,150.25902546472176,4.83149857789494,3.2154465017672385,0.9998570369362264,0.9725073763996994,0.16009147329411158,0.1743416877835586,0.378305584192276
MAIRA-2,teacher_training_378562.pth,blocks.11.norm1.weight,768,100.0,31.29611335232225,5.209580920009756,16.646095511483672,0.9909217806671403,0.8927625988333467,0.17541262678181133,0.18798455915829818,0.34911108016967773
MAIRA-2,teacher_training_378562.pth,blocks.11.norm1.bias,768,100.0,8.742458864383137,1.4569005531850965,16.66465436995676,0.987835089201836,1.0477453052372623,0.0331912154604197,0.052571370410245635,0.49314676225185394
MAIRA-2,teacher_training_378562.pth,blocks.11.attn.qkv.weight,1769472,100.0,25.11758344592603,27.521872210639508,109.57213407846145,0.35346893955837316,0.9240349286283088,0.016235162519747548,0.02068979209559271,0.163895299192518
MAIRA-2,teacher_training_378562.pth,blocks.11.attn.qkv.bias,2304,100.0,66.93491683074095,13.124463824443911,19.607798807955323,0.9823342792466084,1.0408766877406128,0.10867082532879796,0.2734263296759148,3.1081434302031994
MAIRA-2,teacher_training_378562.pth,blocks.11.attn.proj.weight,589824,100.0,10.654196020644385,12.005825936638553,112.68636238131107,0.3554023438648652,0.9847928845451772,0.012290927609174045,0.015632585854998115,0.17812098190188408
MAIRA-2,teacher_training_378562.pth,blocks.11.attn.proj.bias,768,100.0,7.5182427636457465,1.0485057181519555,13.946154056397003,0.9928465440113431,0.9207786506624696,0.025100593241162095,0.03783469116386833,0.4373335838317871
MAIRA-2,teacher_training_378562.pth,blocks.11.ls1.gamma,768,100.0,130.8420372379575,10.179279855872625,7.779823725428511,0.9997620464161255,0.9250846390291982,0.34825212175223896,0.3673131228090372,0.6223883628845215
MAIRA-2,teacher_training_378562.pth,blocks.11.norm2.weight,768,100.0,40.745951979026785,5.125331876931021,12.578751085676412,0.9947892811598636,0.9211128819665082,0.17072019735739255,0.18494448367701843,0.48053574562072754
MAIRA-2,teacher_training_378562.pth,blocks.11.norm2.bias,768,100.0,11.57375638529964,3.014452121642108,26.045581238178656,0.973352768052597,1.0968551618719415,0.08285812816752507,0.10877467149308184,0.4951413869857788
MAIRA-2,teacher_training_378562.pth,blocks.11.mlp.fc1.weight,2359296,100.0,27.05897933116066,32.725686670171854,120.94205871426016,0.2833216642703458,1.0201861850944074,0.01687726699476355,0.0213057855925598,0.14807933766860515
MAIRA-2,teacher_training_378562.pth,blocks.11.mlp.fc1.bias,3072,100.0,96.13233367655309,2.5261620492141974,2.6277964474613964,0.999928393306811,1.0233233320344475,0.04257240108563565,0.045577510597826054,0.09185785055160522
MAIRA-2,teacher_training_378562.pth,blocks.11.mlp.fc2.weight,2359296,100.0,25.400399252068425,32.890818169918305,129.4893747279973,0.23023426025577587,1.0844927874829233,0.01676519889327058,0.0214132930793739,0.4414857095107436
MAIRA-2,teacher_training_378562.pth,blocks.11.mlp.fc2.bias,768,100.0,4.06595349645604,0.9961667097505666,24.500199291970358,0.9755431176296826,0.8673287429409772,0.02234201430453216,0.03594606987701459,0.45719122886657715
MAIRA-2,teacher_training_378562.pth,blocks.11.ls2.gamma,768,100.0,210.12784134618005,6.094292638796385,2.900278516046905,0.9998613107604206,0.976116789232057,0.19821412337815522,0.2199088434705905,0.5730319023132324
MAIRA-2,teacher_training_378562.pth,norm.weight,768,100.0,65.0263206713563,5.129216390636746,7.887908061967488,0.9969082135313464,0.9899875513039762,0.1469441117913751,0.18508465399162288,0.861940860748291
MAIRA-2,teacher_training_378562.pth,norm.bias,768,100.0,11.343824531418848,2.9615372273989005,26.107043697620398,0.970919576371019,1.0750473672984426,0.08825461171376976,0.10686526971586582,0.3185652494430542
DINOv3,spine_dinov3_vitb16_teacher_20000.pth,cls_token,768,100.0,1.4565668438567136,0.20060426211185756,13.77240344018098,0.9904706685562383,0.9907050233141841,0.005640913967328724,0.0072386827956792,0.02331364154815674
DINOv3,spine_dinov3_vitb16_teacher_20000.pth,storage_tokens,3072,100.0,3.141872024543273,0.41303876054852895,13.146263034331307,0.9917696769978983,0.9619449324173011,0.005731319267191282,0.00745212623713883,0.05026087164878845
DINOv3,spine_dinov3_vitb16_teacher_20000.pth,mask_token,768,100.0,0.0,0.12837513213462157,,,,0.0031870579298304696,0.004632338568448596,0.021223289892077446
DINOv3,spine_dinov3_vitb16_teacher_20000.pth,patch_embed.proj.weight,589824,100.0,19.69412287233015,0.423484189228386,2.150307439298923,0.9998973402072192,0.9838638389731735,0.00042542316489276846,0.000551411704724461,0.003123121423413977
DINOv3,spine_dinov3_vitb16_teacher_20000.pth,patch_embed.proj.bias,768,100.0,8.939487892229186,0.042300258062779615,0.4731843543247024,0.9999911808982814,1.0021711390762804,0.000926575738612693,0.0015263790862085282,0.011363387107849121
DINOv3,spine_dinov3_vitb16_teacher_20000.pth,blocks.0.norm1.weight,768,100.0,23.7728422541786,0.14709037228471347,0.6187327990150573,0.9999808845760481,0.9997516572802445,0.004244103822780214,0.00530766662711135,0.016696244478225708
DINOv3,spine_dinov3_vitb16_teacher_20000.pth,blocks.0.norm1.bias,768,100.0,43.889064477915966,0.14817085334665162,0.33760312530974085,0.9999950801934651,0.9987468822296685,0.004540917681291982,0.005346655129109116,0.01783738285303116
DINOv3,spine_dinov3_vitb16_teacher_20000.pth,blocks.0.attn.qkv.weight,1769472,100.0,101.8978592757374,11.31892488557395,11.108108615849073,0.9975963444162216,0.9107777168368887,0.005514851230076332,0.008509094179196972,0.14026713371276855
DINOv3,spine_dinov3_vitb16_teacher_20000.pth,blocks.0.attn.qkv.bias,2304,0.0,0.0,0.0,,,,0.0,0.0,0.0
DINOv3,spine_dinov3_vitb16_teacher_20000.pth,blocks.0.attn.proj.weight,589824,100.0,22.13161419930001,4.31615187795213,19.502200965027864,0.9829471907883984,0.9179951767562089,0.004357875099564507,0.0056199894244168365,0.06161642074584961
DINOv3,spine_dinov3_vitb16_teacher_20000.pth,blocks.0.attn.proj.bias,768,100.0,18.58219941557115,0.13064993429394536,0.7030918750364172,0.9999754173156098,0.9994567131590607,0.003566952009173008,0.004714423420888517,0.02230149507522583
DINOv3,spine_dinov3_vitb16_teacher_20000.pth,blocks.0.ls1.gamma,768,100.0,1.9093632706481547,0.12925910254825035,6.76974908522106,0.9977060074712882,0.9981830944480192,0.0030941996180834743,0.004664236103215111,0.032442547380924225
DINOv3,spine_dinov3_vitb16_teacher_20000.pth,blocks.0.norm2.weight,768,100.0,38.90218765944343,0.3877532598706426,0.996738957883558,0.9999783684697833,0.9924892922580114,0.011554709864033915,0.0139918405603419,0.04532921314239502
DINOv3,spine_dinov3_vitb16_teacher_20000.pth,blocks.0.norm2.bias,768,100.0,9.988418243385217,0.19313961744227529,1.9336356641871812,0.9998201369865826,0.9960517139675813,0.00486068357722047,0.006969325632592436,0.04269218444824219
DINOv3,spine_dinov3_vitb16_teacher_20000.pth,blocks.0.mlp.fc1.weight,2359296,100.0,92.22526717213451,12.535224653491468,13.591963501818876,0.9944916780192311,0.9079593439874745,0.006319097937416384,0.008160953550450175,0.110637366771698
DINOv3,spine_dinov3_vitb16_teacher_20000.pth,blocks.0.mlp.fc1.bias,3072,100.0,86.15298883808235,0.4195837622582483,0.48702171325341065,0.9999909083899104,1.0023437529228165,0.006140848020246874,0.007570212440231113,0.03114187717437744
DINOv3,spine_dinov3_vitb16_teacher_20000.pth,blocks.0.mlp.fc2.weight,2359296,100.0,91.58408331402617,11.315991666622104,12.355849681676128,0.9959453674903802,0.9112466239272906,0.005673900133951475,0.0073671820746237645,0.12452661991119385
DINOv3,spine_dinov3_vitb16_teacher_20000.pth,blocks.0.mlp.fc2.bias,768,100.0,15.935290964564356,0.08952415627075502,0.5617980648726891,0.9999843206287188,0.9995335325968985,0.0021701330056297743,0.0032304247326184086,0.0320512056350708
DINOv3,spine_dinov3_vitb16_teacher_20000.pth,blocks.0.ls2.gamma,768,100.0,4.713548754254283,0.2769404349384691,5.875412547467816,0.9982752151194114,0.9959401815006301,0.007809657268770327,0.009993227166326073,0.03926193714141846
DINOv3,spine_dinov3_vitb16_teacher_20000.pth,blocks.1.norm1.weight,768,100.0,38.96229650637499,0.425114560093115,1.0910921537275349,0.9999715458709114,0.9920886047793852,0.012547073511664545,0.015340000356636829,0.04663801193237305
DINOv3,spine_dinov3_vitb16_teacher_20000.pth,blocks.1.norm1.bias,768,100.0,4.05390160736745,0.14216569343571198,3.5068856426447033,0.999425803405591,1.0084679936253134,0.003956356968643604,0.005129962585914883,0.01976191997528076
DINOv3,spine_dinov3_vitb16_teacher_20000.pth,blocks.1.attn.qkv.weight,1769472,100.0,78.52275753838795,11.680607045735695,14.875441734232671,0.9932725521867577,0.8999010382949396,0.006742941294923697,0.008780991695512686,0.12676167488098145
DINOv3,spine_dinov3_vitb16_teacher_20000.pth,blocks.1.attn.qkv.bias,2304,0.0,0.0,0.0,,,,0.0,0.0,0.0
DINOv3,spine_dinov3_vitb16_teacher_20000.pth,blocks.1.attn.proj.weight,589824,100.0,45.38703652662495,6.1327507216036,13.51211973931368,0.9952839658585191,0.9012206325132859,0.0060971796476593475,0.00798535250208802,0.1254361867904663
DINOv3,spine_dinov3_vitb16_teacher_20000.pth,blocks.1.attn.proj.bias,768,100.0,10.974138759641784,0.10800012068003129,0.984132997089574,0.9999521228381335,1.0010008096770324,0.0028082284281841416,0.003897118671695508,0.025083184242248535
DINOv3,spine_dinov3_vitb16_teacher_20000.pth,blocks.1.ls1.gamma,768,100.0,8.898598861588763,0.2666504683760601,2.996544428214085,0.9996777549032614,0.9837547683915822,0.007367955701909068,0.00962191998102863,0.05196273326873779
DINOv3,spine_dinov3_vitb16_teacher_20000.pth,blocks.1.norm2.weight,768,100.0,65.44327568216545,0.46638828724613796,0.7126603648497346,0.9999755492564496,0.9986016532266367,0.01290323689259291,0.016829337699277892,0.056218743324279785
DINOv3,spine_dinov3_vitb16_teacher_20000.pth,blocks.1.norm2.bias,768,100.0,6.061213268652413,0.2839052169558085,4.683966796286794,0.9989024552269506,0.9991661848260943,0.00760905691009602,0.010244547089610945,0.042398612946271896
DINOv3,spine_dinov3_vitb16_teacher_20000.pth,blocks.1.mlp.fc1.weight,2359296,100.0,91.46037976521401,13.242635836405041,14.47909561539098,0.9933767551640431,0.9052756843180744,0.006734345353797332,0.008621507705992865,0.17531859874725342
DINOv3,spine_dinov3_vitb16_teacher_20000.pth,blocks.1.mlp.fc1.bias,3072,100.0,63.899973472092185,0.405960996630453,0.6353069877372535,0.9999837029192632,1.0027707445386287,0.005817546387011892,0.007324427833908774,0.027460336685180664
DINOv3,spine_dinov3_vitb16_teacher_20000.pth,blocks.1.mlp.fc2.weight,2359296,100.0,88.8039830158019,12.161601052262348,13.69488241321146,0.994770364547529,0.9035395659475354,0.006147728900894847,0.007917709018399968,0.14296209812164307
DINOv3,spine_dinov3_vitb16_teacher_20000.pth,blocks.1.mlp.fc2.bias,768,100.0,21.10369792400254,0.10457687147300992,0.49553813672658853,0.999987724742109,1.0000614769973142,0.0024241543052691363,0.0037735928059969485,0.034655094146728516
DINOv3,spine_dinov3_vitb16_teacher_20000.pth,blocks.1.ls2.gamma,768,100.0,6.333760886960314,0.29288575603367245,4.624199764734623,0.9990458004376734,1.0142390133489934,0.008357246909630097,0.01056860438049049,0.04284560680389404
DINOv3,spine_dinov3_vitb16_teacher_20000.pth,blocks.2.norm1.weight,768,100.0,48.11163706953371,0.2508468105446282,0.5213848994206743,0.9999895512142212,0.9974822102015681,0.0072497585245704,0.009051654599581259,0.040593743324279785
DINOv3,spine_dinov3_vitb16_teacher_20000.pth,blocks.2.norm1.bias,768,100.0,6.32028486140988,0.1531249015720299,2.422753165873476,0.9997078332699605,0.9980570178369811,0.0041834756834333575,0.005525418946390401,0.0252416729927063
DINOv3,spine_dinov3_vitb16_teacher_20000.pth,blocks.2.attn.qkv.weight,1769472,100.0,78.82035711462918,12.480665391578023,15.834317235365067,0.9922840703225978,0.8937942919341776,0.007281020233617532,0.009382442087881795,0.11285507678985596
DINOv3,spine_dinov3_vitb16_teacher_20000.pth,blocks.2.attn.qkv.bias,2304,0.0,0.0,0.0,,,,0.0,0.0,0.0
DINOv3,spine_dinov3_vitb16_teacher_20000.pth,blocks.2.attn.proj.weight,589824,100.0,45.84987403689589,6.819004367684351,14.872460417660088,0.9939243266959671,0.8939014538842052,0.00691095346413018,0.008878911937088998,0.08624964952468872
DINOv3,spine_dinov3_vitb16_teacher_20000.pth,blocks.2.attn.proj.bias,768,100.0,9.708144267949574,0.1294431077476731,1.3333455310817333,0.9999125561817659,1.001615800286034,0.003378579850400835,0.0046708758189287995,0.04380345344543457
DINOv3,spine_dinov3_vitb16_teacher_20000.pth,blocks.2.ls1.gamma,768,100.0,6.67605397524649,0.20007248440311043,2.996867388204773,0.9995756043219751,0.9925392579767189,0.005656341432768386,0.007219493920473313,0.02890927530825138
DINOv3,spine_dinov3_vitb16_teacher_20000.pth,blocks.2.norm2.weight,768,100.0,80.0063509307909,0.42092355325812436,0.5261126752577957,0.9999878233395989,0.9981640135426522,0.012151493827834278,0.015188770423864491,0.0419730544090271
DINOv3,spine_dinov3_vitb16_teacher_20000.pth,blocks.2.norm2.bias,768,100.0,6.240213190341847,0.19332857744989299,3.0981085349634054,0.9995202365253161,1.0002488468909563,0.005051501745671298,0.006976144139546445,0.03918800409883261
DINOv3,spine_dinov3_vitb16_teacher_20000.pth,blocks.2.mlp.fc1.weight,2359296,99.99995761447482,105.1519463336884,15.527001395622404,14.766252016248119,0.9942173666967145,0.8928645566612512,0.007369046219288326,0.01010872486694167,0.17728078365325928
DINOv3,spine_dinov3_vitb16_teacher_20000.pth,blocks.2.mlp.fc1.bias,3072,100.0,95.51431127079266,0.38033001705562547,0.39819165525609207,0.9999932454119991,1.0015250838675713,0.005129531913553365,0.006861988678998759,0.026788949966430664
DINOv3,spine_dinov3_vitb16_teacher_20000.pth,blocks.2.mlp.fc2.weight,2359296,100.0,88.20922251789064,13.64413493435882,15.46792335868453,0.9927500632177783,0.8953932282141869,0.006963865907329194,0.008882900347889858,0.15769028663635254
DINOv3,spine_dinov3_vitb16_teacher_20000.pth,blocks.2.mlp.fc2.bias,768,100.0,18.65003611586971,0.1331652322241895,0.7140213101832892,0.9999753471093449,0.9986801754627243,0.003400647186268202,0.004805186416958427,0.04529044032096863
DINOv3,spine_dinov3_vitb16_teacher_20000.pth,blocks.2.ls2.gamma,768,100.0,9.536781564776517,0.25319992537204344,2.654982958896961,0.9996495512746129,1.0016790375983127,0.007107295573708446,0.009136565317021403,0.03349781036376953
DINOv3,spine_dinov3_vitb16_teacher_20000.pth,blocks.3.norm1.weight,768,100.0,36.25860587024092,0.33147057838071137,0.9141845650849036,0.9999609217579344,0.9976331793148598,0.0089539491599074,0.01196091422853404,0.07910197973251343
DINOv3,spine_dinov3_vitb16_teacher_20000.pth,blocks.3.norm1.bias,768,100.0,4.948752423383709,0.17960811985836672,3.6293615944432247,0.9993429367409056,0.9974636357379845,0.005034412281839688,0.006481049771804412,0.0314483642578125
DINOv3,spine_dinov3_vitb16_teacher_20000.pth,blocks.3.attn.qkv.weight,1769472,100.0,80.33945091482421,14.030798227386548,17.464393977825395,0.9904266477593932,0.8834432364603547,0.008290355304583209,0.010547767100946546,0.12007927894592285
DINOv3,spine_dinov3_vitb16_teacher_20000.pth,blocks.3.attn.qkv.bias,2304,0.0,0.0,0.0,,,,0.0,0.0,0.0
DINOv3,spine_dinov3_vitb16_teacher_20000.pth,blocks.3.attn.proj.weight,589824,100.0,46.160879876422115,7.665218274493203,16.605442303123027,0.9922328003355052,0.882232793654262,0.007865516886439385,0.009980752961579692,0.0710747241973877
DINOv3,spine_dinov3_vitb16_teacher_20000.pth,blocks.3.attn.proj.bias,768,100.0,12.587327508948896,0.15613046668599367,1.2403782024023249,0.9999233571538221,0.9991657356983417,0.004123162442790355,0.005633872935616272,0.03526639938354492
DINOv3,spine_dinov3_vitb16_teacher_20000.pth,blocks.3.ls1.gamma,768,100.0,8.1167618512706,0.26879371242918765,3.3115880119990297,0.999451525147773,0.999563936586376,0.00765434270605662,0.009699257639216896,0.044677734375
DINOv3,spine_dinov3_vitb16_teacher_20000.pth,blocks.3.norm2.weight,768,100.0,36.30923891307976,0.3976303770035896,1.0951217621373779,0.9999400410587546,1.0000620245584946,0.010257781638453404,0.014348250325062178,0.06482911109924316
DINOv3,spine_dinov3_vitb16_teacher_20000.pth,blocks.3.norm2.bias,768,100.0,6.290126598330422,0.21943943778800454,3.4886330880248098,0.9993918540174889,0.9983269790015096,0.005994671729107874,0.007918338654857785,0.04446905851364136
DINOv3,spine_dinov3_vitb16_teacher_20000.pth,blocks.3.mlp.fc1.weight,2359296,99.99995761447482,91.14468992584236,15.75361737302975,17.284185601868078,0.9904784037407508,0.885971105101812,0.00805274609734802,0.010256261310566244,0.2322458028793335
DINOv3,spine_dinov3_vitb16_teacher_20000.pth,blocks.3.mlp.fc1.bias,3072,100.0,59.08028849984918,0.40576967009292003,0.6868105765833488,0.9999779050441949,1.001704593605322,0.005701477313337477,0.007320975883035407,0.0267753005027771
DINOv3,spine_dinov3_vitb16_teacher_20000.pth,blocks.3.mlp.fc2.weight,2359296,100.0,87.9972516816598,15.015182447394425,17.063240226767057,0.9911448995224309,0.8839832060262663,0.007669213463147707,0.009775509405855747,0.19667494297027588
DINOv3,spine_dinov3_vitb16_teacher_20000.pth,blocks.3.mlp.fc2.bias,768,100.0,13.623790807378976,0.1376287989174478,1.010209279218415,0.9999491488553296,1.0005429293533858,0.0032238896109504367,0.004966251506452086,0.056488752365112305
DINOv3,spine_dinov3_vitb16_teacher_20000.pth,blocks.3.ls2.gamma,768,100.0,12.053151661164538,0.28263094674675715,2.3448717372187304,0.9997353083426769,0.9952044040811613,0.008005732524907216,0.01019856582409744,0.0379631370306015
DINOv3,spine_dinov3_vitb16_teacher_20000.pth,blocks.4.norm1.weight,768,100.0,27.967291851873025,0.36063948670541157,1.2895044990967146,0.9999236131341688,0.996247434600652,0.009689695657774186,0.013013456545611113,0.06945455074310303
DINOv3,spine_dinov3_vitb16_teacher_20000.pth,blocks.4.norm1.bias,768,100.0,4.375935352358134,0.2682230254681023,6.129501554988933,0.9982166442818555,1.0121287919445816,0.006541070903478404,0.009678664747304043,0.0862424373626709
DINOv3,spine_dinov3_vitb16_teacher_20000.pth,blocks.4.attn.qkv.weight,1769472,99.99994348596644,79.5596042838508,15.318989010791253,19.25473253503944,0.9878732182329045,0.8739962328432905,0.00906010388432401,0.011516175037881835,0.11252468824386597
DINOv3,spine_dinov3_vitb16_teacher_20000.pth,blocks.4.attn.qkv.bias,2304,0.0,0.0,0.0,,,,0.0,0.0,0.0
DINOv3,spine_dinov3_vitb16_teacher_20000.pth,blocks.4.attn.proj.weight,589824,100.0,46.35398986374295,8.53978784895517,18.422983380843338,0.9899184464820981,0.8721085897186944,0.00880286876658524,0.011119515428327046,0.08058470487594604
DINOv3,spine_dinov3_vitb16_teacher_20000.pth,blocks.4.attn.proj.bias,768,100.0,14.466794561558633,0.17830022967537626,1.2324791709502676,0.9999275614094134,0.9972764188522442,0.004299355800782223,0.0064338553499781615,0.0888223648071289
DINOv3,spine_dinov3_vitb16_teacher_20000.pth,blocks.4.ls1.gamma,768,100.0,14.767359759447046,0.3219860215113388,2.180389905550695,0.9997656084197494,0.9971806919927481,0.008979289642108293,0.011618669762179255,0.08835673332214355
DINOv3,spine_dinov3_vitb16_teacher_20000.pth,blocks.4.norm2.weight,768,100.0,31.48025413285188,0.32729029796474224,1.0396685382002415,0.9999507121702085,0.9968656130405876,0.00926805060866324,0.011810071352068546,0.047351837158203125
DINOv3,spine_dinov3_vitb16_teacher_20000.pth,blocks.4.norm2.bias,768,100.0,6.289065453173214,0.22454723952442104,3.5704389021921115,0.9993692923267242,0.9956563634227468,0.006094653512318378,0.008102650574075741,0.0397113561630249
DINOv3,spine_dinov3_vitb16_teacher_20000.pth,blocks.4.mlp.fc1.weight,2359296,100.0,92.22420983679989,17.76420956001809,19.2619807656294,0.9879051596453958,0.8736292008634082,0.009121434027102734,0.011565240598970112,0.2478572130203247
DINOv3,spine_dinov3_vitb16_teacher_20000.pth,blocks.4.mlp.fc1.bias,3072,100.0,66.7007523440784,0.4369961330831857,0.6551592264340953,0.9999797346715505,1.001526704284249,0.006129652276285924,0.007884369845950088,0.03846263885498047
DINOv3,spine_dinov3_vitb16_teacher_20000.pth,blocks.4.mlp.fc2.weight,2359296,99.99995761447482,88.46045717624952,16.80767117199008,19.000208351288876,0.9884668458502669,0.8737171308858538,0.008625317429309658,0.010942494252597707,0.24681007862091064
DINOv3,spine_dinov3_vitb16_teacher_20000.pth,blocks.4.mlp.fc2.bias,768,100.0,13.072922549521953,0.15692542092459047,1.2003851497638445,0.9999327966830793,0.9968198666773053,0.003629929869454429,0.005662558375844227,0.06659603118896484
DINOv3,spine_dinov3_vitb16_teacher_20000.pth,blocks.4.ls2.gamma,768,100.0,17.34638402344492,0.28317523112263215,1.6324741268260863,0.9998716091573405,0.9967519975845355,0.007823725114576519,0.010218205994780384,0.0656595230102539
DINOv3,spine_dinov3_vitb16_teacher_20000.pth,blocks.5.norm1.weight,768,100.0,24.936940977170412,0.4009253490183598,1.6077567388293696,0.999871017875704,0.9991357893931091,0.01052227026472489,0.014467147386293419,0.08865028619766235
DINOv3,spine_dinov3_vitb16_teacher_20000.pth,blocks.5.norm1.bias,768,100.0,4.959617563092832,0.3320430465074919,6.694932467745132,0.9979010462653171,1.014892520956516,0.00797947932872963,0.011981571392727743,0.10177993774414062
DINOv3,spine_dinov3_vitb16_teacher_20000.pth,blocks.5.attn.qkv.weight,1769472,100.0,79.30279019334758,16.999481414437753,21.436170622737784,0.9840719395589579,0.8642866177367838,0.010072781552607088,0.012779498920194891,0.11000549793243408
DINOv3,spine_dinov3_vitb16_teacher_20000.pth,blocks.5.attn.qkv.bias,2304,0.0,0.0,0.0,,,,0.0,0.0,0.0
DINOv3,spine_dinov3_vitb16_teacher_20000.pth,blocks.5.attn.proj.weight,589824,100.0,46.39440215412052,9.421305365640576,20.30698732649543,0.9871653684577966,0.8617347577191828,0.009730004026805569,0.012267324694844501,0.09557777643203735
DINOv3,spine_dinov3_vitb16_teacher_20000.pth,blocks.5.attn.proj.bias,768,100.0,14.293995408655714,0.17332471266019636,1.2125700876833903,0.9999287377959588,0.997804286814214,0.004242220612582059,0.006254316844473682,0.08112239837646484
DINOv3,spine_dinov3_vitb16_teacher_20000.pth,blocks.5.ls1.gamma,768,100.0,23.46704725207696,0.34564909662696225,1.4729126034225306,0.9998920992004923,0.9988163681472713,0.009415741597573893,0.012472537436420475,0.06864380836486816
DINOv3,spine_dinov3_vitb16_teacher_20000.pth,blocks.5.norm2.weight,768,100.0,27.167064565808765,0.35920221031840216,1.3221973594102536,0.9999173930531549,1.0030179600884825,0.009908675706886546,0.01296159330130238,0.04454469680786133
DINOv3,spine_dinov3_vitb16_teacher_20000.pth,blocks.5.norm2.bias,768,100.0,7.175830640650883,0.22063489992817384,3.0746949165478243,0.999564193599813,0.9909646581572075,0.006300281811424687,0.007961476179134832,0.03113996982574463
DINOv3,spine_dinov3_vitb16_teacher_20000.pth,blocks.5.mlp.fc1.weight,2359296,100.0,92.8364853087277,19.71599389665065,21.23733339439243,0.9845966362693803,0.8640438713760117,0.010157442942195168,0.012835933526465268,0.10495629906654358
DINOv3,spine_dinov3_vitb16_teacher_20000.pth,blocks.5.mlp.fc1.bias,3072,100.0,79.761269097523,0.4980249178352102,0.6243944253523374,0.9999809718642122,1.000945819176154,0.0070616416152612755,0.008985463136728121,0.042455315589904785
DINOv3,spine_dinov3_vitb16_teacher_20000.pth,blocks.5.mlp.fc2.weight,2359296,100.0,89.45362600678439,18.341475923910185,20.503893182059628,0.9867674221147089,0.8612647970065492,0.009414172378169456,0.011941065054629026,0.18858307600021362
DINOv3,spine_dinov3_vitb16_teacher_20000.pth,blocks.5.mlp.fc2.bias,768,100.0,12.53131097292101,0.16322845478983208,1.3025648724427437,0.9999193087860829,0.9970397935611883,0.0037103508419325712,0.005889999519519764,0.06792020797729492
DINOv3,spine_dinov3_vitb16_teacher_20000.pth,blocks.5.ls2.gamma,768,100.0,28.70906207356034,0.30204293659381776,1.052082216478903,0.999945952541422,0.9983348339874762,0.008388254141512638,0.01089903567182911,0.058985233306884766
DINOv3,spine_dinov3_vitb16_teacher_20000.pth,blocks.6.norm1.weight,768,100.0,20.548263716237134,0.4182762796892147,2.0355796745916535,0.999798018036563,0.9965676417426096,0.011473123488637308,0.015093245167137706,0.07871343195438385
DINOv3,spine_dinov3_vitb16_teacher_20000.pth,blocks.6.norm1.bias,768,100.0,5.219550779750966,0.2417495747165693,4.631616491871808,0.9990077486663229,1.0117226622772302,0.005848101758819742,0.008723386377443052,0.08203506469726562
DINOv3,spine_dinov3_vitb16_teacher_20000.pth,blocks.6.attn.qkv.weight,1769472,100.0,79.80685647230678,18.739481246573504,23.48104169856153,0.9807333064160353,0.8504499604400924,0.011105334792730159,0.01408755799763432,0.1038241982460022
DINOv3,spine_dinov3_vitb16_teacher_20000.pth,blocks.6.attn.qkv.bias,2304,0.0,0.0,0.0,,,,0.0,0.0,0.0
DINOv3,spine_dinov3_vitb16_teacher_20000.pth,blocks.6.attn.proj.weight,589824,100.0,46.78290485092832,10.431989906401565,22.2987220217356,0.9842612404577946,0.848270469271731,0.010770336680264168,0.013583320190627038,0.09649658203125
DINOv3,spine_dinov3_vitb16_teacher_20000.pth,blocks.6.attn.proj.bias,768,100.0,13.437404010250406,0.19999481486689655,1.488344137858289,0.9998915586049253,0.9977361475869106,0.004835414457943443,0.007216691262495756,0.0866398811340332
DINOv3,spine_dinov3_vitb16_teacher_20000.pth,blocks.6.ls1.gamma,768,100.0,38.02012254977441,0.40305669726382926,1.0601141454401248,0.9999467862828966,0.9975055575699731,0.010846573316181699,0.014544055791497083,0.07997399568557739
DINOv3,spine_dinov3_vitb16_teacher_20000.pth,blocks.6.norm2.weight,768,100.0,22.18049523611162,0.4081953243030793,1.8403345820633645,0.999852011410556,1.0063886664518311,0.011524109023412166,0.01472948002302059,0.04884463548660278
DINOv3,spine_dinov3_vitb16_teacher_20000.pth,blocks.6.norm2.bias,768,100.0,7.5351442233504144,0.22781423396991957,3.023355986524497,0.9995617551077246,0.9934159910250154,0.006361030974896191,0.00822053808173509,0.036925941705703735
DINOv3,spine_dinov3_vitb16_teacher_20000.pth,blocks.6.mlp.fc1.weight,2359296,100.0,94.04873986450943,21.759237943510257,23.136129176060766,0.9814936451130093,0.8516559667512995,0.011204259283109787,0.014166170536139491,0.11515140533447266
DINOv3,spine_dinov3_vitb16_teacher_20000.pth,blocks.6.mlp.fc1.bias,3072,100.0,94.58538125449603,0.5873918370268307,0.6210175708298575,0.9999816856949035,1.001373809090618,0.008343147662041398,0.010597838600850921,0.03930175304412842
DINOv3,spine_dinov3_vitb16_teacher_20000.pth,blocks.6.mlp.fc2.weight,2359296,100.0,91.66819364038395,20.330590571219552,22.178456631290068,0.9847808916512738,0.8470064440346022,0.010407975160407389,0.013236061569804397,0.19522106647491455
DINOv3,spine_dinov3_vitb16_teacher_20000.pth,blocks.6.mlp.fc2.bias,768,100.0,13.96979749112086,0.15298785206024457,1.095132926282453,0.9999406342596543,0.9988435215841346,0.0035862837150565006,0.005520473598107803,0.05559539794921875
DINOv3,spine_dinov3_vitb16_teacher_20000.pth,blocks.6.ls2.gamma,768,100.0,51.478914602273214,0.3148278511193894,0.6115666065451333,0.9999821369338842,0.9986877033583114,0.009065165902332714,0.01136037153701068,0.04605388641357422
DINOv3,spine_dinov3_vitb16_teacher_20000.pth,blocks.7.norm1.weight,768,100.0,18.285766687265973,0.4236365068756718,2.3167555078272324,0.9997537898952005,0.9930922571795545,0.011904736641251171,0.015286665705201366,0.09065137058496475
DINOv3,spine_dinov3_vitb16_teacher_20000.pth,blocks.7.norm1.bias,768,100.0,5.7147718146567525,0.24950337083477275,4.3659375899291035,0.9990759138638312,1.0067455140336687,0.006403352401087581,0.009003177394698442,0.0965890884399414
DINOv3,spine_dinov3_vitb16_teacher_20000.pth,blocks.7.attn.qkv.weight,1769472,100.0,79.23638477004664,20.488948686745893,25.858005443089365,0.9758773335700718,0.8373124941434813,0.012162450553324766,0.015402734426699443,0.18305784463882446
DINOv3,spine_dinov3_vitb16_teacher_20000.pth,blocks.7.attn.qkv.bias,2304,0.0,0.0,0.0,,,,0.0,0.0,0.0
DINOv3,spine_dinov3_vitb16_teacher_20000.pth,blocks.7.attn.proj.weight,589824,100.0,47.68065553259481,11.568319404543741,24.26208128920451,0.9814397570214736,0.8328165572484714,0.011946755871228223,0.015062915891332997,0.12392690777778625
DINOv3,spine_dinov3_vitb16_teacher_20000.pth,blocks.7.attn.proj.bias,768,100.0,13.673195022271601,0.21567684901505116,1.577369800282565,0.999876381158473,1.0011362014821894,0.005495846083675815,0.007782567927300629,0.061907291412353516
DINOv3,spine_dinov3_vitb16_teacher_20000.pth,blocks.7.ls1.gamma,768,100.0,60.442430907366415,0.44130920999166906,0.7301314711647121,0.9999775873473595,0.9970647891112439,0.012398123712046072,0.01592437444903445,0.06077384948730469
DINOv3,spine_dinov3_vitb16_teacher_20000.pth,blocks.7.norm2.weight,768,100.0,20.667645548280976,0.47864195712884483,2.315899776830921,0.9997848995281399,1.010089485988803,0.013213177716049055,0.017271503924611742,0.06735816597938538
DINOv3,spine_dinov3_vitb16_teacher_20000.pth,blocks.7.norm2.bias,768,100.0,8.521764908296865,0.25932311551402415,3.0430681707910634,0.999538978328291,0.9974906651754029,0.007257002869328251,0.00935751690931964,0.038247883319854736
DINOv3,spine_dinov3_vitb16_teacher_20000.pth,blocks.7.mlp.fc1.weight,2359296,100.0,94.42500991839019,23.914499218314507,25.3264460750212,0.9773099543447415,0.8384660349949319,0.012322457417446454,0.015569335428590174,0.11500975489616394
DINOv3,spine_dinov3_vitb16_teacher_20000.pth,blocks.7.mlp.fc1.bias,3072,100.0,93.9022190622099,0.682655812946994,0.72698581542012,0.9999758257352505,1.002097827732838,0.009581949217439009,0.012316609917775306,0.04278230667114258
DINOv3,spine_dinov3_vitb16_teacher_20000.pth,blocks.7.mlp.fc2.weight,2359296,100.0,92.42721808568935,22.190467322276366,24.0085851136443,0.9822813961960627,0.8322215507050162,0.011380698335958195,0.01444691882960701,0.2642306089401245
DINOv3,spine_dinov3_vitb16_teacher_20000.pth,blocks.7.mlp.fc2.bias,768,100.0,11.955996535415087,0.1438366378465061,1.2030501800535391,0.9999276502446709,0.9997309336923016,0.0034136262528742614,0.005190257598750688,0.051438331604003906
DINOv3,spine_dinov3_vitb16_teacher_20000.pth,blocks.7.ls2.gamma,768,100.0,79.84984278165194,0.38352755501152513,0.4803109707557907,0.9999886365641968,0.999402871778719,0.010689724721790602,0.01383935857047144,0.055818021297454834
DINOv3,spine_dinov3_vitb16_teacher_20000.pth,blocks.8.norm1.weight,768,100.0,18.978647709323113,0.45871870167883444,2.4170252206825698,0.9997323487665691,0.9927344732273293,0.013025660620769486,0.016552585368536918,0.0905856266617775
DINOv3,spine_dinov3_vitb16_teacher_20000.pth,blocks.8.norm1.bias,768,100.0,6.548600879954907,0.27132280840476053,4.143217969433325,0.9991816683227897,1.008161190945769,0.00648893921249923,0.009790518529360859,0.11902403831481934
DINOv3,spine_dinov3_vitb16_teacher_20000.pth,blocks.8.attn.qkv.weight,1769472,100.0,79.24996233158109,22.41537178154033,28.284394240787936,0.9704041104447226,0.8231463998661416,0.013321292594113668,0.016850938713616995,0.17112118005752563
DINOv3,spine_dinov3_vitb16_teacher_20000.pth,blocks.8.attn.qkv.bias,2304,0.0,0.0,0.0,,,,0.0,0.0,0.0
DINOv3,spine_dinov3_vitb16_teacher_20000.pth,blocks.8.attn.proj.weight,589824,100.0,48.10798722599021,12.81576159909562,26.639571385293664,0.9771141038153317,0.816743756699494,0.013260094252773441,0.016687189582155756,0.12541544437408447
DINOv3,spine_dinov3_vitb16_teacher_20000.pth,blocks.8.attn.proj.bias,768,100.0,16.23302425897953,0.23961700489092413,1.4761082166089696,0.9998947492703854,1.0026148899285725,0.006052276221263734,0.008646433892261681,0.06206321716308594
DINOv3,spine_dinov3_vitb16_teacher_20000.pth,blocks.8.ls1.gamma,768,100.0,72.85894091868589,0.46907266992574087,0.6438093444828531,0.9999817660305187,0.9977498518924848,0.01333274804831793,0.016926202015695186,0.08893680572509766
DINOv3,spine_dinov3_vitb16_teacher_20000.pth,blocks.8.norm2.weight,768,100.0,21.718809172984926,0.5568382858001727,2.5638527479342623,0.9997758363570863,1.0142346417994654,0.015779019459538784,0.020093170887613716,0.07258975505828857
DINOv3,spine_dinov3_vitb16_teacher_20000.pth,blocks.8.norm2.bias,768,100.0,8.415710902399413,0.3120842661532515,3.7083529813776375,0.9993441779275584,0.9913457942685308,0.008812206315800116,0.01126137094208916,0.045748114585876465
DINOv3,spine_dinov3_vitb16_teacher_20000.pth,blocks.8.mlp.fc1.weight,2359296,100.0,95.22370464823616,26.0639776301832,27.371312349656613,0.9737078564511786,0.8219651014709308,0.013447650433363809,0.016968735436317186,0.12435099482536316
DINOv3,spine_dinov3_vitb16_teacher_20000.pth,blocks.8.mlp.fc1.bias,3072,100.0,123.89802180319049,0.8497127905617048,0.6858162690534773,0.9999797427079168,1.0025332151830126,0.012267256916553984,0.015330684636395886,0.05590641498565674
DINOv3,spine_dinov3_vitb16_teacher_20000.pth,blocks.8.mlp.fc2.weight,2359296,100.0,97.00697561721016,24.874312033639534,25.641776661292532,0.9807351784302706,0.8146281007802953,0.012721576027723,0.016194213563567404,0.24575179815292358
DINOv3,spine_dinov3_vitb16_teacher_20000.pth,blocks.8.mlp.fc2.bias,768,100.0,14.801558331216299,0.15878281717823936,1.07274392077602,0.9999432994606744,0.9986471172757763,0.0039735864535922856,0.0057295813900339766,0.04333639144897461
DINOv3,spine_dinov3_vitb16_teacher_20000.pth,blocks.8.ls2.gamma,768,100.0,157.477777915576,0.43217230565311254,0.2744338352836046,0.9999962647805085,0.9997493478636976,0.012351685630468031,0.01559467481282036,0.05679607391357422
DINOv3,spine_dinov3_vitb16_teacher_20000.pth,blocks.9.norm1.weight,768,100.0,19.015517726887474,0.6728401202804458,3.5383739214687093,0.9995639462440217,0.9800680073916765,0.020212807634379715,0.024279026535343473,0.07648184895515442
DINOv3,spine_dinov3_vitb16_teacher_20000.pth,blocks.9.norm1.bias,768,100.0,7.101605588898157,0.2895308484633765,4.0769773094129045,0.9991918710545276,1.006016061819343,0.007469071857002518,0.010447544581189449,0.10955810546875
DINOv3,spine_dinov3_vitb16_teacher_20000.pth,blocks.9.attn.qkv.weight,1769472,100.0,79.20915746047412,24.07781025011153,30.39776084239567,0.9660005268068695,0.8061274389706188,0.014288863938897686,0.01810069040286279,0.13158652186393738
DINOv3,spine_dinov3_vitb16_teacher_20000.pth,blocks.9.attn.qkv.bias,2304,0.0,0.0,0.0,,,,0.0,0.0,0.0
DINOv3,spine_dinov3_vitb16_teacher_20000.pth,blocks.9.attn.proj.weight,589824,100.0,49.22130310896427,13.943855951538918,28.32890450029438,0.975187909421009,0.7984277846767736,0.014423786710920934,0.01815606243689963,0.14762702584266663
DINOv3,spine_dinov3_vitb16_teacher_20000.pth,blocks.9.attn.proj.bias,768,100.0,15.43794362199084,0.26743453041487203,1.7323196467301536,0.9998598942688829,1.0043209819418752,0.006384214891700897,0.00965021238285172,0.07076603174209595
DINOv3,spine_dinov3_vitb16_teacher_20000.pth,blocks.9.ls1.gamma,768,100.0,125.85831232833702,0.6061116556941389,0.48158253871458656,0.9999903645908266,0.9980100997969847,0.017591670524173725,0.021871170473373804,0.08223176002502441
DINOv3,spine_dinov3_vitb16_teacher_20000.pth,blocks.9.norm2.weight,768,100.0,24.67600370919064,0.5362337288740315,2.1730979424124093,0.9998040901927603,1.0087737185521024,0.01502643288889279,0.019349667982123682,0.10477709770202637
DINOv3,spine_dinov3_vitb16_teacher_20000.pth,blocks.9.norm2.bias,768,100.0,9.904123833916586,0.3128793343577537,3.1590814049224742,0.9995433651958164,0.9903282450517525,0.00870715262299863,0.011290060494707502,0.05333847552537918
DINOv3,spine_dinov3_vitb16_teacher_20000.pth,blocks.9.mlp.fc1.weight,2359296,100.0,96.07984409640389,28.065573849644434,29.21067796642572,0.9710774731256813,0.8027984502559811,0.014480648394097703,0.018271857975028928,0.1361454427242279
DINOv3,spine_dinov3_vitb16_teacher_20000.pth,blocks.9.mlp.fc1.bias,3072,100.0,146.16407889136937,0.9118340823179301,0.6238427999779717,0.9999838980916909,1.0025751191478178,0.013196357063255467,0.016451489152579133,0.052947044372558594
DINOv3,spine_dinov3_vitb16_teacher_20000.pth,blocks.9.mlp.fc2.weight,2359296,99.99995761447482,101.57687672861233,27.947445303010586,27.513589906568082,0.9786507198806822,0.7957381875663065,0.014251616758087183,0.018194951369147516,0.2671712040901184
DINOv3,spine_dinov3_vitb16_teacher_20000.pth,blocks.9.mlp.fc2.bias,768,100.0,16.71720361196368,0.19257411326260962,1.1519517123353922,0.9999351319090587,0.9982125464273762,0.004864352885903145,0.006948919758195071,0.045961856842041016
DINOv3,spine_dinov3_vitb16_teacher_20000.pth,blocks.9.ls2.gamma,768,100.0,270.47034743817346,0.524731336318414,0.19400697388402688,0.9999981274175269,0.9998613460164177,0.014856303110718727,0.018934611142229274,0.09457993507385254
DINOv3,spine_dinov3_vitb16_teacher_20000.pth,blocks.10.norm1.weight,768,100.0,21.604089487920298,0.7500941512288478,3.472000760079499,0.9994933182961626,0.9856234860522782,0.02256696627106673,0.027066691258096198,0.07484018802642822
DINOv3,spine_dinov3_vitb16_teacher_20000.pth,blocks.10.norm1.bias,768,100.0,8.58292022710919,0.3154671215979852,3.6755220047552224,0.9993670608703126,0.9901221404644212,0.00811726836964984,0.011383439223442073,0.08874142169952393
DINOv3,spine_dinov3_vitb16_teacher_20000.pth,blocks.10.attn.qkv.weight,1769472,100.0,78.58601342313857,26.04459063923891,33.14150890821296,0.9580142293477143,0.7917998349529726,0.015416772686599219,0.01957923361523202,0.19738227128982544
DINOv3,spine_dinov3_vitb16_teacher_20000.pth,blocks.10.attn.qkv.bias,2304,0.0,0.0,0.0,,,,0.0,0.0,0.0
DINOv3,spine_dinov3_vitb16_teacher_20000.pth,blocks.10.attn.proj.weight,589824,100.0,50.631256525596804,15.127835601280333,29.87845184847902,0.9739519490216514,0.7793893948410959,0.015647054601245082,0.019697702605833766,0.1698317527770996
DINOv3,spine_dinov3_vitb16_teacher_20000.pth,blocks.10.attn.proj.bias,768,100.0,14.98908810501562,0.30722817124992147,2.0496788670360635,0.9997943259380581,1.002762915457203,0.007159451882140881,0.011086141710861164,0.09831500053405762
DINOv3,spine_dinov3_vitb16_teacher_20000.pth,blocks.10.ls1.gamma,768,100.0,216.84611595685323,0.6687580376430404,0.30840212871329736,0.9999957531657101,0.9989870228967609,0.019765306496992707,0.024131727065995954,0.09006404876708984
DINOv3,spine_dinov3_vitb16_teacher_20000.pth,blocks.10.norm2.weight,768,100.0,30.37936481721136,0.5410848936167004,1.7810935049904335,0.999864297340355,1.0066350065553222,0.015186573136209821,0.019524719311502625,0.08421409130096436
DINOv3,spine_dinov3_vitb16_teacher_20000.pth,blocks.10.norm2.bias,768,100.0,11.47829627000381,0.36617192751591554,3.190124378239228,0.9994910275651231,0.9994315460674029,0.009963810225476285,0.013213091307562375,0.08671218156814575
DINOv3,spine_dinov3_vitb16_teacher_20000.pth,blocks.10.mlp.fc1.weight,2359296,100.0,97.79103800419443,30.512251002877388,31.20147983455157,0.9678239678927201,0.7833342196295678,0.015712754354822576,0.019864746746664965,0.14612740278244019
DINOv3,spine_dinov3_vitb16_teacher_20000.pth,blocks.10.mlp.fc1.bias,3072,100.0,147.6080022324992,1.0371566980110276,0.702642595472154,0.9999814079733579,1.003472389794654,0.015091350384561034,0.018712584337140317,0.0598444938659668
DINOv3,spine_dinov3_vitb16_teacher_20000.pth,blocks.10.mlp.fc2.weight,2359296,99.99991522894965,104.5729398776722,30.73086274452795,29.387012338446674,0.9768240203713918,0.7754665864571427,0.015636430768844488,0.02000707209930205,0.23692429065704346
DINOv3,spine_dinov3_vitb16_teacher_20000.pth,blocks.10.mlp.fc2.bias,768,100.0,16.598952029275765,0.2142167030712072,1.2905435396969078,0.9999183577526995,0.9981093708425026,0.005249342554861869,0.007729879448942225,0.057335615158081055
DINOv3,spine_dinov3_vitb16_teacher_20000.pth,blocks.10.ls2.gamma,768,100.0,346.3692085717702,0.6781085569409688,0.19577622379804002,0.9999981388286975,0.9996657326928595,0.019496986836505432,0.02446913486810356,0.11046481132507324
DINOv3,spine_dinov3_vitb16_teacher_20000.pth,blocks.11.norm1.weight,768,100.0,32.02707858576228,1.4032849745768858,4.381557845868338,0.9993864817844479,0.9730588368239522,0.04609432860161178,0.05063668486385763,0.10711538791656494
DINOv3,spine_dinov3_vitb16_teacher_20000.pth,blocks.11.norm1.bias,768,100.0,9.371094063854724,0.2936393084555016,3.1334581261765235,0.9995098277723117,0.9981862733586313,0.00788192692060837,0.010595795861339964,0.07622575759887695
DINOv3,spine_dinov3_vitb16_teacher_20000.pth,blocks.11.attn.qkv.weight,1769472,100.0,73.49691385048668,26.75050457082537,36.39677255733947,0.9472480894367962,0.7747620082570943,0.015742944827512765,0.020109910175682734,0.1495395004749298
DINOv3,spine_dinov3_vitb16_teacher_20000.pth,blocks.11.attn.qkv.bias,2304,0.0,0.0,0.0,,,,0.0,0.0,0.0
DINOv3,spine_dinov3_vitb16_teacher_20000.pth,blocks.11.attn.proj.weight,589824,100.0,53.75876525749833,16.251202367069727,30.229865379586617,0.9807211998057962,0.7500730959000549,0.016770212353809596,0.021160419748788708,0.16473233699798584
DINOv3,spine_dinov3_vitb16_teacher_20000.pth,blocks.11.attn.proj.bias,768,99.86979166666667,20.72845787322121,0.2924704980569109,1.4109612005181977,0.9999004578816979,0.9998178566377831,0.007496648550083289,0.010553620048948838,0.06318964809179306
DINOv3,spine_dinov3_vitb16_teacher_20000.pth,blocks.11.ls1.gamma,768,100.0,535.3357952990658,1.009626049693137,0.18859677581042542,0.9999995871266605,0.9983469746869461,0.03310097341065443,0.03643174197319945,0.09672832489013672
DINOv3,spine_dinov3_vitb16_teacher_20000.pth,blocks.11.norm2.weight,768,100.0,31.574834328076307,0.7431160839164417,2.3535074679890364,0.9997424513440194,1.0059769328410657,0.0208766864767919,0.026814891943018632,0.10861039161682129
DINOv3,spine_dinov3_vitb16_teacher_20000.pth,blocks.11.norm2.bias,768,100.0,11.584121375864136,0.8518476379901277,7.353580045915073,0.9976812927362636,0.9698339261629166,0.023151127114140024,0.030738403943884197,0.15432381629943848
DINOv3,spine_dinov3_vitb16_teacher_20000.pth,blocks.11.mlp.fc1.weight,2359296,100.0,98.10337113191002,35.08876126331141,35.76713099505111,0.9508593021873202,0.7718001540885093,0.018083191415770947,0.022844245614135037,0.22706669569015503
DINOv3,spine_dinov3_vitb16_teacher_20000.pth,blocks.11.mlp.fc1.bias,3072,100.0,104.18571652621044,1.5345865729537058,1.4729337418989132,0.9999439574731411,1.0101846345918313,0.021872561567723398,0.02768731159342523,0.08734238147735596
DINOv3,spine_dinov3_vitb16_teacher_20000.pth,blocks.11.mlp.fc2.weight,2359296,100.0,103.02962716598209,32.941498069225275,31.972840216296316,0.971449611254507,0.7571120308906937,0.01691347903265604,0.021446287805485204,0.2793130874633789
DINOv3,spine_dinov3_vitb16_teacher_20000.pth,blocks.11.mlp.fc2.bias,768,100.0,14.278380270729768,0.23857030474280053,1.6708499158820007,0.9998605911684446,1.0004735478156144,0.005981799224362779,0.008608664353994183,0.08050310611724854
DINOv3,spine_dinov3_vitb16_teacher_20000.pth,blocks.11.ls2.gamma,768,100.0,251.02802066718297,0.672280749295966,0.26781103858811317,0.9999971154729219,0.9988125356303792,0.018868142676618998,0.024258841973564333,0.09522235055919737
DINOv3,spine_dinov3_vitb16_teacher_20000.pth,norm.weight,768,100.0,31.387688806369596,0.836128826516608,2.663875099803239,0.9996499013950972,0.9965598505925245,0.02389638308280458,0.0301712001916606,0.16588306427001953
DINOv3,spine_dinov3_vitb16_teacher_20000.pth,norm.bias,768,100.0,7.049129622662956,0.337752935084105,4.791413311484996,0.9988934694000953,1.008054657221902,0.008866754885313336,0.012187609249399637,0.07598219811916351
DINOv3,teacher_training_75712.pth,cls_token,768,100.0,1.4565668438567136,0.5474483444548116,37.58484183295507,0.9377225726629473,1.081199598149404,0.015146766563098879,0.019754340564900028,0.08800459816120565
DINOv3,teacher_training_75712.pth,storage_tokens,3072,100.0,3.141872024543273,1.4314128788007672,45.55923562828274,0.9177300569455688,1.1408731781137007,0.018610796637608118,0.025825831590535003,0.1400398351252079
DINOv3,teacher_training_75712.pth,mask_token,768,100.0,0.0,0.5846552736237396,,,,0.013449862895910178,0.02109692997561252,0.10318246483802795
DINOv3,teacher_training_75712.pth,patch_embed.proj.weight,589824,100.0,19.69412287233015,1.4693560440560667,7.460885938314534,0.9978257526394039,0.9628584174700333,0.0014540811142849386,0.0019132240156980035,0.014892884064465761
DINOv3,teacher_training_75712.pth,patch_embed.proj.bias,768,100.0,8.939487892229186,0.14000852230692257,1.56618056867248,0.9999346572291311,1.0106403045850068,0.002234877655029758,0.005052122377671467,0.0626974105834961
DINOv3,teacher_training_75712.pth,blocks.0.norm1.weight,768,100.0,23.7728422541786,0.8186498361550409,3.4436346626207275,0.9994073599502898,1.000373326703526,0.023396803240653224,0.029540481454759748,0.08649495244026184
DINOv3,teacher_training_75712.pth,blocks.0.norm1.bias,768,100.0,43.889064477915966,1.125732751210218,2.564950437202102,0.9996842103667649,0.9945444116204346,0.03300203503032462,0.04062138168417484,0.10522603336721659
DINOv3,teacher_training_75712.pth,blocks.0.attn.qkv.weight,1769472,100.0,101.8978592757374,35.16967837200636,34.51463909250202,0.9549937364337695,0.7785310837383648,0.017337353810478406,0.026439092806497956,0.370263934135437
DINOv3,teacher_training_75712.pth,blocks.0.attn.qkv.bias,2304,0.0,0.0,0.0,,,,0.0,0.0,0.0
DINOv3,teacher_training_75712.pth,blocks.0.attn.proj.weight,589824,100.0,22.13161419930001,15.038406083602192,67.94988358362868,0.7461346061976093,0.8819120655512541,0.015163506374992284,0.01958125792135702,0.19556275010108948
DINOv3,teacher_training_75712.pth,blocks.0.attn.proj.bias,768,100.0,18.58219941557115,0.31255239329869733,1.6819989190127338,0.9998688063214987,0.9953364900113957,0.007506529525945401,0.011278263025429043,0.06239207834005356
DINOv3,teacher_training_75712.pth,blocks.0.ls1.gamma,768,100.0,1.9093632706481547,0.4172231983967954,21.851431040420312,0.9813608513885913,0.8773530416358373,0.005807718940607165,0.015055245369159155,0.1780409812927246
DINOv3,teacher_training_75712.pth,blocks.0.norm2.weight,768,100.0,38.90218765944343,3.631402695492334,9.334700473100046,0.9981210957391745,0.9276981942665755,0.10800508898417623,0.13103695773615198,0.28413355350494385
DINOv3,teacher_training_75712.pth,blocks.0.norm2.bias,768,100.0,9.988418243385217,0.7169888928502803,7.178202547987045,0.9974381284824837,0.9914816754580071,0.018163030768495975,0.025872108143317567,0.1923542618751526
DINOv3,teacher_training_75712.pth,blocks.0.mlp.fc1.weight,2359296,100.0,92.22526717213451,40.35120993659524,43.75287941566104,0.9035499945201895,0.81503989163034,0.02035797925491238,0.026270318969137525,0.3374570608139038
DINOv3,teacher_training_75712.pth,blocks.0.mlp.fc1.bias,3072,100.0,86.15298883808235,2.0515062136979254,2.381236265120839,0.9998040086197671,1.0130359497921013,0.02871104209191344,0.03701367702258398,0.13615500926971436
DINOv3,teacher_training_75712.pth,blocks.0.mlp.fc2.weight,2359296,100.0,91.58408331402617,37.523606661807,40.971755466662216,0.9184017411547569,0.8119581750829392,0.01895788552898682,0.024429431420447265,0.37272024154663086
DINOv3,teacher_training_75712.pth,blocks.0.mlp.fc2.bias,768,100.0,15.935290964564356,0.3332046724168895,2.0909858072742056,0.999785158854424,0.9970308839611449,0.0073952248450552815,0.012023487957195765,0.17553424835205078
DINOv3,teacher_training_75712.pth,blocks.0.ls2.gamma,768,100.0,4.713548754254283,1.407711964343524,29.8652254964579,0.9572380604964028,1.0313857095376442,0.04077426834704786,0.050796430097199405,0.18509691953659058
DINOv3,teacher_training_75712.pth,blocks.1.norm1.weight,768,100.0,38.96229650637499,2.770821145848358,7.111544735036339,0.9987138591904662,0.9488462405290896,0.08774480632839972,0.09998339590199104,0.36841297149658203
DINOv3,teacher_training_75712.pth,blocks.1.norm1.bias,768,100.0,4.05390160736745,0.6499787645330327,16.033412437829746,0.9890134647059339,1.0510994116648948,0.017184885443706815,0.02345408841691793,0.1201929897069931
DINOv3,teacher_training_75712.pth,blocks.1.attn.qkv.weight,1769472,100.0,78.52275753838795,36.401817288267395,46.358302267303074,0.8923315508230188,0.7866678602529953,0.020984129431776095,0.027365363294756192,0.3885321021080017
DINOv3,teacher_training_75712.pth,blocks.1.attn.qkv.bias,2304,0.0,0.0,0.0,,,,0.0,0.0,0.0
DINOv3,teacher_training_75712.pth,blocks.1.attn.proj.weight,589824,100.0,45.38703652662495,17.163172778421483,37.81514302735589,0.9355528934504449,0.8004317601609501,0.017216053950122975,0.02234788122190297,0.23140466213226318
DINOv3,teacher_training_75712.pth,blocks.1.attn.proj.bias,768,100.0,10.974138759641784,0.49294573250869267,4.491885361624344,0.999026601752036,0.990549903195482,0.012682334138389706,0.017787646959985685,0.1272120475769043
DINOv3,teacher_training_75712.pth,blocks.1.ls1.gamma,768,100.0,8.898598861588763,1.2707043491678658,14.279825048108677,0.993702830698498,0.9051779410986421,0.032148939538293085,0.045852593628280966,0.2227277159690857
DINOv3,teacher_training_75712.pth,blocks.1.norm2.weight,768,100.0,65.44327568216545,4.333257604612813,6.621394726110432,0.9982839502741085,0.9673787373355909,0.13056436543343133,0.15636296528070004,0.35979247093200684
DINOv3,teacher_training_75712.pth,blocks.1.norm2.bias,768,100.0,6.061213268652413,0.9189186221862546,15.16063833191201,0.9885135915386333,1.000497585852372,0.024579828802610375,0.03315861961766213,0.1429119948297739
DINOv3,teacher_training_75712.pth,blocks.1.mlp.fc1.weight,2359296,100.0,91.46037976521401,42.73175545380197,46.72160290991329,0.8857187982973048,0.8329115307635341,0.021786649397312632,0.02782015329023566,0.4568014144897461
DINOv3,teacher_training_75712.pth,blocks.1.mlp.fc1.bias,3072,100.0,63.899973472092185,2.245392807109049,3.5139182148326036,0.9996139276836791,1.021125936916769,0.029822966294015412,0.04051181692565184,0.17293107509613037
DINOv3,teacher_training_75712.pth,blocks.1.mlp.fc2.weight,2359296,99.99995761447482,88.8039830158019,39.640118589109754,44.63777101310437,0.8998478974951205,0.8050887357838475,0.020133273045353298,0.02580736887311833,0.42645710706710815
DINOv3,teacher_training_75712.pth,blocks.1.mlp.fc2.bias,768,100.0,21.10369792400254,0.3692210765502675,1.7495562999427203,0.9998470397141601,1.0002915055017052,0.008125050443140935,0.013323117996048772,0.17915424704551697
DINOv3,teacher_training_75712.pth,blocks.1.ls2.gamma,768,100.0,6.333760886960314,1.529745425392037,24.152244656747524,0.9737651463811214,1.0547074252135444,0.04661598759781308,0.0551999333213557,0.1882447600364685
DINOv3,teacher_training_75712.pth,blocks.2.norm1.weight,768,100.0,48.11163706953371,3.4471570503027564,7.164913231534248,0.9989519090243502,0.9438291849902921,0.10617158047762132,0.12438856568320081,0.3467424511909485
DINOv3,teacher_training_75712.pth,blocks.2.norm1.bias,768,100.0,6.32028486140988,0.638707670275209,10.10567853001377,0.9949829231553908,1.0092479582427936,0.015304863408173238,0.023047377835429414,0.17518708109855652
DINOv3,teacher_training_75712.pth,blocks.2.attn.qkv.weight,1769472,100.0,78.82035711462918,39.52381752823567,50.144174646095315,0.8681413411694295,0.7966346048345461,0.023124479098263487,0.029712352460063166,0.39055585861206055
DINOv3,teacher_training_75712.pth,blocks.2.attn.qkv.bias,2304,0.0,0.0,0.0,,,,0.0,0.0,0.0
DINOv3,teacher_training_75712.pth,blocks.2.attn.proj.weight,589824,100.0,45.84987403689589,19.526090329009207,42.58700975556956,0.9111453179334349,0.8036691327382136,0.019910264477975118,0.02542459678256407,0.231503427028656
DINOv3,teacher_training_75712.pth,blocks.2.attn.proj.bias,768,100.0,9.708144267949574,0.5031394042864127,5.1826527336174335,0.9986683777823518,0.9937168408328926,0.013680994340267224,0.01815547940654177,0.08831930160522461
DINOv3,teacher_training_75712.pth,blocks.2.ls1.gamma,768,100.0,6.67605397524649,0.7876821903492675,11.798619263262996,0.9934019329073507,0.9656865589065476,0.020045125576871214,0.028423032789626476,0.18795478343963623
DINOv3,teacher_training_75712.pth,blocks.2.norm2.weight,768,100.0,80.0063509307909,3.1584734154396057,3.9477783684595575,0.999416216829395,0.9796356742122674,0.09328676567629184,0.11397159228952082,0.27495241165161133
DINOv3,teacher_training_75712.pth,blocks.2.norm2.bias,768,100.0,6.240213190341847,0.6883195758112405,11.030385578437802,0.993898134578544,0.994563356053103,0.01740146881925142,0.024837593273944296,0.1609380543231964
DINOv3,teacher_training_75712.pth,blocks.2.mlp.fc1.weight,2359296,99.99991522894965,105.1519463336884,47.269121471807985,44.95315885243294,0.8981492050775423,0.8046043299499953,0.023108504623777282,0.030774167624874987,0.49431920051574707
DINOv3,teacher_training_75712.pth,blocks.2.mlp.fc1.bias,3072,100.0,95.51431127079266,2.0718723626214897,2.1691747917728517,0.9998090443138893,1.0092248299730324,0.027953254740471795,0.03738112707143947,0.24070382118225098
DINOv3,teacher_training_75712.pth,blocks.2.mlp.fc2.weight,2359296,100.0,88.20922251789064,42.723503285572555,48.43428166131648,0.8774149697278958,0.8107441882162171,0.02185207111082153,0.027814780784877965,0.4134211540222168
DINOv3,teacher_training_75712.pth,blocks.2.mlp.fc2.bias,768,100.0,18.65003611586971,0.4934003058571675,2.645572924319019,0.9996586637282326,0.9954933814203406,0.010624209513302674,0.017804049962804956,0.29178526997566223
DINOv3,teacher_training_75712.pth,blocks.2.ls2.gamma,768,100.0,9.536781564776517,1.6215803956638217,17.00343438349289,0.9854404626890748,0.9875813943164432,0.05043992180054602,0.05851374237182046,0.185137540102005
DINOv3,teacher_training_75712.pth,blocks.3.norm1.weight,768,100.0,36.25860587024092,3.270934547186412,9.02112607112403,0.998073290252335,0.9325876866876329,0.10532834634750543,0.11802968383248261,0.30559825897216797
DINOv3,teacher_training_75712.pth,blocks.3.norm1.bias,768,100.0,4.948752423383709,0.7281181202470397,14.713165217289026,0.9891532079405613,0.9976262150943329,0.018067015787522678,0.02627369954540454,0.20262646675109863
DINOv3,teacher_training_75712.pth,blocks.3.attn.qkv.weight,1769472,100.0,80.33945091482421,44.00459149614799,54.77332866364946,0.8382278263923247,0.7868698452402466,0.026013282066342618,0.03308081086703198,0.33240753412246704
DINOv3,teacher_training_75712.pth,blocks.3.attn.qkv.bias,2304,0.0,0.0,0.0,,,,0.0,0.0,0.0
DINOv3,teacher_training_75712.pth,blocks.3.attn.proj.weight,589824,100.0,46.160879876422115,23.95800394663073,51.901098962517636,0.85748780321778,0.7892401657571405,0.02461024971680762,0.031195317638842097,0.21133530139923096
DINOv3,teacher_training_75712.pth,blocks.3.attn.proj.bias,768,100.0,12.587327508948896,0.6049982939414545,4.80640782176625,0.998875918970571,0.9909224848558873,0.015443647308491867,0.021830995491647697,0.21555614471435547
DINOv3,teacher_training_75712.pth,blocks.3.ls1.gamma,768,100.0,8.1167618512706,1.3296915388724744,16.382044505399946,0.9866085860971896,1.001893885518062,0.03941724564507846,0.04798111049419942,0.31100916862487793
DINOv3,teacher_training_75712.pth,blocks.3.norm2.weight,768,100.0,36.30923891307976,2.607809672800128,7.182220698822499,0.9974392082437711,0.9908510705236098,0.07265789334390622,0.094101226036654,0.3081536293029785
DINOv3,teacher_training_75712.pth,blocks.3.norm2.bias,768,100.0,6.290126598330422,1.0658866431374088,16.945392536619618,0.9855790584468681,0.9765950019562054,0.02812560724532176,0.0384618712713131,0.23978613689541817
DINOv3,teacher_training_75712.pth,blocks.3.mlp.fc1.weight,2359296,100.0,91.14468992584236,50.80259773042731,55.738406452160405,0.8302646562045275,0.8343136962198795,0.02603529619633586,0.033074607897413615,0.5002729892730713
DINOv3,teacher_training_75712.pth,blocks.3.mlp.fc1.bias,3072,100.0,59.08028849984918,2.635348001739799,4.460621416475524,0.9993463847493523,1.0254789516671388,0.03301178507946645,0.04754746494415048,0.284221887588501
DINOv3,teacher_training_75712.pth,blocks.3.mlp.fc2.weight,2359296,100.0,87.9972516816598,47.32599800667866,53.78122282487402,0.8439225104233308,0.8058804750796253,0.02428739959414229,0.03081119661893142,0.48002374172210693
DINOv3,teacher_training_75712.pth,blocks.3.mlp.fc2.bias,768,100.0,13.623790807378976,0.529152742468074,3.8840345535948195,0.9992473631476967,1.001213374077712,0.010865966505150482,0.019094154894148202,0.29329168796539307
DINOv3,teacher_training_75712.pth,blocks.3.ls2.gamma,768,100.0,12.053151661164538,2.0813618520972708,17.26819599228519,0.9864327480386125,0.9328731953350481,0.06533365133661088,0.07510467659933608,0.24018387496471405
DINOv3,teacher_training_75712.pth,blocks.4.norm1.weight,768,100.0,27.967291851873025,3.1072450578281203,11.110282233565714,0.9971373781346322,0.9157322922728939,0.09773861956879652,0.11212304816094998,0.4683518409729004
DINOv3,teacher_training_75712.pth,blocks.4.norm1.bias,768,100.0,4.375935352358134,0.9037810084476146,20.653436023925238,0.9812034632483189,1.0548015491604699,0.018677216645710832,0.032612388032231356,0.38937675952911377
DINOv3,teacher_training_75712.pth,blocks.4.attn.qkv.weight,1769472,100.0,79.5596042838508,46.899052254763056,58.9483226782247,0.8079107743855385,0.7934092563322265,0.02773680113536467,0.035256745369825225,0.3255026340484619
DINOv3,teacher_training_75712.pth,blocks.4.attn.qkv.bias,2304,0.0,0.0,0.0,,,,0.0,0.0,0.0
DINOv3,teacher_training_75712.pth,blocks.4.attn.proj.weight,589824,100.0,46.35398986374295,25.75410023269202,55.559619157694776,0.8323386430274098,0.793936237223631,0.026530017927317986,0.03353398467798441,0.2543720006942749
DINOv3,teacher_training_75712.pth,blocks.4.attn.proj.bias,768,100.0,14.466794561558633,0.7597704809620242,5.251823254481659,0.9986632963902926,0.9893603771303761,0.016375646002302346,0.027415855731609755,0.4316530227661133
DINOv3,teacher_training_75712.pth,blocks.4.ls1.gamma,768,100.0,14.767359759447046,1.6516461038727346,11.18443737253801,0.9937318759041835,0.9902382929195789,0.04774174737152256,0.05959864516730749,0.48333168029785156
DINOv3,teacher_training_75712.pth,blocks.4.norm2.weight,768,100.0,31.48025413285188,2.164453509372181,6.875590966444644,0.9977700160597562,0.9812660752675774,0.06393201069700656,0.07810298851777868,0.3400490880012512
DINOv3,teacher_training_75712.pth,blocks.4.norm2.bias,768,100.0,6.289065453173214,1.3778070648409797,21.90797782436487,0.9757916950311026,0.9629316278866966,0.03194224084880659,0.049717329986081735,0.47291330248117447
DINOv3,teacher_training_75712.pth,blocks.4.mlp.fc1.weight,2359296,100.0,92.22420983679989,56.027560880815756,60.751467515918236,0.7949846266571942,0.8277662854780203,0.028835274692184016,0.03647627661511442,0.6723147630691528
DINOv3,teacher_training_75712.pth,blocks.4.mlp.fc1.bias,3072,100.0,66.7007523440784,2.695635197034631,4.0413864946066775,0.9994278713354996,1.021549138977448,0.033347374093864346,0.04863517833265544,0.28865957260131836
DINOv3,teacher_training_75712.pth,blocks.4.mlp.fc2.weight,2359296,100.0,88.46045717624952,53.48320745146904,60.46001700500886,0.796986242229204,0.823975794415623,0.027532886369086164,0.03481979651788349,0.8318252563476562
DINOv3,teacher_training_75712.pth,blocks.4.mlp.fc2.bias,768,100.0,13.072922549521953,0.6406891561693584,4.900886957314582,0.9988816561572365,0.9859807916799587,0.012617787617034063,0.02311887854882833,0.2900419235229492
DINOv3,teacher_training_75712.pth,blocks.4.ls2.gamma,768,100.0,17.34638402344492,1.759498249074775,10.143314287846293,0.9949207333873725,0.9824328112916261,0.05153739374145516,0.06349042423387478,0.24775052070617676
DINOv3,teacher_training_75712.pth,blocks.5.norm1.weight,768,100.0,24.936940977170412,3.1503497066281607,12.633264479040484,0.9957139392782668,0.9096547386499616,0.10149116077809595,0.1136784531977017,0.29051733016967773
DINOv3,teacher_training_75712.pth,blocks.5.norm1.bias,768,100.0,4.959617563092832,1.0036666266280785,20.23677458715565,0.9821628736930974,1.0569734012291256,0.021253743162532146,0.0362166998162728,0.38289177417755127
DINOv3,teacher_training_75712.pth,blocks.5.attn.qkv.weight,1769472,100.0,79.30279019334758,50.88474117690213,64.16513347492618,0.7679286937367947,0.8057561183095685,0.030169465236986003,0.03825301955225115,0.27053558826446533
DINOv3,teacher_training_75712.pth,blocks.5.attn.qkv.bias,2304,0.0,0.0,0.0,,,,0.0,0.0,0.0
DINOv3,teacher_training_75712.pth,blocks.5.attn.proj.weight,589824,100.0,46.39440215412052,27.536942804164728,59.35402015244857,0.8048433833803703,0.7969160511122966,0.028451533952564913,0.035855394276256156,0.24628132581710815
DINOv3,teacher_training_75712.pth,blocks.5.attn.proj.bias,768,100.0,14.293995408655714,0.8839404092862226,6.183998133586592,0.9981072000808439,0.9916136536814165,0.018369010097899263,0.03189645207806179,0.4436664581298828
DINOv3,teacher_training_75712.pth,blocks.5.ls1.gamma,768,100.0,23.46704725207696,1.98110515051433,8.442072533599179,0.9966737326241163,0.9746422059148037,0.057664608204504475,0.07148697449640015,0.40483593940734863
DINOv3,teacher_training_75712.pth,blocks.5.norm2.weight,768,100.0,27.167064565808765,1.9465981609528347,7.165287056455613,0.9975574116236965,1.0135237307207914,0.0535589631434353,0.07024181076438435,0.29517698287963867
DINOv3,teacher_training_75712.pth,blocks.5.norm2.bias,768,100.0,7.175830640650883,1.2118953090543938,16.888571786923738,0.9860122616441447,0.9587622008587323,0.029804748272880488,0.043730505182012436,0.466838076710701
DINOv3,teacher_training_75712.pth,blocks.5.mlp.fc1.weight,2359296,100.0,92.8364853087277,62.240667417911126,67.04332591968536,0.7479085427682618,0.8419720499485717,0.03213022483294265,0.04052126785020256,0.3716006726026535
DINOv3,teacher_training_75712.pth,blocks.5.mlp.fc1.bias,3072,100.0,79.761269097523,3.556059048936631,4.458378219369462,0.9992034664699686,1.0190851424631129,0.03816976126108784,0.06415911403618026,0.37337470054626465
DINOv3,teacher_training_75712.pth,blocks.5.mlp.fc2.weight,2359296,100.0,89.45362600678439,59.8988054137285,66.96073495018035,0.7476410616913884,0.83332162911398,0.0308641084182573,0.03899661810789616,0.5860975086688995
DINOv3,teacher_training_75712.pth,blocks.5.mlp.fc2.bias,768,100.0,12.53131097292101,0.7227105236394199,5.767237962581326,0.9983561321194239,0.9919475509847244,0.014208226566912193,0.026078569710587154,0.2664443850517273
DINOv3,teacher_training_75712.pth,blocks.5.ls2.gamma,768,100.0,28.70906207356034,1.6072048268250472,5.598249161560751,0.9984339048327915,1.0005079557355814,0.04449982874696919,0.05799500871314418,0.312664270401001
DINOv3,teacher_training_75712.pth,blocks.6.norm1.weight,768,100.0,20.548263716237134,2.86054171510204,13.921087224715997,0.9945581143181461,0.902224427573375,0.08980277786516429,0.1032209080776448,0.42850542068481445
DINOv3,teacher_training_75712.pth,blocks.6.norm1.bias,768,100.0,5.219550779750966,0.8797188036920169,16.854301084776303,0.9877675276654501,1.0517318553484998,0.01800360718899796,0.03174411800767259,0.36423230171203613
DINOv3,teacher_training_75712.pth,blocks.6.attn.qkv.weight,1769472,100.0,79.80685647230678,55.57448518011592,69.6362288112431,0.7235036905253862,0.8150352507056544,0.03296074720137077,0.04177857288908176,0.2728344798088074
DINOv3,teacher_training_75712.pth,blocks.6.attn.qkv.bias,2304,0.0,0.0,0.0,,,,0.0,0.0,0.0
DINOv3,teacher_training_75712.pth,blocks.6.attn.proj.weight,589824,100.0,46.78290485092832,30.49281683269812,65.17940031697935,0.7595023086210557,0.8004800997867336,0.03150669131244783,0.03970418858424234,0.29549784399569035
DINOv3,teacher_training_75712.pth,blocks.6.attn.proj.bias,768,100.0,13.437404010250406,1.0949274632005022,8.148355607714574,0.9966779672923634,0.9941205473005217,0.022735106736149646,0.03950979160137025,0.5192623138427734
DINOv3,teacher_training_75712.pth,blocks.6.ls1.gamma,768,100.0,38.02012254977441,2.4809306502919535,6.52530945170947,0.9980589560705048,0.9785744458995383,0.07301798473539141,0.08952287367417829,0.4846668243408203
DINOv3,teacher_training_75712.pth,blocks.6.norm2.weight,768,100.0,22.18049523611162,2.236635300909412,10.083793337797033,0.9954930232779612,1.0297661644096934,0.06065937960814457,0.0807076245661918,0.3358725309371948
DINOv3,teacher_training_75712.pth,blocks.6.norm2.bias,768,100.0,7.5351442233504144,1.196982981024037,15.885336040612803,0.9877137813243366,0.9592023111703925,0.028344023685268855,0.04319240289435178,0.4568972736597061
DINOv3,teacher_training_75712.pth,blocks.6.mlp.fc1.weight,2359296,100.0,94.04873986450943,68.41753679669681,72.74689368008758,0.7007973912670802,0.8433738185506304,0.03531356128736497,0.04454266718534949,0.26250808127224445
DINOv3,teacher_training_75712.pth,blocks.6.mlp.fc1.bias,3072,100.0,94.58538125449603,4.973271466273093,5.25797052389287,0.9990350249674522,1.0279418842698957,0.05486375741141577,0.08972873811893296,0.3864020109176636
DINOv3,teacher_training_75712.pth,blocks.6.mlp.fc2.weight,2359296,100.0,91.66819364038395,65.99669804304494,71.99519857667453,0.705163418357348,0.8300085560235767,0.03397412675042961,0.04296660028844072,0.5763046443462372
DINOv3,teacher_training_75712.pth,blocks.6.mlp.fc2.bias,768,100.0,13.96979749112086,0.7144204041689997,5.11403550855395,0.9986954039533469,1.0014964387289158,0.01492696979541582,0.025779425791345827,0.2879136800765991
DINOv3,teacher_training_75712.pth,blocks.6.ls2.gamma,768,100.0,51.478914602273214,1.8234543251584188,3.5421382506730206,0.9993765027553506,1.0022170305589617,0.04925375146558508,0.06579824034282504,0.3758354187011719
DINOv3,teacher_training_75712.pth,blocks.7.norm1.weight,768,100.0,18.285766687265973,3.0666997990971265,16.770966465588483,0.9917306248865481,0.8837669089591484,0.09536341551029182,0.11065999715828108,0.3020234480500221
DINOv3,teacher_training_75712.pth,blocks.7.norm1.bias,768,100.0,5.7147718146567525,0.9092770020347097,15.910994026089979,0.9883441594259548,1.0346059207545577,0.01924095385909415,0.032810707618292224,0.39638733863830566
DINOv3,teacher_training_75712.pth,blocks.7.attn.qkv.weight,1769472,100.0,79.23638477004664,59.95750957041289,75.6691635344251,0.673397045256425,0.8347841933198328,0.03559165869956685,0.04507354725314772,0.5594192147254944
DINOv3,teacher_training_75712.pth,blocks.7.attn.qkv.bias,2304,0.0,0.0,0.0,,,,0.0,0.0,0.0
DINOv3,teacher_training_75712.pth,blocks.7.attn.proj.weight,589824,100.0,47.68065553259481,33.28403022353878,69.80615063227391,0.7202359523053151,0.7978870540535543,0.034407779434868994,0.04333858102023279,0.24832092970609665
DINOv3,teacher_training_75712.pth,blocks.7.attn.proj.bias,768,100.0,13.673195022271601,1.1782687824769782,8.617362515182103,0.9964749487181771,1.0161781742079439,0.024833188328140448,0.042517112421301,0.4787473678588867
DINOv3,teacher_training_75712.pth,blocks.7.ls1.gamma,768,100.0,60.442430907366415,2.9704315771013836,4.91448065954502,0.9989780767810716,0.9796801519052515,0.09144770087247404,0.10718621691555302,0.42821359634399414
DINOv3,teacher_training_75712.pth,blocks.7.norm2.weight,768,100.0,20.667645548280976,2.3469101724656536,11.355479108556983,0.9945792856911813,1.0402153033139692,0.06521593075012788,0.08468682623980726,0.30813777446746826
DINOv3,teacher_training_75712.pth,blocks.7.norm2.bias,768,100.0,8.521764908296865,1.3377111978750331,15.69758391917883,0.9876259553579663,0.9808111342523219,0.03150932365174578,0.04827049501194545,0.4819597601890564
DINOv3,teacher_training_75712.pth,blocks.7.mlp.fc1.weight,2359296,100.0,94.42500991839019,74.95225164981397,79.37754172818605,0.6449004160577935,0.8593204704195692,0.03872683058336099,0.04879703883451431,0.28913742303848267
DINOv3,teacher_training_75712.pth,blocks.7.mlp.fc1.bias,3072,100.0,93.9022190622099,5.478843538562111,5.834626266853605,0.9989140630842936,1.0340365885481317,0.06279943841703546,0.09885036849489615,0.4248223304748535
DINOv3,teacher_training_75712.pth,blocks.7.mlp.fc2.weight,2359296,100.0,92.42721808568935,72.02602647621012,77.9272902159997,0.65362961250233,0.8393657866333016,0.037100837447396784,0.04689194432044929,0.6020975112915039
DINOv3,teacher_training_75712.pth,blocks.7.mlp.fc2.bias,768,100.0,11.955996535415087,0.8396619404692228,7.022935628845693,0.9976919488548366,1.0156192267980442,0.017361149460593122,0.030298690459886833,0.3049960136413574
DINOv3,teacher_training_75712.pth,blocks.7.ls2.gamma,768,100.0,79.84984278165194,2.852242441234215,3.572007585579879,0.9993634678077257,1.001170290385337,0.07492679613642395,0.10292143382754057,0.5131435394287109
DINOv3,teacher_training_75712.pth,blocks.8.norm1.weight,768,100.0,18.978647709323113,3.3498393218200064,17.650569066490572,0.989980258158349,0.8840785566594276,0.10577861874480732,0.1208769146371734,0.2907905578613281
DINOv3,teacher_training_75712.pth,blocks.8.norm1.bias,768,100.0,6.548600879954907,0.9178981843695372,14.016706792731851,0.9904971308758755,1.0175410434012933,0.019802093424602596,0.033121797739651314,0.3682849407196045
DINOv3,teacher_training_75712.pth,blocks.8.attn.qkv.weight,1769472,100.0,79.24996233158109,64.35262846987847,81.20209344785259,0.626641527369625,0.8548028778554491,0.03824324564398479,0.04837761376320873,0.40121233463287354
DINOv3,teacher_training_75712.pth,blocks.8.attn.qkv.bias,2304,0.0,0.0,0.0,,,,0.0,0.0,0.0
DINOv3,teacher_training_75712.pth,blocks.8.attn.proj.weight,589824,100.0,48.10798722599021,36.38335362703026,75.62850937021588,0.6693029343323288,0.8104891973395658,0.03762368558390153,0.047374158368528985,0.28263308852910995
DINOv3,teacher_training_75712.pth,blocks.8.attn.proj.bias,768,100.0,16.23302425897953,1.3616987159385532,8.388447489600159,0.9966421397186322,1.0148673911987027,0.028266770496050714,0.04913607001264322,0.5248174667358398
DINOv3,teacher_training_75712.pth,blocks.8.ls1.gamma,768,100.0,72.85894091868589,4.180402711076432,5.737666041209636,0.9984496805024549,0.9845268339724106,0.1317601153277792,0.15084728941006373,0.7207226753234863
DINOv3,teacher_training_75712.pth,blocks.8.norm2.weight,768,100.0,21.718809172984926,2.5273232389302507,11.636564504069943,0.9940547620832678,1.0351136632638913,0.06876613093966928,0.09119692202034858,0.34307336807250977
DINOv3,teacher_training_75712.pth,blocks.8.norm2.bias,768,100.0,8.415710902399413,1.2563726347780444,14.928894888961059,0.9888147167866306,0.9823545005062505,0.02884931839172585,0.04533544243072396,0.5454136282205582
DINOv3,teacher_training_75712.pth,blocks.8.mlp.fc1.weight,2359296,100.0,95.22370464823616,80.42261999530348,84.45651247490417,0.5934406227168693,0.8492960948743936,0.041602556316864645,0.05235847655944236,0.3046105206012726
DINOv3,teacher_training_75712.pth,blocks.8.mlp.fc1.bias,3072,100.0,123.89802180319049,7.55000547705427,6.093725603664037,0.9989716045465686,1.0396854334456187,0.09648582851332321,0.1362186779550135,0.4441378116607666
DINOv3,teacher_training_75712.pth,blocks.8.mlp.fc2.weight,2359296,100.0,97.00697561721016,78.58681448725106,81.01150869536937,0.6177260650321031,0.8123332219663653,0.040365239481375936,0.05116329068180407,0.5347394049167633
DINOv3,teacher_training_75712.pth,blocks.8.mlp.fc2.bias,768,100.0,14.801558331216299,1.093460404030971,7.387468127088193,0.9973312446463573,1.0086042247637208,0.023613095415347136,0.03945685366346738,0.4163975715637207
DINOv3,teacher_training_75712.pth,blocks.8.ls2.gamma,768,100.0,157.477777915576,3.99384319369611,2.536131285670803,0.9996801735641009,1.0015895208260994,0.10893589582216616,0.14411540268635023,0.6441936492919922
DINOv3,teacher_training_75712.pth,blocks.9.norm1.weight,768,100.0,19.015517726887474,4.813558221730008,25.313842572499386,0.979991990404885,0.823584305695162,0.1566771379681692,0.17369432094223478,0.35696589946746826
DINOv3,teacher_training_75712.pth,blocks.9.norm1.bias,768,100.0,7.101605588898157,0.9824312653946665,13.833931680611608,0.990414774865254,0.9981084635627937,0.02285307765151856,0.03545043472099471,0.40716874599456787
DINOv3,teacher_training_75712.pth,blocks.9.attn.qkv.weight,1769472,100.0,79.20915746047412,69.10685319558657,87.24603999237253,0.5760121614433349,0.880933724415993,0.04096807326364747,0.05195164100953106,0.37002627179026604
DINOv3,teacher_training_75712.pth,blocks.9.attn.qkv.bias,2304,0.0,0.0,0.0,,,,0.0,0.0,0.0
DINOv3,teacher_training_75712.pth,blocks.9.attn.proj.weight,589824,100.0,49.22130310896427,39.20630654896966,79.65312592837334,0.6324800896691584,0.818203299968886,0.040520174832176785,0.051049878318970905,0.2727644667029381
DINOv3,teacher_training_75712.pth,blocks.9.attn.proj.bias,768,100.0,15.43794362199084,1.5758080985403304,10.207370470608817,0.9956002537170053,1.0360836625876895,0.030810513027518027,0.05686207686771576,0.5885646343231201
DINOv3,teacher_training_75712.pth,blocks.9.ls1.gamma,768,100.0,125.85831232833702,5.655147261016245,4.493264812150979,0.9990390883668587,0.9891374242594877,0.1796670844196342,0.204062549590919,0.4759213924407959
DINOv3,teacher_training_75712.pth,blocks.9.norm2.weight,768,100.0,24.67600370919064,3.442476757860875,13.95070611283267,0.9902287025066664,0.9863423967160271,0.10006590908354458,0.12421968017687539,0.5060389041900635
DINOv3,teacher_training_75712.pth,blocks.9.norm2.bias,768,100.0,9.904123833916586,1.4087642639196942,14.224017061412269,0.9908014493776172,0.9469861754982739,0.03372218771131941,0.05083440168742252,0.5322443246841431
DINOv3,teacher_training_75712.pth,blocks.9.mlp.fc1.weight,2359296,100.0,96.07984409640389,85.14222670074517,88.61611662828656,0.5453803660832424,0.8329935722071959,0.04401668125049664,0.055431137174964305,0.35274743288755417
DINOv3,teacher_training_75712.pth,blocks.9.mlp.fc1.bias,3072,100.0,146.16407889136937,8.840301200902342,6.048203681749018,0.9991036902503195,1.0423039292473242,0.12162939549549871,0.15949844618932307,0.465175986289978
DINOv3,teacher_training_75712.pth,blocks.9.mlp.fc2.weight,2359296,99.99995761447482,101.57687672861233,84.94626167780122,83.62755817424481,0.5834286396524624,0.7827921924533515,0.04360836365134878,0.055303555779818506,0.5303355157375336
DINOv3,teacher_training_75712.pth,blocks.9.mlp.fc2.bias,768,100.0,16.71720361196368,1.2884309920195929,7.70721600290569,0.9970603582731176,1.005395578201966,0.029429631619668346,0.046492248754673025,0.5319335460662842
DINOv3,teacher_training_75712.pth,blocks.9.ls2.gamma,768,100.0,270.47034743817346,4.120514290531916,1.5234624902731049,0.999883954408652,1.0000107605990192,0.11459075973834842,0.14868625217739384,0.6132450103759766
DINOv3,teacher_training_75712.pth,blocks.10.norm1.weight,768,100.0,21.604089487920298,6.142898266141542,28.43396047575289,0.9704314608126271,0.8201442991234229,0.202223218344443,0.22166274797258154,0.5030738115310669
DINOv3,teacher_training_75712.pth,blocks.10.norm1.bias,768,100.0,8.58292022710919,1.395390368462212,16.257757634224138,0.9885038248205879,0.9287436372853309,0.029033253876005933,0.050351812803516825,0.5016436278820038
DINOv3,teacher_training_75712.pth,blocks.10.attn.qkv.weight,1769472,100.0,78.58601342313857,73.90611523106733,94.04487136041271,0.5178593036041713,0.9085280139573996,0.04371969947336769,0.05555952542111488,0.5787550024688244
DINOv3,teacher_training_75712.pth,blocks.10.attn.qkv.bias,2304,0.0,0.0,0.0,,,,0.0,0.0,0.0
DINOv3,teacher_training_75712.pth,blocks.10.attn.proj.weight,589824,100.0,50.631256525596804,42.30554865914781,83.55618952051901,0.5939924156838426,0.8198035549325872,0.04372541701984925,0.05508534981659871,0.42481957376003265
DINOv3,teacher_training_75712.pth,blocks.10.attn.proj.bias,768,100.0,14.98908810501562,2.025660116563876,13.514231835664864,0.9919236198013273,1.0385703102581825,0.0412960798153487,0.07309471334905267,0.570704460144043
DINOv3,teacher_training_75712.pth,blocks.10.ls1.gamma,768,100.0,216.84611595685323,5.891821803331416,2.7170520335737702,0.9996461501868082,0.9941087538111358,0.17333468680347627,0.21260280651066868,0.5169072151184082
DINOv3,teacher_training_75712.pth,blocks.10.norm2.weight,768,100.0,30.37936481721136,4.022361109896056,13.24043848216733,0.992018798990092,0.9516180728858467,0.12513366262040412,0.1451444543485231,0.3868967294692993
DINOv3,teacher_training_75712.pth,blocks.10.norm2.bias,768,100.0,11.47829627000381,1.7053519707678215,14.857187257175191,0.9894298081021701,0.9571041761582468,0.0409601645037568,0.06153658871161628,0.6258625984191895
DINOv3,teacher_training_75712.pth,blocks.10.mlp.fc1.weight,2359296,100.0,97.79103800419443,91.01062224395814,93.06642418506135,0.4956086218377451,0.8299196104386077,0.04702352830124908,0.05925170719007691,0.4224180430173874
DINOv3,teacher_training_75712.pth,blocks.10.mlp.fc1.bias,3072,100.0,147.6080022324992,10.465245016037983,7.0898900179910616,0.998881425972672,1.05170904374898,0.1507209946673053,0.18881600084827874,0.543541669845581
DINOv3,teacher_training_75712.pth,blocks.10.mlp.fc2.weight,2359296,100.0,104.5729398776722,90.30098708844689,86.35215495909321,0.5474858614611201,0.7605826355046273,0.04625809072718349,0.05878970513570761,0.7349219527095556
DINOv3,teacher_training_75712.pth,blocks.10.mlp.fc2.bias,768,100.0,16.598952029275765,1.3437188046955095,8.095202650899749,0.9969159765983363,0.9770490444514712,0.03126500085507663,0.04848727585038216,0.4604959785938263
DINOv3,teacher_training_75712.pth,blocks.10.ls2.gamma,768,100.0,346.3692085717702,4.346369976794762,1.2548372861192603,0.9999361384180555,0.994482462971513,0.12680458327910551,0.15683611725626018,0.62432861328125
DINOv3,teacher_training_75712.pth,blocks.11.norm1.weight,768,100.0,32.02707858576228,10.094851758887764,31.51973955993431,0.965577810058138,0.7875612224341801,0.33000104950258446,0.3642665862764511,0.8901970386505127
DINOv3,teacher_training_75712.pth,blocks.11.norm1.bias,768,100.0,9.371094063854724,1.6325776253116384,17.42141967829198,0.9849179583471973,0.9645716801733027,0.034574506846437814,0.058910570715414654,0.7119426727294922
DINOv3,teacher_training_75712.pth,blocks.11.attn.qkv.weight,1769472,100.0,73.49691385048668,76.1987813304781,103.67616453323166,0.44518942957759,0.9677488400179648,0.0449345300782694,0.057283055876397086,1.030934328213334
DINOv3,teacher_training_75712.pth,blocks.11.attn.qkv.bias,2304,0.0,0.0,0.0,,,,0.0,0.0,0.0
DINOv3,teacher_training_75712.pth,blocks.11.attn.proj.weight,589824,100.0,53.75876525749833,43.029656657134154,80.0421223423325,0.6115897948171796,0.7329001902126763,0.04423171435950049,0.0560281987723101,0.46454301476478577
DINOv3,teacher_training_75712.pth,blocks.11.attn.proj.bias,768,100.0,20.72845787322121,2.4931642551999986,12.027736315207902,0.9927576762605153,0.9868884462433001,0.05704252985204524,0.0899643158671045,0.790684700012207
DINOv3,teacher_training_75712.pth,blocks.11.ls1.gamma,768,100.0,535.3357952990658,10.616392016172224,1.9831276199719405,0.9999753310175173,0.9814296533727835,0.35211726680274563,0.38308604927247675,0.8670406341552734
DINOv3,teacher_training_75712.pth,blocks.11.norm2.weight,768,100.0,31.574834328076307,4.6561473605625,14.746387303835382,0.9897500041582457,0.95299861530396,0.14251164539018646,0.16801424575045779,0.8028812408447266
DINOv3,teacher_training_75712.pth,blocks.11.norm2.bias,768,100.0,11.584121375864136,3.5997055530819493,31.074480629856343,0.9510977238361449,0.9171976511544011,0.09561007159567463,0.1298931856297034,0.7822415828704834
DINOv3,teacher_training_75712.pth,blocks.11.mlp.fc1.weight,2359296,100.0,98.10337113191002,97.7538626591094,99.64373449274166,0.4392573041418062,0.8703424020145194,0.05036068474660101,0.06364183766869101,0.528631292283535
DINOv3,teacher_training_75712.pth,blocks.11.mlp.fc1.bias,3072,100.0,104.18571652621044,8.93718258990857,8.578126530098974,0.9990941127181865,1.073575463033412,0.1416834752746657,0.16124639919001718,0.3689102828502655
DINOv3,teacher_training_75712.pth,blocks.11.mlp.fc2.weight,2359296,100.0,103.02962716598209,92.77775938177784,90.04959246558434,0.500511076129477,0.7483098809088169,0.04734896136810332,0.06040218709751161,0.7750234343111515
DINOv3,teacher_training_75712.pth,blocks.11.mlp.fc2.bias,768,100.0,14.278380270729768,1.6026161986039873,11.224075617941766,0.9937090381851473,0.9862498211634004,0.039400303308298135,0.057829430854479176,0.5041613578796387
DINOv3,teacher_training_75712.pth,blocks.11.ls2.gamma,768,100.0,251.02802066718297,8.664893792784563,3.451763579920275,0.9995964062274815,0.9799892003056045,0.26317081290615835,0.3126674227352303,0.8888297080993652
DINOv3,teacher_training_75712.pth,norm.weight,768,100.0,31.387688806369596,6.729719721621447,21.4406347760647,0.9767584988176309,0.9715386355501613,0.20480056288458096,0.24283784330305475,0.921553373336792
DINOv3,teacher_training_75712.pth,norm.bias,768,100.0,7.049129622662956,2.366202981212626,33.567306999225586,0.9465401527633783,1.039355403187785,0.05969963567915689,0.0853829955100253,0.7017168700695038
DINOv3,teacher_training_151424.pth,cls_token,768,100.0,1.4565668438567136,0.5772783592441584,39.63280927881308,0.9181373458132169,0.9253583505920373,0.01594308212642659,0.020830738506685022,0.07846900820732117
DINOv3,teacher_training_151424.pth,storage_tokens,3072,100.0,3.141872024543273,1.4534662472554305,46.26115372941448,0.8907148826497447,0.9766359895525348,0.01932963523953853,0.026223722784717438,0.20525449514389038
DINOv3,teacher_training_151424.pth,mask_token,768,100.0,0.0,0.6740778921102518,,,,0.015962637625894633,0.02432369077903934,0.123701311647892
DINOv3,teacher_training_151424.pth,patch_embed.proj.weight,589824,100.0,19.69412287233015,2.5878050437729905,13.139986281942035,0.9952812391016521,0.9066772388720779,0.002571562769844229,0.0033695378174127483,0.021873449441045523
DINOv3,teacher_training_151424.pth,patch_embed.proj.bias,768,100.0,8.939487892229186,0.14160861926702015,1.5840797702753877,0.9999198620570796,1.0094414904949616,0.0024196549125884794,0.0051098609033365825,0.060842037200927734
DINOv3,teacher_training_151424.pth,blocks.0.norm1.weight,768,100.0,23.7728422541786,1.1993487326997747,5.0450371893960755,0.9987768406103025,1.0087976870683695,0.0343686967690644,0.043277769604778214,0.19493186473846436
DINOv3,teacher_training_151424.pth,blocks.0.norm1.bias,768,100.0,43.889064477915966,1.2524878786518843,2.8537584328827723,0.9995928154232232,1.0000291238585943,0.035416812867654336,0.04519526336852554,0.12223760038614273
DINOv3,teacher_training_151424.pth,blocks.0.attn.qkv.weight,1769472,100.0,101.8978592757374,55.355374917521175,54.32437473267085,0.8979254696324053,0.5795170557609436,0.025735748296861673,0.041613854960577484,0.6923336386680603
DINOv3,teacher_training_151424.pth,blocks.0.attn.qkv.bias,2304,0.0,0.0,0.0,,,,0.0,0.0,0.0
DINOv3,teacher_training_151424.pth,blocks.0.attn.proj.weight,589824,100.0,22.13161419930001,19.036491194415927,86.0149242752389,0.5417685778489251,0.7244429103424505,0.01893529218191051,0.024787097909395737,0.298780620098114
DINOv3,teacher_training_151424.pth,blocks.0.attn.proj.bias,768,100.0,18.58219941557115,0.39000777110233453,2.0988245921821473,0.9998235694643381,0.9904599951849876,0.008413132351468752,0.014073193226998675,0.10747432708740234
DINOv3,teacher_training_151424.pth,blocks.0.ls1.gamma,768,100.0,1.9093632706481547,0.6162066744330394,32.27288824006032,0.9664704487163229,0.770973492787406,0.0062033252448567095,0.022235443085022462,0.38371092081069946
DINOv3,teacher_training_151424.pth,blocks.0.norm2.weight,768,100.0,38.90218765944343,6.379873737992309,16.399781405207445,0.9916433831667009,0.8903918034646591,0.18960625521974825,0.2302138637516052,0.5014431476593018
DINOv3,teacher_training_151424.pth,blocks.0.norm2.bias,768,100.0,9.988418243385217,1.0036260671080957,10.047897901879935,0.9949393144563238,0.9954537806648084,0.02539681022142304,0.03621523625066153,0.2688780128955841
DINOv3,teacher_training_151424.pth,blocks.0.mlp.fc1.weight,2359296,100.0,92.22526717213451,57.532135131824546,62.38218320847289,0.7965418597584489,0.6428128366918983,0.028313342326195645,0.03745581714311494,0.5511571764945984
DINOv3,teacher_training_151424.pth,blocks.0.mlp.fc1.bias,3072,100.0,86.15298883808235,2.904536050691205,3.3713700358672964,0.999604561463534,1.0182027573593389,0.041275091211597704,0.052404208460548114,0.18640339374542236
DINOv3,teacher_training_151424.pth,blocks.0.mlp.fc2.weight,2359296,100.0,91.58408331402617,56.00319232421101,61.14948176331648,0.8125609114623475,0.6276794715373555,0.02767825379421874,0.03646041166940821,0.7450358271598816
DINOv3,teacher_training_151424.pth,blocks.0.mlp.fc2.bias,768,100.0,15.935290964564356,0.47450078390546113,2.977672544295668,0.9995956341618684,0.9907590503438432,0.010305613321321516,0.017122072207406653,0.2601969838142395
DINOv3,teacher_training_151424.pth,blocks.0.ls2.gamma,768,100.0,4.713548754254283,1.8478231746903595,39.202377466077536,0.9371301490479428,1.1157234192288252,0.05238341782840431,0.06667757545764424,0.28915053606033325
DINOv3,teacher_training_151424.pth,blocks.1.norm1.weight,768,100.0,38.96229650637499,4.596486763393873,11.797268578975572,0.995737334598797,0.9221819533791689,0.14485475265735204,0.16586142938575027,0.5976766347885132
DINOv3,teacher_training_151424.pth,blocks.1.norm1.bias,768,100.0,4.05390160736745,0.9060140222439269,22.34918629000175,0.980028307275933,1.08202877710157,0.023353260006833427,0.032692964977006675,0.16842317581176758
DINOv3,teacher_training_151424.pth,blocks.1.attn.qkv.weight,1769472,100.0,78.52275753838795,51.99338242166155,66.21441229473277,0.7681880467143835,0.5992273570006355,0.029403109424774324,0.03908644965784564,0.7158766984939575
DINOv3,teacher_training_151424.pth,blocks.1.attn.qkv.bias,2304,0.0,0.0,0.0,,,,0.0,0.0,0.0
DINOv3,teacher_training_151424.pth,blocks.1.attn.proj.weight,589824,100.0,45.38703652662495,25.3823030152956,55.92412494348652,0.8659134183457539,0.615799797883577,0.02471003042711277,0.033049873717832814,0.38344499468803406
DINOv3,teacher_training_151424.pth,blocks.1.attn.proj.bias,768,100.0,10.974138759641784,0.7714378674237327,7.029598261147865,0.9978261945887137,0.9733590783159187,0.01873030997599301,0.02783686627626018,0.22314655780792236
DINOv3,teacher_training_151424.pth,blocks.1.ls1.gamma,768,100.0,8.898598861588763,1.5826313465012474,17.785174622633605,0.9901040707273513,0.8808460526846057,0.036507805886534093,0.05710828962065219,0.29344114661216736
DINOv3,teacher_training_151424.pth,blocks.1.norm2.weight,768,100.0,65.44327568216545,7.563613192531891,11.557510093574248,0.9947255039650235,0.9414673384429476,0.22495383940151706,0.27292838204715575,0.6245403289794922
DINOv3,teacher_training_151424.pth,blocks.1.norm2.bias,768,100.0,6.061213268652413,1.1328020414426734,18.68936120927038,0.9827447167850913,1.0095103778093795,0.029937715225037447,0.04087647272284282,0.174806147813797
DINOv3,teacher_training_151424.pth,blocks.1.mlp.fc1.weight,2359296,100.0,91.46037976521401,59.891449807235105,65.48349127893538,0.7638693253253859,0.6529409286863803,0.029954165300234377,0.03899182930158535,0.8148189783096313
DINOv3,teacher_training_151424.pth,blocks.1.mlp.fc1.bias,3072,100.0,63.899973472092185,3.5365846721417578,5.534563599915003,0.9990856873105556,1.0342332336396423,0.0456213530031088,0.06380775351477963,0.2631492018699646
DINOv3,teacher_training_151424.pth,blocks.1.mlp.fc2.weight,2359296,100.0,88.8039830158019,58.13626629458821,65.4658319596356,0.7731727972844467,0.610773013179354,0.02903704104819047,0.037849131702205864,0.8200464248657227
DINOv3,teacher_training_151424.pth,blocks.1.mlp.fc2.bias,768,100.0,21.10369792400254,0.5426656219295815,2.5714243251765576,0.9996769917781626,0.9957641671401669,0.012132387919336907,0.019581758931312473,0.2794262766838074
DINOv3,teacher_training_151424.pth,blocks.1.ls2.gamma,768,100.0,6.333760886960314,2.0365928910667934,32.15455915394039,0.9542944064246324,1.0729088303863374,0.061068651235224834,0.07348921586794321,0.26575401425361633
DINOv3,teacher_training_151424.pth,blocks.2.norm1.weight,768,100.0,48.11163706953371,7.103805165245772,14.765253476989246,0.9956465623625844,0.8811330340421017,0.21377120806346284,0.2563364890265813,0.5888366103172302
DINOv3,teacher_training_151424.pth,blocks.2.norm1.bias,768,100.0,6.32028486140988,1.033910350177903,16.358603652356045,0.9874144841591785,1.0292206424713755,0.02211452736813631,0.03730802618707203,0.40763163566589355
DINOv3,teacher_training_151424.pth,blocks.2.attn.qkv.weight,1769472,100.0,78.82035711462918,55.57094480445226,70.50328980828509,0.7189614926042188,0.6007370652349578,0.03193187149019164,0.0417759113827765,0.5933017432689667
DINOv3,teacher_training_151424.pth,blocks.2.attn.qkv.bias,2304,0.0,0.0,0.0,,,,0.0,0.0,0.0
DINOv3,teacher_training_151424.pth,blocks.2.attn.proj.weight,589824,100.0,45.84987403689589,28.60425512943007,62.386769277516265,0.8040528203959113,0.6150770651381958,0.02864323227622751,0.037245123866445407,0.3924378305673599
DINOv3,teacher_training_151424.pth,blocks.2.attn.proj.bias,768,100.0,9.708144267949574,0.8074506009865524,8.317249710145598,0.9967347427133569,0.9767895275991165,0.021444438671186578,0.029136363864806947,0.17709946632385254
DINOv3,teacher_training_151424.pth,blocks.2.ls1.gamma,768,100.0,6.67605397524649,1.183999738262945,17.735023453270234,0.9842501831644415,0.9700541010274315,0.029932710422315267,0.042723910475409854,0.2862855792045593
DINOv3,teacher_training_151424.pth,blocks.2.norm2.weight,768,100.0,80.0063509307909,6.117903609940329,7.646772460891999,0.9978506066786451,0.9584406313449096,0.17743398509948824,0.220760831004702,0.5500092506408691
DINOv3,teacher_training_151424.pth,blocks.2.norm2.bias,768,100.0,6.240213190341847,1.012485026879065,16.22516724983237,0.9868140551912626,0.9981093972191643,0.025646506601318803,0.03653490642619335,0.2342085838317871
DINOv3,teacher_training_151424.pth,blocks.2.mlp.fc1.weight,2359296,100.0,105.1519463336884,68.14475452652913,64.80598496035354,0.7788198082307549,0.6159030737902842,0.03149343253994512,0.0443650745615424,0.8951205313205719
DINOv3,teacher_training_151424.pth,blocks.2.mlp.fc1.bias,3072,100.0,95.51431127079266,3.174706571080423,3.3238019819666724,0.9995235954832402,1.0118598789299025,0.044472432768088765,0.057278677919104876,0.30232203006744385
DINOv3,teacher_training_151424.pth,blocks.2.mlp.fc2.weight,2359296,100.0,88.20922251789064,61.32623809371189,69.52361254660609,0.7256595872267678,0.625984581898535,0.030960173214474886,0.039925936258927014,0.7512454092502594
DINOv3,teacher_training_151424.pth,blocks.2.mlp.fc2.bias,768,100.0,18.65003611586971,0.7574240714780622,4.0612472103126604,0.9992307664157706,0.9886715314919984,0.015986193380740588,0.0273311869724101,0.43177134171128273
DINOv3,teacher_training_151424.pth,blocks.2.ls2.gamma,768,100.0,9.536781564776517,2.4156741119050786,25.33007698139186,0.9674121478935932,0.9743073549549699,0.07506997752728732,0.08716813117392545,0.3418002128601074
DINOv3,teacher_training_151424.pth,blocks.3.norm1.weight,768,100.0,36.25860587024092,6.2390466797858695,17.20707823713249,0.9937885004065754,0.862548500078056,0.201159570511057,0.22513220500381328,0.5277996063232422
DINOv3,teacher_training_151424.pth,blocks.3.norm1.bias,768,100.0,4.948752423383709,1.0912426344574457,22.050863350955606,0.9758876863009586,1.0072059513565157,0.025008281116470243,0.039376826797200164,0.41674256324768066
DINOv3,teacher_training_151424.pth,blocks.3.attn.qkv.weight,1769472,100.0,80.33945091482421,61.069085146088675,76.01381942581864,0.6528723694120926,0.5892138655665241,0.03568439427628083,0.04590918326596155,0.5195779204368591
DINOv3,teacher_training_151424.pth,blocks.3.attn.qkv.bias,2304,0.0,0.0,0.0,,,,0.0,0.0,0.0
DINOv3,teacher_training_151424.pth,blocks.3.attn.proj.weight,589824,100.0,46.160879876422115,33.85616261212295,73.34384158785473,0.6846071936739146,0.6032504513810594,0.034495563106187725,0.04408354506786842,0.3947957158088684
DINOv3,teacher_training_151424.pth,blocks.3.attn.proj.bias,768,100.0,12.587327508948896,0.8822139342908518,7.008746961288219,0.9978379620286049,0.9734894125412908,0.02169845359340646,0.03183415327785388,0.4016118049621582
DINOv3,teacher_training_151424.pth,blocks.3.ls1.gamma,768,100.0,8.1167618512706,1.7961724202411038,22.129174825548574,0.9762868438497309,1.022178447875278,0.051400170168676595,0.06481378939607393,0.5536352396011353
DINOv3,teacher_training_151424.pth,blocks.3.norm2.weight,768,100.0,36.30923891307976,4.379169401231215,12.060757901630641,0.9927970185866596,0.9789367072360915,0.1256784754320203,0.15801966453923838,0.5070335865020752
DINOv3,teacher_training_151424.pth,blocks.3.norm2.bias,768,100.0,6.290126598330422,1.4889520768787978,23.671257702094707,0.9717726452129416,0.9911354472843227,0.038241592040231843,0.05372793014977664,0.4300658702850342
DINOv3,teacher_training_151424.pth,blocks.3.mlp.fc1.weight,2359296,100.0,91.14468992584236,69.45178482182801,76.19948554143498,0.6476380042211117,0.6560727057238943,0.035116808465582613,0.04521600574337761,0.8935636281967163
DINOv3,teacher_training_151424.pth,blocks.3.mlp.fc1.bias,3072,100.0,59.08028849984918,4.175116827315398,7.066852470305821,0.9984863314157377,1.0428596838670101,0.05325201359014405,0.07532827575464629,0.3973400592803955
DINOv3,teacher_training_151424.pth,blocks.3.mlp.fc2.weight,2359296,100.0,87.9972516816598,66.57537327574167,75.65619607824316,0.6543742316134484,0.6300506730200054,0.03387602726329689,0.04334334197639432,0.8776065111160278
DINOv3,teacher_training_151424.pth,blocks.3.mlp.fc2.bias,768,100.0,13.623790807378976,0.8168103836930012,5.995470682437349,0.9982146364402245,0.9930158602490663,0.016706884208457968,0.029474105931377233,0.4699016809463501
DINOv3,teacher_training_151424.pth,blocks.3.ls2.gamma,768,100.0,12.053151661164538,3.11453197240695,25.83997994849783,0.968292826028369,0.9022515259814905,0.09780145379287812,0.11238599204180305,0.3918430507183075
DINOv3,teacher_training_151424.pth,blocks.4.norm1.weight,768,100.0,27.967291851873025,5.389129738491765,19.26940143877694,0.9912363936834554,0.8509489340034969,0.17000368268054444,0.1944634690760024,0.845247745513916
DINOv3,teacher_training_151424.pth,blocks.4.norm1.bias,768,100.0,4.375935352358134,1.325280847048015,30.28565872971224,0.9632913914839968,1.1034784714037753,0.023125659955915978,0.047821953362189175,0.6752371788024902
DINOv3,teacher_training_151424.pth,blocks.4.attn.qkv.weight,1769472,100.0,79.5596042838508,63.59515489286074,79.93397587294112,0.6009098803744494,0.6069707563200774,0.037197238680000126,0.0478081768184233,0.5455136150121689
DINOv3,teacher_training_151424.pth,blocks.4.attn.qkv.bias,2304,0.0,0.0,0.0,,,,0.0,0.0,0.0
DINOv3,teacher_training_151424.pth,blocks.4.attn.proj.weight,589824,100.0,46.35398986374295,35.503058092912056,76.59115902918585,0.6437105712258105,0.6123439703378746,0.036398452655635606,0.046227940225145904,0.38737083226442337
DINOv3,teacher_training_151424.pth,blocks.4.attn.proj.bias,768,100.0,14.466794561558633,1.1483788789008451,7.938032672091255,0.997253685827879,0.968685343775733,0.023951550893234714,0.04143855342906772,0.7475752830505371
DINOv3,teacher_training_151424.pth,blocks.4.ls1.gamma,768,100.0,14.767359759447046,2.3610662139927165,15.988411283081824,0.9871870455485645,0.9972464905929533,0.06686232978912206,0.0851976383889516,0.8530464172363281
DINOv3,teacher_training_151424.pth,blocks.4.norm2.weight,768,100.0,31.48025413285188,3.6428932481319234,11.571994408807221,0.9936218980361017,0.9676299431921195,0.10982533296142567,0.13145158733987725,0.506483256816864
DINOv3,teacher_training_151424.pth,blocks.4.norm2.bias,768,100.0,6.289065453173214,1.9562871909847728,31.106166815257225,0.9507482629506988,0.9768561333661812,0.04163229973838406,0.07059143352045472,0.7512228563427925
DINOv3,teacher_training_151424.pth,blocks.4.mlp.fc1.weight,2359296,100.0,92.22420983679989,74.79980903299911,81.10647861918793,0.5884927972337617,0.6529122026679645,0.03812101283079908,0.04869779233919213,1.0681313872337341
DINOv3,teacher_training_151424.pth,blocks.4.mlp.fc1.bias,3072,100.0,66.7007523440784,4.319228298241743,6.475531604142691,0.9986505928898706,1.0373320824541983,0.054143211501165446,0.07792836314629124,0.44200146198272705
DINOv3,teacher_training_151424.pth,blocks.4.mlp.fc2.weight,2359296,100.0,88.46045717624952,72.36758331969197,81.80783327346597,0.579971010117249,0.6549278714865924,0.037039957915998296,0.04711431205709113,1.3889311850070953
DINOv3,teacher_training_151424.pth,blocks.4.mlp.fc2.bias,768,100.0,13.072922549521953,1.0276338124775923,7.860781004284084,0.9973880954745435,0.9663687338745971,0.019248534360777114,0.037081541141393705,0.5732231140136719
DINOv3,teacher_training_151424.pth,blocks.4.ls2.gamma,768,100.0,17.34638402344492,2.639661668254984,15.217359794913376,0.9883588457492757,0.9851946896809098,0.07590839601637829,0.09525058592103448,0.565375804901123
DINOv3,teacher_training_151424.pth,blocks.5.norm1.weight,768,100.0,24.936940977170412,4.98831358618132,20.003710923276774,0.9886358514185203,0.8566673257003599,0.16017609333600072,0.18000026198650326,0.5566897392272949
DINOv3,teacher_training_151424.pth,blocks.5.norm1.bias,768,100.0,4.959617563092832,1.4366074991764373,28.966094278458126,0.9657776029214654,1.0947343401614562,0.025843988617632856,0.05183910789808444,0.6678982973098755
DINOv3,teacher_training_151424.pth,blocks.5.attn.qkv.weight,1769472,100.0,79.30279019334758,67.08721630549032,84.59628739660414,0.5408890565484459,0.6315210355776619,0.03942768881162405,0.050433362491090476,0.4534359723329544
DINOv3,teacher_training_151424.pth,blocks.5.attn.qkv.bias,2304,0.0,0.0,0.0,,,,0.0,0.0,0.0
DINOv3,teacher_training_151424.pth,blocks.5.attn.proj.weight,589824,100.0,46.39440215412052,36.87251989645425,79.47622597649837,0.6070268723579478,0.6183702982697137,0.037936299603106405,0.04801109361517481,0.35353080928325653
DINOv3,teacher_training_151424.pth,blocks.5.attn.proj.bias,768,100.0,14.293995408655714,1.3400722729901884,9.375071382622027,0.996038219327591,0.9663510048371099,0.027363451619275263,0.048355692971527434,0.8395814895629883
DINOv3,teacher_training_151424.pth,blocks.5.ls1.gamma,768,100.0,23.46704725207696,3.0266895626819244,12.89761566578874,0.992220146237135,0.9585204788043353,0.0882664694054256,0.10921625211048998,0.793621301651001
DINOv3,teacher_training_151424.pth,blocks.5.norm2.weight,768,100.0,27.167064565808765,3.147076200448942,11.58415990371558,0.9933750122664686,1.0079760760253893,0.08888157229148419,0.11356033071809134,0.5329341888427734
DINOv3,teacher_training_151424.pth,blocks.5.norm2.bias,768,100.0,7.175830640650883,1.6787802447269644,23.394925671973372,0.9722502008344112,0.9738957227177618,0.03813827664142858,0.06057776413770867,0.7462101131677628
DINOv3,teacher_training_151424.pth,blocks.5.mlp.fc1.weight,2359296,100.0,92.8364853087277,80.45470048646685,86.66280311982382,0.5199128659922598,0.6660413460460125,0.04122475658560891,0.052379362295876856,0.5277928784489632
DINOv3,teacher_training_151424.pth,blocks.5.mlp.fc1.bias,3072,100.0,79.761269097523,6.030191168016295,7.560299925322482,0.9979004860344458,1.0369029670307401,0.06412018303187021,0.10879789044122225,0.6192034482955933
DINOv3,teacher_training_151424.pth,blocks.5.mlp.fc2.weight,2359296,100.0,89.45362600678439,78.73832721573173,88.02139245843429,0.5026110082364843,0.66812348097696,0.04033858186184547,0.05126193178107534,0.89278244972229
DINOv3,teacher_training_151424.pth,blocks.5.mlp.fc2.bias,768,100.0,12.53131097292101,1.0801222766952299,8.619387700371279,0.9965712060201954,0.9724143622388087,0.02083425997102495,0.038975555450481404,0.5229902267456055
DINOv3,teacher_training_151424.pth,blocks.5.ls2.gamma,768,100.0,28.70906207356034,2.4738370350739562,8.616920429985905,0.9963903237571804,1.0111825192199755,0.06710546892039322,0.08926690488320088,0.5
DINOv3,teacher_training_151424.pth,blocks.6.norm1.weight,768,100.0,20.548263716237134,4.1143034733988015,20.022633202569327,0.986945250918557,0.8679851216854542,0.12692468461803705,0.14846213861841315,0.6901721954345703
DINOv3,teacher_training_151424.pth,blocks.6.norm1.bias,768,100.0,5.219550779750966,1.2983637097553857,24.875008684508536,0.9752175973978982,1.088910024498238,0.022487078809978318,0.04685066483333207,0.6387274265289307
DINOv3,teacher_training_151424.pth,blocks.6.attn.qkv.weight,1769472,100.0,79.80685647230678,71.29280080376377,89.33167393769304,0.4797308730368321,0.647529881960341,0.04189455149993919,0.05359494496788461,0.49171411991119385
DINOv3,teacher_training_151424.pth,blocks.6.attn.qkv.bias,2304,0.0,0.0,0.0,,,,0.0,0.0,0.0
DINOv3,teacher_training_151424.pth,blocks.6.attn.proj.weight,589824,100.0,46.78290485092832,39.652282665011725,84.7580602174277,0.5379807715339031,0.6263899776287644,0.04081521658151038,0.051630576386734024,0.37489084154367447
DINOv3,teacher_training_151424.pth,blocks.6.attn.proj.bias,768,100.0,13.437404010250406,1.6311293671943714,12.138723863255901,0.9930184936014048,0.9643725455940326,0.03320418556218859,0.058858311202048395,1.005096435546875
DINOv3,teacher_training_151424.pth,blocks.6.ls1.gamma,768,100.0,38.02012254977441,3.980360474361654,10.469089017666175,0.995007401083406,0.9633860365218336,0.1166471595740101,0.14362888695902798,1.004992961883545
DINOv3,teacher_training_151424.pth,blocks.6.norm2.weight,768,100.0,22.18049523611162,3.3101291076078496,14.923603248581637,0.9899194123063466,1.0369495755321965,0.09109780146263802,0.11944399570811298,0.48603442311286926
DINOv3,teacher_training_151424.pth,blocks.6.norm2.bias,768,100.0,7.5351442233504144,1.5948842466060604,21.165941876251356,0.977348496767184,0.9742190105538682,0.03625118374311853,0.0575504280690189,0.701910600066185
DINOv3,teacher_training_151424.pth,blocks.6.mlp.fc1.weight,2359296,100.0,94.04873986450943,86.42186993068235,91.89051342440668,0.45071576533826224,0.6687326152938601,0.04426438408312547,0.05626423823612132,0.4227772206068039
DINOv3,teacher_training_151424.pth,blocks.6.mlp.fc1.bias,3072,100.0,94.58538125449603,8.209662867351339,8.67963184000075,0.9976422638310021,1.050780644213191,0.0920554269371981,0.14812034582566783,0.6197562217712402
DINOv3,teacher_training_151424.pth,blocks.6.mlp.fc2.weight,2359296,100.0,91.66819364038395,85.07306372722995,92.8054326683617,0.4378963530033223,0.6681962645312944,0.04350114038949144,0.05538610919741533,0.8294934928417206
DINOv3,teacher_training_151424.pth,blocks.6.mlp.fc2.bias,768,100.0,13.96979749112086,1.0149687253567758,7.265450526408027,0.997498064049728,0.9807330732020203,0.021309410735796064,0.03662452917523661,0.4269685745239258
DINOv3,teacher_training_151424.pth,blocks.6.ls2.gamma,768,100.0,51.478914602273214,3.0121649361542993,5.851259606824125,0.9984166094027441,1.01452405581478,0.07718956928389768,0.10869213979576478,0.6619396209716797
DINOv3,teacher_training_151424.pth,blocks.7.norm1.weight,768,100.0,18.285766687265973,4.109311952705954,22.472735341021487,0.9813373200476501,0.8650389146885775,0.12416958505915925,0.1482820226299331,0.49337146431207657
DINOv3,teacher_training_151424.pth,blocks.7.norm1.bias,768,100.0,5.7147718146567525,1.3275572140072354,23.23027510219098,0.9767188276544906,1.0658492737832421,0.02349278294607397,0.04790409467948169,0.688016414642334
DINOv3,teacher_training_151424.pth,blocks.7.attn.qkv.weight,1769472,100.0,79.23638477004664,74.75556740829623,94.34500024861777,0.41901121169518185,0.675269485156612,0.04402858873118861,0.056198108029431044,0.8095764368772507
DINOv3,teacher_training_151424.pth,blocks.7.attn.qkv.bias,2304,0.0,0.0,0.0,,,,0.0,0.0,0.0
DINOv3,teacher_training_151424.pth,blocks.7.attn.proj.weight,589824,100.0,47.68065553259481,42.54370779480538,89.22634833684747,0.4770372881603358,0.6309811027428367,0.0438338041431217,0.05539545285781951,0.35212887078523636
DINOv3,teacher_training_151424.pth,blocks.7.attn.proj.bias,768,100.0,13.673195022271601,1.7641474351410904,12.902232669595925,0.9916457181631275,0.9888188581907341,0.04039608560467892,0.06365818728555603,0.887709379196167
DINOv3,teacher_training_151424.pth,blocks.7.ls1.gamma,768,100.0,60.442430907366415,4.57690686273078,7.572340810953337,0.9975663495217528,0.9680255940493807,0.14053299158937685,0.16515490057834137,0.8175888061523438
DINOv3,teacher_training_151424.pth,blocks.7.norm2.weight,768,100.0,20.667645548280976,3.3884828339852233,16.395108122352422,0.989897052320146,1.0722143119105687,0.09331618104867327,0.12227134227161215,0.4184762239456177
DINOv3,teacher_training_151424.pth,blocks.7.norm2.bias,768,100.0,8.521764908296865,1.7589140398753662,20.64025537905736,0.9789483850701651,1.0096396679165172,0.039446180895121565,0.06346934340021593,0.7392403483390808
DINOv3,teacher_training_151424.pth,blocks.7.mlp.fc1.weight,2359296,100.0,94.42500991839019,92.1813266770116,97.62384643293365,0.3796782270622158,0.6914427140411035,0.04732851823738444,0.06001388455534609,0.4768742620944977
DINOv3,teacher_training_151424.pth,blocks.7.mlp.fc1.bias,3072,100.0,93.9022190622099,8.658668443155044,9.220941240396787,0.9975894211018702,1.0583119772918828,0.10186154129526888,0.15622139238997756,0.6394009590148926
DINOv3,teacher_training_151424.pth,blocks.7.mlp.fc2.weight,2359296,100.0,92.42721808568935,90.62729922197211,98.05260950075494,0.3704974217068965,0.6846626051410442,0.046436730442170705,0.05900214793097142,1.0638561248779297
DINOv3,teacher_training_151424.pth,blocks.7.mlp.fc2.bias,768,100.0,11.955996535415087,1.2006803427844308,10.042494903941067,0.9949449572349184,0.9957439045187202,0.026095865817097774,0.0433258199448302,0.4863508939743042
DINOv3,teacher_training_151424.pth,blocks.7.ls2.gamma,768,100.0,79.84984278165194,4.58521606001877,5.742298169023283,0.9984779875213121,1.0144683093068874,0.1125261508859694,0.165454732909027,0.9811148643493652
DINOv3,teacher_training_151424.pth,blocks.8.norm1.weight,768,100.0,18.978647709323113,4.3868961008210645,23.114903485278543,0.979345682538114,0.8673285310861231,0.13390810171949852,0.15829847779474757,0.4833683967590332
DINOv3,teacher_training_151424.pth,blocks.8.norm1.bias,768,100.0,6.548600879954907,1.3169632789433963,20.110605350443418,0.9813328426584447,1.0401358428899978,0.02451503244328368,0.04752181897567638,0.629030704498291
DINOv3,teacher_training_151424.pth,blocks.8.attn.qkv.weight,1769472,100.0,79.24996233158109,78.2633035277281,98.75500407214729,0.3676526627181332,0.6999530739919024,0.046200017592367706,0.05883507729088959,0.6121503412723541
DINOv3,teacher_training_151424.pth,blocks.8.attn.qkv.bias,2304,0.0,0.0,0.0,,,,0.0,0.0,0.0
DINOv3,teacher_training_151424.pth,blocks.8.attn.proj.weight,589824,100.0,48.10798722599021,45.25339432907997,94.06628075396166,0.4137109007103566,0.6503609099114724,0.04671439158763898,0.058923690532656205,0.3893520385026932
DINOv3,teacher_training_151424.pth,blocks.8.attn.proj.bias,768,100.0,16.23302425897953,2.013781226577613,12.405459355262536,0.9922784950041347,0.9947591862742212,0.04400162321155676,0.07266607082834997,0.9011149406433105
DINOv3,teacher_training_151424.pth,blocks.8.ls1.gamma,768,100.0,72.85894091868589,6.376329029619218,8.751608174946586,0.996293812569065,0.9801561073981879,0.19785450679288866,0.23008595510576757,1.1999015808105469
DINOv3,teacher_training_151424.pth,blocks.8.norm2.weight,768,100.0,21.718809172984926,3.71088307751869,17.086033805824375,0.9871647118457765,1.0478888704231664,0.10090690554352477,0.13390495898354016,0.5762035846710205
DINOv3,teacher_training_151424.pth,blocks.8.norm2.bias,768,100.0,8.415710902399413,1.5458411037779511,18.368514813611466,0.9834999847801862,1.0153190625231514,0.03443281988633847,0.055780736086911774,0.7442362569272518
DINOv3,teacher_training_151424.pth,blocks.8.mlp.fc1.weight,2359296,100.0,95.22370464823616,96.90339095169217,101.76393715163772,0.3145506418072303,0.6813366785119933,0.04980448041892054,0.06308814515084125,0.39182785898447037
DINOv3,teacher_training_151424.pth,blocks.8.mlp.fc1.bias,3072,100.0,123.89802180319049,12.436634777068619,10.037799309519214,0.9974836668187038,1.0685428468583402,0.1611292542929732,0.2243842011360509,0.7426741123199463
DINOv3,teacher_training_151424.pth,blocks.8.mlp.fc2.weight,2359296,100.0,97.00697561721016,97.89704344649466,100.91752971744702,0.3143414751566442,0.6567525489127881,0.049996129525422255,0.06373505432714495,0.6809042394161224
DINOv3,teacher_training_151424.pth,blocks.8.mlp.fc2.bias,768,100.0,14.801558331216299,1.5821840885588552,10.689307525289747,0.9945378644762197,0.9714793863403728,0.03547108926924617,0.05709215058981236,0.6794250011444092
DINOv3,teacher_training_151424.pth,blocks.8.ls2.gamma,768,100.0,157.477777915576,6.070299426511079,3.854702235997623,0.9993075612662242,1.0093810381569803,0.1556071242860829,0.21904306299736268,1.0710477828979492
DINOv3,teacher_training_151424.pth,blocks.9.norm1.weight,768,100.0,19.015517726887474,5.957530500713464,31.329835907069008,0.963775483999656,0.7994007737941083,0.18794846092146145,0.21497386489327028,0.4745931625366211
DINOv3,teacher_training_151424.pth,blocks.9.norm1.bias,768,100.0,7.101605588898157,1.3535300563131551,19.059493509877683,0.9826201539798253,1.0258497305755132,0.026521950478998708,0.048841308898040586,0.6937514543533325
DINOv3,teacher_training_151424.pth,blocks.9.attn.qkv.weight,1769472,100.0,79.20915746047412,82.11175185338101,103.66446820792822,0.31639663192405104,0.7344146047148623,0.04843753411291108,0.06172817973461104,0.4656081199645996
DINOv3,teacher_training_151424.pth,blocks.9.attn.qkv.bias,2304,0.0,0.0,0.0,,,,0.0,0.0,0.0
DINOv3,teacher_training_151424.pth,blocks.9.attn.proj.weight,589824,100.0,49.22130310896427,48.043366333628676,97.60685576989313,0.3675203067926916,0.6637989007434965,0.04967065349453275,0.06255646658024568,0.42306360602378845
DINOv3,teacher_training_151424.pth,blocks.9.attn.proj.bias,768,100.0,15.43794362199084,2.2254889204192927,14.415708302297187,0.9900500436933012,1.0213606425824882,0.04912367583059544,0.08030541420516302,0.8642253875732422
DINOv3,teacher_training_151424.pth,blocks.9.ls1.gamma,768,100.0,125.85831232833702,8.88184030065809,7.05701525496965,0.997562053744055,0.9870645539967627,0.28043736978725065,0.3204958055302634,0.8613158464431763
DINOv3,teacher_training_151424.pth,blocks.9.norm2.weight,768,100.0,24.67600370919064,5.02241892801856,20.35345344897945,0.9790684510740387,0.980225437890961,0.14636316594745344,0.18123093250466168,0.5948313474655151
DINOv3,teacher_training_151424.pth,blocks.9.norm2.bias,768,100.0,9.904123833916586,1.5680979348228024,15.832777953087227,0.9878979872772623,0.95611561735866,0.036291369141788245,0.056583860299102576,0.6522822976112366
DINOv3,teacher_training_151424.pth,blocks.9.mlp.fc1.weight,2359296,100.0,96.07984409640389,100.83740725363154,104.95167659978095,0.25841833098902683,0.6686200812310936,0.05187019549720881,0.0656493536807497,0.4153045332059264
DINOv3,teacher_training_151424.pth,blocks.9.mlp.fc1.bias,3072,100.0,146.16407889136937,15.114965075917677,10.341094193978586,0.9975882229732951,1.0742438524331723,0.20910182080842787,0.272707161105402,0.8102724552154541
DINOv3,teacher_training_151424.pth,blocks.9.mlp.fc2.weight,2359296,100.0,101.57687672861233,104.66206336225791,103.03729227852556,0.2656915978121917,0.6293678070382361,0.053299898572372446,0.06813936416813665,0.8290925025939941
DINOv3,teacher_training_151424.pth,blocks.9.mlp.fc2.bias,768,100.0,16.71720361196368,1.8386298573555995,10.998429522266406,0.9948230821031983,0.9527575394235572,0.04225033733544592,0.06634584019277116,0.7713701725006104
DINOv3,teacher_training_151424.pth,blocks.9.ls2.gamma,768,100.0,270.47034743817346,5.507228943361849,2.036167363825619,0.9998027715073015,1.0042949499356542,0.14484389747182527,0.19872500705867885,0.9183311462402344
DINOv3,teacher_training_151424.pth,blocks.10.norm1.weight,768,100.0,21.604089487920298,7.26768550264887,33.64032308194484,0.9557409882740442,0.7926214910555647,0.23309713940155538,0.2622500113337416,0.707139253616333
DINOv3,teacher_training_151424.pth,blocks.10.norm1.bias,768,100.0,8.58292022710919,1.8097160929689002,21.085085787619278,0.978296035451998,0.9392932503178157,0.034256064794895735,0.06530250458952452,0.8107224702835083
DINOv3,teacher_training_151424.pth,blocks.10.attn.qkv.weight,1769472,100.0,78.58601342313857,85.9130944826925,109.32364518874623,0.2577428695291436,0.7692087300991376,0.05054502517592823,0.06458587008658367,0.7710786275565624
DINOv3,teacher_training_151424.pth,blocks.10.attn.qkv.bias,2304,0.0,0.0,0.0,,,,0.0,0.0,0.0
DINOv3,teacher_training_151424.pth,blocks.10.attn.proj.weight,589824,100.0,50.631256525596804,51.10556698053057,100.93679376630516,0.3171157417258385,0.6626385734352508,0.05287491625115542,0.06654370700589918,0.5075458809733391
DINOv3,teacher_training_151424.pth,blocks.10.attn.proj.bias,768,100.0,14.98908810501562,2.9851312500317686,19.915362623246505,0.9815015191103281,1.036341275286137,0.06488900652868779,0.10771664567326286,0.7876614332199097
DINOv3,teacher_training_151424.pth,blocks.10.ls1.gamma,768,100.0,216.84611595685323,9.042797857595907,4.170145182307619,0.9991644867676402,0.9908769840198718,0.26179793414000113,0.326303861081898,0.9588812589645386
DINOv3,teacher_training_151424.pth,blocks.10.norm2.weight,768,100.0,30.37936481721136,6.054607983485168,19.930001894098005,0.9821597691469297,0.9161422738852575,0.18746741250712753,0.21847684681892618,0.661334365606308
DINOv3,teacher_training_151424.pth,blocks.10.norm2.bias,768,100.0,11.47829627000381,1.90249910894929,16.57475172444437,0.9868283741138122,0.9507384942469157,0.04438661592499216,0.06865052329280598,0.7594116926193237
DINOv3,teacher_training_151424.pth,blocks.10.mlp.fc1.weight,2359296,100.0,97.79103800419443,105.42015606623542,107.80144910795788,0.20865556648343908,0.662144693588035,0.05417611188652204,0.06863291410562201,0.5134412497282028
DINOv3,teacher_training_151424.pth,blocks.10.mlp.fc1.bias,3072,100.0,147.6080022324992,18.469403148987972,12.512467393127228,0.9967244920828635,1.092201699542284,0.2652364809194599,0.3332285899949977,0.9182445406913757
DINOv3,teacher_training_151424.pth,blocks.10.mlp.fc2.weight,2359296,100.0,104.5729398776722,109.68866858924315,104.89201959661385,0.22142225798531256,0.6077658794377144,0.05578316734217048,0.0714118936127885,0.8574899956583977
DINOv3,teacher_training_151424.pth,blocks.10.mlp.fc2.bias,768,100.0,16.598952029275765,2.02638255148146,12.207894497842428,0.9952338234898789,0.9217924712057026,0.043039340374936806,0.07312078197368636,0.6938705444335938
DINOv3,teacher_training_151424.pth,blocks.10.ls2.gamma,768,100.0,346.3692085717702,5.944081948493131,1.7161115368779887,0.9998555532857211,0.9974825136745115,0.16065936506493017,0.21448858206548152,0.9964227676391602
DINOv3,teacher_training_151424.pth,blocks.11.norm1.weight,768,100.0,32.02707858576228,12.132442948272969,37.88182839026247,0.9538904960218374,0.7227836579150506,0.3834455177888992,0.43779182513207343,1.5262341499328613
DINOv3,teacher_training_151424.pth,blocks.11.norm1.bias,768,100.0,9.371094063854724,2.56343102943897,27.354661173729838,0.9621621587476668,0.9863234608426862,0.04338016635009131,0.0924998496809768,1.556445837020874
DINOv3,teacher_training_151424.pth,blocks.11.attn.qkv.weight,1769472,100.0,73.49691385048668,85.41061652492711,116.20979990898152,0.2065154500158227,0.8335085844150683,0.049898123146206126,0.0642081281801023,1.0145025197416544
DINOv3,teacher_training_151424.pth,blocks.11.attn.qkv.bias,2304,0.0,0.0,0.0,,,,0.0,0.0,0.0
DINOv3,teacher_training_151424.pth,blocks.11.attn.proj.weight,589824,100.0,53.75876525749833,53.86275817228863,100.19344364457066,0.2933025458941201,0.5931341625787987,0.055485313416992456,0.07013379970350081,0.5452596247196198
DINOv3,teacher_training_151424.pth,blocks.11.attn.proj.bias,768,100.0,20.72845787322121,3.777826768836045,18.225315129286894,0.9864124887606326,0.9075086920260869,0.09334872538035673,0.13632058137120404,0.8882265090942383
DINOv3,teacher_training_151424.pth,blocks.11.ls1.gamma,768,100.0,535.3357952990658,19.882075848183238,3.71394478433412,0.9999390033997932,0.9644798845968677,0.6517624664886293,0.7174326151873218,1.3098382949829102
DINOv3,teacher_training_151424.pth,blocks.11.norm2.weight,768,100.0,31.574834328076307,6.49474727738095,20.569378796726824,0.9799553480141514,0.9287457931453575,0.19560319721495034,0.23435900555715503,1.181839942932129
DINOv3,teacher_training_151424.pth,blocks.11.norm2.bias,768,100.0,11.584121375864136,4.211618033465851,36.3568189318258,0.9320440980582584,0.90224428246506,0.11000307999689814,0.15197367533408698,0.8598043918609619
DINOv3,teacher_training_151424.pth,blocks.11.mlp.fc1.weight,2359296,100.0,98.10337113191002,111.39781658539343,113.55146647876929,0.15839124257048975,0.719177600884358,0.057406861275720616,0.07252462017278218,0.6660882085561752
DINOv3,teacher_training_151424.pth,blocks.11.mlp.fc1.bias,3072,100.0,104.18571652621044,15.275778158667249,14.662065653523875,0.9974589716418467,1.1256073896251957,0.24050614652533872,0.27560858224961066,0.6381773352622986
DINOv3,teacher_training_151424.pth,blocks.11.mlp.fc2.weight,2359296,100.0,103.02962716598209,112.27283081058775,108.97140356502963,0.16457168497725547,0.6277784627660834,0.05755416561530886,0.07309429089230973,1.0315264984965324
DINOv3,teacher_training_151424.pth,blocks.11.mlp.fc2.bias,768,100.0,14.278380270729768,2.3678031953717262,16.583135835271516,0.9869228788726164,0.9479766562660588,0.057206157161507086,0.08544073826474514,0.725708857178688
DINOv3,teacher_training_151424.pth,blocks.11.ls2.gamma,768,100.0,251.02802066718297,12.499144503531586,4.979182989337734,0.9990491125674799,0.9750000866828437,0.3688601848255833,0.4510240277346245,1.343069076538086
DINOv3,teacher_training_151424.pth,norm.weight,768,100.0,31.387688806369596,9.701099858872432,30.9073405140418,0.9522721597763966,1.0007348882416403,0.3026487559970216,0.3500582884347149,1.0769164562225342
DINOv3,teacher_training_151424.pth,norm.bias,768,100.0,7.049129622662956,3.4469553800520045,48.89902107871646,0.8981232352875546,1.1119848073594434,0.08254254837938409,0.12438128853485336,1.0930674076080322
DINOv3,teacher_training_227137.pth,cls_token,768,100.0,1.4565668438567136,0.759307095396909,52.12991759351101,0.8597711627800135,0.7550845677512256,0.020746900907549087,0.02739913474531239,0.14857390522956848
DINOv3,teacher_training_227137.pth,storage_tokens,3072,100.0,3.141872024543273,1.6244942940845846,51.70466146916769,0.8666865928127876,0.730734939915289,0.021243907346771174,0.02930944431208581,0.28569285571575165
DINOv3,teacher_training_227137.pth,mask_token,768,100.0,0.0,0.6443076922557797,,,,0.01600859352488415,0.02324945122280131,0.11741939187049866
DINOv3,teacher_training_227137.pth,patch_embed.proj.weight,589824,100.0,19.69412287233015,4.056393938485773,20.596976899057154,0.9925254164890706,0.8266030005386252,0.003957970236999138,0.005281762940736683,0.03573578596115112
DINOv3,teacher_training_227137.pth,patch_embed.proj.bias,768,100.0,8.939487892229186,0.11723102787154399,1.3113841562831492,0.9999181418660985,1.0027927328780437,0.0024458803986912394,0.004230210343688277,0.03333725035190582
DINOv3,teacher_training_227137.pth,blocks.0.norm1.weight,768,100.0,23.7728422541786,1.580094031409195,6.646634905977465,0.9979769722438834,1.0173628610913048,0.044635260171062896,0.05701673214868873,0.2772955894470215
DINOv3,teacher_training_227137.pth,blocks.0.norm1.bias,768,100.0,43.889064477915966,1.5550126377618794,3.5430525946715687,0.9993726123606633,1.0003424089568493,0.04471919642024128,0.05611168531281819,0.16741140186786652
DINOv3,teacher_training_227137.pth,blocks.0.attn.qkv.weight,1769472,100.0,101.8978592757374,73.70277163028337,72.33004908458614,0.8166221098490019,0.38069175950378986,0.03254881301057057,0.05540666020933022,1.0100094676017761
DINOv3,teacher_training_227137.pth,blocks.0.attn.qkv.bias,2304,0.0,0.0,0.0,,,,0.0,0.0,0.0
DINOv3,teacher_training_227137.pth,blocks.0.attn.proj.weight,589824,100.0,22.13161419930001,21.09123851403066,95.29914232237857,0.36029757406972207,0.5552514009586125,0.020688685582151714,0.027462550148477424,0.4502396285533905
DINOv3,teacher_training_227137.pth,blocks.0.attn.proj.bias,768,100.0,18.58219941557115,0.47222937055123065,2.541299659907433,0.9997727713408894,0.9859375008055119,0.008930201954854056,0.017040109637937534,0.16942787170410156
DINOv3,teacher_training_227137.pth,blocks.0.ls1.gamma,768,100.0,1.9093632706481547,0.778328749512142,40.76378557590718,0.9445304800471517,0.7030631961638969,0.006720676646281658,0.02808551956555375,0.5562252402305603
DINOv3,teacher_training_227137.pth,blocks.0.norm2.weight,768,100.0,38.90218765944343,8.787774143372486,22.58940864792027,0.9800358506537683,0.8728052259566751,0.2603699363519543,0.31710148545335864,0.685467004776001
DINOv3,teacher_training_227137.pth,blocks.0.norm2.bias,768,100.0,9.988418243385217,1.196066416290761,11.974532775325567,0.9928314245250921,1.0001239579160182,0.030142998433323243,0.04315932921338387,0.32908132672309875
DINOv3,teacher_training_227137.pth,blocks.0.mlp.fc1.weight,2359296,100.0,92.22526717213451,70.4506906028366,76.38979290929394,0.6776110408158325,0.4709790764250416,0.03385346483801713,0.045866335027888415,0.7332606911659241
DINOv3,teacher_training_227137.pth,blocks.0.mlp.fc1.bias,3072,100.0,86.15298883808235,3.4383661508653938,3.991000425217432,0.9994153034840835,1.0200006691012116,0.0492367848946742,0.06203567571170726,0.2032254934310913
DINOv3,teacher_training_227137.pth,blocks.0.mlp.fc2.weight,2359296,100.0,91.58408331402617,70.65213448151714,77.14455604612326,0.6761664170189422,0.44741048538092043,0.03428526704349918,0.045997483386404386,1.0013865530490875
DINOv3,teacher_training_227137.pth,blocks.0.mlp.fc2.bias,768,100.0,15.935290964564356,0.623226255801859,3.9109813381364704,0.9993867433875947,0.9819672037384857,0.013654562958047714,0.022488740409577865,0.3189738988876343
DINOv3,teacher_training_227137.pth,blocks.0.ls2.gamma,768,100.0,4.713548754254283,2.3274715264783534,49.37832719726638,0.9188732332506135,1.215773786406828,0.06506619574189691,0.08398539452146667,0.35586094856262207
DINOv3,teacher_training_227137.pth,blocks.1.norm1.weight,768,100.0,38.96229650637499,6.330922617642097,16.248843588072987,0.991213774925216,0.8968356026793918,0.19606567725272347,0.22844749234464717,0.7097258567810059
DINOv3,teacher_training_227137.pth,blocks.1.norm1.bias,768,100.0,4.05390160736745,1.1430375004691362,28.195985279756442,0.9702561845310267,1.1148190504763638,0.028955045639416237,0.0412458130368558,0.25630003213882446
DINOv3,teacher_training_227137.pth,blocks.1.attn.qkv.weight,1769472,100.0,78.52275753838795,63.57145645379303,80.95927658005951,0.6162449372721192,0.428632919666169,0.035249164017458895,0.04779036132340362,0.9965856373310089
DINOv3,teacher_training_227137.pth,blocks.1.attn.qkv.bias,2304,0.0,0.0,0.0,,,,0.0,0.0,0.0
DINOv3,teacher_training_227137.pth,blocks.1.attn.proj.weight,589824,100.0,45.38703652662495,32.741503665417824,72.13844782796295,0.7640982150002829,0.4412334636423935,0.03115438512595199,0.04263216623101279,0.5287716090679169
DINOv3,teacher_training_227137.pth,blocks.1.attn.proj.bias,768,100.0,10.974138759641784,1.0221523435148732,9.314191900633832,0.9966496071473978,0.9520866572535022,0.022427630352823986,0.036883745667569925,0.3392477035522461
DINOv3,teacher_training_227137.pth,blocks.1.ls1.gamma,768,100.0,8.898598861588763,1.7517714607112589,19.685924581597515,0.9873529900596818,0.8706504209233158,0.0375185357807671,0.06321160777502183,0.4000244140625
DINOv3,teacher_training_227137.pth,blocks.1.norm2.weight,768,100.0,65.44327568216545,10.62908441527447,16.241675411995157,0.9892044872543498,0.919170783775225,0.311980892654977,0.3835440467748732,0.9630599021911621
DINOv3,teacher_training_227137.pth,blocks.1.norm2.bias,768,100.0,6.061213268652413,1.2809165162858631,21.13300521713285,0.9785244040917871,1.0251119598757417,0.03352173983226218,0.046221093467942544,0.22942297905683517
DINOv3,teacher_training_227137.pth,blocks.1.mlp.fc1.weight,2359296,100.0,91.46037976521401,72.63080625363763,79.4123165026065,0.6275658577509164,0.4711353394827145,0.03568264862560216,0.047285681154711996,1.0963102579116821
DINOv3,teacher_training_227137.pth,blocks.1.mlp.fc1.bias,3072,100.0,63.899973472092185,4.559629012974946,7.135572622680865,0.9984882710981375,1.043990657693821,0.058825718117873294,0.08226571993893476,0.3677102327346802
DINOv3,teacher_training_227137.pth,blocks.1.mlp.fc2.weight,2359296,100.0,88.8039830158019,72.06155679499274,81.14676205702396,0.6113748399779891,0.43176722824608565,0.035477962367347335,0.04691507603840673,1.0973162353038788
DINOv3,teacher_training_227137.pth,blocks.1.mlp.fc2.bias,768,100.0,21.10369792400254,0.7249877043516624,3.4353586132745444,0.9994847649381572,0.9872387768741614,0.01619686942334771,0.02616074039166257,0.36018484830856323
DINOv3,teacher_training_227137.pth,blocks.1.ls2.gamma,768,100.0,6.333760886960314,2.4071542030942963,38.00513227536022,0.9393027396717264,1.1027917138613452,0.07005967681702903,0.08686069544608943,0.33015188574790955
DINOv3,teacher_training_227137.pth,blocks.2.norm1.weight,768,100.0,48.11163706953371,10.777265819848292,22.400538572970127,0.9893173913713333,0.8192370759150992,0.32002444796002766,0.38889108263859773,0.7632622718811035
DINOv3,teacher_training_227137.pth,blocks.2.norm1.bias,768,100.0,6.32028486140988,1.5735546351187388,24.896894200552257,0.9730861900037002,1.067331971125545,0.028641595474364106,0.0567807620106492,0.7494151592254639
DINOv3,teacher_training_227137.pth,blocks.2.attn.qkv.weight,1769472,100.0,78.82035711462918,66.84516183967658,84.80697663227159,0.5430102673696285,0.42434064606956085,0.03769844612470579,0.05025139607052262,0.7252927422523499
DINOv3,teacher_training_227137.pth,blocks.2.attn.qkv.bias,2304,0.0,0.0,0.0,,,,0.0,0.0,0.0
DINOv3,teacher_training_227137.pth,blocks.2.attn.proj.weight,589824,100.0,45.84987403689589,36.09562830140172,78.72568695031784,0.6521491705556268,0.4398476886099366,0.035531023936863165,0.04699951601745015,0.47971436381340027
DINOv3,teacher_training_227137.pth,blocks.2.attn.proj.bias,768,100.0,9.708144267949574,1.0566122264284814,10.883771370361444,0.994917378965664,0.953610734316937,0.026689243436749166,0.03812720958484585,0.32120490074157715
DINOv3,teacher_training_227137.pth,blocks.2.ls1.gamma,768,100.0,6.67605397524649,1.5365982883789528,23.01656478626986,0.9733322574298144,0.9920914900760203,0.03609137867094129,0.05544721471449417,0.4007417559623718
DINOv3,teacher_training_227137.pth,blocks.2.norm2.weight,768,100.0,80.0063509307909,9.403329058489586,11.753228273870269,0.9949615492561884,0.9336237796191644,0.26936957124204736,0.3393134101998495,0.8741950988769531
DINOv3,teacher_training_227137.pth,blocks.2.norm2.bias,768,100.0,6.240213190341847,1.3126345159190234,21.035090883603537,0.9782577394774509,1.0134104021885169,0.03252937142665976,0.04736561819459014,0.3252596855163574
DINOv3,teacher_training_227137.pth,blocks.2.mlp.fc1.weight,2359296,100.0,105.1519463336884,83.4527916662823,79.36400093009578,0.6403756124135372,0.44051218570110123,0.036875345964394096,0.05433124457440253,1.1847949922084808
DINOv3,teacher_training_227137.pth,blocks.2.mlp.fc1.bias,3072,100.0,95.51431127079266,4.149636852436588,4.344518425801083,0.9991483744569247,1.0127483088364586,0.05947195952224623,0.07486856105604547,0.3396693468093872
DINOv3,teacher_training_227137.pth,blocks.2.mlp.fc2.weight,2359296,100.0,88.20922251789064,74.48612212025658,84.44255599821126,0.5432419915606976,0.45287392338428084,0.03720501678265961,0.04849356908870871,1.009144365787506
DINOv3,teacher_training_227137.pth,blocks.2.mlp.fc2.bias,768,100.0,18.65003611586971,1.023157701836239,5.486089654087118,0.9987133337348126,0.9777839059124526,0.02180790033747826,0.03692002341116196,0.5382029488682747
DINOv3,teacher_training_227137.pth,blocks.2.ls2.gamma,768,100.0,9.536781564776517,2.880803271404801,30.207290078288686,0.9533484209111276,0.9643597351436928,0.0866678377326231,0.10395203401424478,0.5969414710998535
DINOv3,teacher_training_227137.pth,blocks.3.norm1.weight,768,100.0,36.25860587024092,9.035972952108262,24.92090563119111,0.985651485668882,0.8023102602198642,0.2873654830029106,0.32605758851811767,0.7081856727600098
DINOv3,teacher_training_227137.pth,blocks.3.norm1.bias,768,100.0,4.948752423383709,1.5134329004237521,30.582109811606667,0.9568596842827586,1.0522902845041628,0.03146286664195941,0.05461130577875558,0.7100293636322021
DINOv3,teacher_training_227137.pth,blocks.3.attn.qkv.weight,1769472,100.0,80.33945091482421,71.79338832841319,89.36255788520195,0.4497161706068686,0.4212326791791485,0.04150192347081948,0.05397126572583944,0.6649149060249329
DINOv3,teacher_training_227137.pth,blocks.3.attn.qkv.bias,2304,0.0,0.0,0.0,,,,0.0,0.0,0.0
DINOv3,teacher_training_227137.pth,blocks.3.attn.proj.weight,589824,100.0,46.160879876422115,40.27976585645002,87.25952790389503,0.49100583635068046,0.44091339848332545,0.04075735625022881,0.05244761179225263,0.4705761820077896
DINOv3,teacher_training_227137.pth,blocks.3.attn.proj.bias,768,100.0,12.587327508948896,1.1653530872624538,9.258145435827835,0.9969157095634861,0.947800969764085,0.02651169402463438,0.0420510574144962,0.6170682907104492
DINOv3,teacher_training_227137.pth,blocks.3.ls1.gamma,768,100.0,8.1167618512706,2.1373417887374453,26.332444241946874,0.9687093940458712,1.0566733189710518,0.055535279662692005,0.0771246785673625,0.8261793851852417
DINOv3,teacher_training_227137.pth,blocks.3.norm2.weight,768,100.0,36.30923891307976,6.131974885157563,16.888194489112873,0.9857701909645771,0.9695227079426115,0.17923345499245139,0.22126858441310898,0.6753115653991699
DINOv3,teacher_training_227137.pth,blocks.3.norm2.bias,768,100.0,6.290126598330422,1.839849948040656,29.249807921656206,0.9582122591339033,1.0192520813803385,0.045552700178854856,0.06638986642311198,0.6162441968917847
DINOv3,teacher_training_227137.pth,blocks.3.mlp.fc1.weight,2359296,100.0,91.14468992584236,80.75474704773471,88.60060538188108,0.46390804954990084,0.47865273811138176,0.04029529370978792,0.052574705109202285,1.203812062740326
DINOv3,teacher_training_227137.pth,blocks.3.mlp.fc1.bias,3072,100.0,59.08028849984918,5.585175933965782,9.4535353089551,0.9973560833932006,1.0578216939928693,0.0713805037792999,0.1007688384045801,0.5318695902824402
DINOv3,teacher_training_227137.pth,blocks.3.mlp.fc2.weight,2359296,100.0,87.9972516816598,78.45517211930722,89.15638911443263,0.4531114617876531,0.4671174889101457,0.03959225386612872,0.051077586015173974,1.1611208617687225
DINOv3,teacher_training_227137.pth,blocks.3.mlp.fc2.bias,768,100.0,13.623790807378976,1.0894582922923015,7.9967338584076355,0.9970038032454717,0.9767218179837759,0.022285312856032153,0.03931243989536439,0.6080605983734131
DINOv3,teacher_training_227137.pth,blocks.3.ls2.gamma,768,100.0,12.053151661164538,3.5763192524268104,29.671237473513028,0.9565081754390169,0.9022299753708732,0.10895530370942197,0.12904930519354127,0.47351622581481934
DINOv3,teacher_training_227137.pth,blocks.4.norm1.weight,768,100.0,27.967291851873025,7.0657358428095725,25.26428329290083,0.9821712703725654,0.8133849990835358,0.2199309508287115,0.25496278067930583,1.071488857269287
DINOv3,teacher_training_227137.pth,blocks.4.norm1.bias,768,100.0,4.375935352358134,1.905185666946374,43.5377928039932,0.9343979947250677,1.1847049118699438,0.028645637787812223,0.0687474661042316,1.0351271629333496
DINOv3,teacher_training_227137.pth,blocks.4.attn.qkv.weight,1769472,100.0,79.5596042838508,73.08204689524797,91.85823327439843,0.3981570331355942,0.44634961622385083,0.0423165224827117,0.05494002532278681,0.6256810277700424
DINOv3,teacher_training_227137.pth,blocks.4.attn.qkv.bias,2304,0.0,0.0,0.0,,,,0.0,0.0,0.0
DINOv3,teacher_training_227137.pth,blocks.4.attn.proj.weight,589824,100.0,46.35398986374295,41.34989800485732,89.20461458960683,0.4519446993521844,0.45252580223979644,0.04222166881467946,0.05384101302715797,0.4228897877037525
DINOv3,teacher_training_227137.pth,blocks.4.attn.proj.bias,768,100.0,14.466794561558633,1.5079393657579314,10.423451852733493,0.9961981204335246,0.9389658742089365,0.02994991877514508,0.05441307492137345,1.0722222328186035
DINOv3,teacher_training_227137.pth,blocks.4.ls1.gamma,768,100.0,14.767359759447046,2.8702203295501043,19.436245722353675,0.9813458224308093,1.0099183263528133,0.07644466464234749,0.10357015499370556,1.2232835292816162
DINOv3,teacher_training_227137.pth,blocks.4.norm2.weight,768,100.0,31.48025413285188,4.896450184784879,15.554036394118832,0.9879731272426455,0.9711295834180823,0.14719082800248393,0.1766854270161964,0.6080082058906555
DINOv3,teacher_training_227137.pth,blocks.4.norm2.bias,768,100.0,6.289065453173214,2.3724584273086617,37.7235448569169,0.9291137115680631,1.0036715594511936,0.04692475927556513,0.08560871947799074,1.0066562965512276
DINOv3,teacher_training_227137.pth,blocks.4.mlp.fc1.weight,2359296,100.0,92.22420983679989,85.00131462691152,92.16811374944821,0.3971667923991004,0.4822407613773516,0.04291811132028765,0.05533939754356219,1.287287563085556
DINOv3,teacher_training_227137.pth,blocks.4.mlp.fc1.bias,3072,100.0,66.7007523440784,5.843799648863426,8.761219991519678,0.9976273486471527,1.0518142875044831,0.0736512558493511,0.1054349781362981,0.5627176761627197
DINOv3,teacher_training_227137.pth,blocks.4.mlp.fc2.weight,2359296,100.0,88.46045717624952,82.44235048853783,93.19683971820182,0.37831842547086963,0.4864383792110459,0.0419418241068466,0.053673405265975145,1.7143600136041641
DINOv3,teacher_training_227137.pth,blocks.4.mlp.fc2.bias,768,100.0,13.072922549521953,1.4243115765308363,10.895127475400825,0.9955935119178732,0.9401244102171252,0.025028613470025125,0.05139541700749866,0.918022632598877
DINOv3,teacher_training_227137.pth,blocks.4.ls2.gamma,768,100.0,17.34638402344492,3.3629700171179637,19.387153037616724,0.9812690097957707,1.0030644193117577,0.09188728288260488,0.12135072779123103,1.047086477279663
DINOv3,teacher_training_227137.pth,blocks.5.norm1.weight,768,100.0,24.936940977170412,6.01332650929646,24.11413057761021,0.9805631028091335,0.8403734885644292,0.19004240114979135,0.21698722992921401,0.7727742195129395
DINOv3,teacher_training_227137.pth,blocks.5.norm1.bias,768,100.0,4.959617563092832,2.051044404282065,41.35489033559732,0.9383318869797173,1.165244701932608,0.032162319189041,0.07401068993325785,1.0435601472854614
DINOv3,teacher_training_227137.pth,blocks.5.attn.qkv.weight,1769472,100.0,79.30279019334758,75.0962259955277,94.69556595983082,0.34543002148106383,0.4721064635911692,0.04374236725216795,0.056454200903180846,0.5785781070590019
DINOv3,teacher_training_227137.pth,blocks.5.attn.qkv.bias,2304,0.0,0.0,0.0,,,,0.0,0.0,0.0
DINOv3,teacher_training_227137.pth,blocks.5.attn.proj.weight,589824,100.0,46.39440215412052,42.0709618278071,90.68111641583158,0.42311359793276054,0.4596047502544642,0.04312851393679186,0.0547798982132905,0.44754187017679214
DINOv3,teacher_training_227137.pth,blocks.5.attn.proj.bias,768,100.0,14.293995408655714,1.8031461732480512,12.614710734803774,0.994248120120786,0.927596660601921,0.03602703011491334,0.06506543303206287,1.26422119140625
DINOv3,teacher_training_227137.pth,blocks.5.ls1.gamma,768,100.0,23.46704725207696,3.679896202644516,15.681121545101186,0.9885262785723635,0.9464078655045662,0.10438320047190548,0.13278681644916832,1.2225615978240967
DINOv3,teacher_training_227137.pth,blocks.5.norm2.weight,768,100.0,27.167064565808765,4.337959672121287,15.96771584067587,0.9879069052355538,1.0260755878031598,0.12286480871273397,0.15653263652706037,0.7242352962493896
DINOv3,teacher_training_227137.pth,blocks.5.norm2.bias,768,100.0,7.175830640650883,2.034157336328656,28.347343160598175,0.9598290633978579,1.0001901507182056,0.044199466713640355,0.07340133035646261,0.9473076611757278
DINOv3,teacher_training_227137.pth,blocks.5.mlp.fc1.weight,2359296,100.0,92.8364853087277,88.91417264904402,95.77503107033831,0.3305686588021024,0.4935450246796362,0.04524607339454289,0.05788683115172137,0.5867766216397285
DINOv3,teacher_training_227137.pth,blocks.5.mlp.fc1.bias,3072,100.0,79.761269097523,8.40387921219873,10.536290742720535,0.9961357415372356,1.0543401900738512,0.09028269149712287,0.15162443516875115,0.8455873727798462
DINOv3,teacher_training_227137.pth,blocks.5.mlp.fc2.weight,2359296,100.0,89.45362600678439,87.02741305433064,97.28774219586165,0.30199973847890127,0.49614999008360183,0.04431069557654432,0.056658472040579846,0.9889145344495773
DINOv3,teacher_training_227137.pth,blocks.5.mlp.fc2.bias,768,100.0,12.53131097292101,1.4330371929436567,11.435652630760787,0.9947844157292852,0.9430790109151074,0.026627961771926795,0.05171027556904787,0.8406081199645996
DINOv3,teacher_training_227137.pth,blocks.5.ls2.gamma,768,100.0,28.70906207356034,3.3583821330243695,11.697986247057779,0.9937390922182119,1.0284042278202965,0.09003858008994332,0.12118517678395307,0.9425668716430664
DINOv3,teacher_training_227137.pth,blocks.6.norm1.weight,768,100.0,20.548263716237134,4.550493027842433,22.145389462987357,0.9797326544972502,0.8852980118338326,0.13412486919696676,0.16420177341064648,0.9412603378295898
DINOv3,teacher_training_227137.pth,blocks.6.norm1.bias,768,100.0,5.219550779750966,1.82267433496403,34.92013799415499,0.9587991512436235,1.1618691297696855,0.02812794004443475,0.06577009487103155,1.007822036743164
DINOv3,teacher_training_227137.pth,blocks.6.attn.qkv.weight,1769472,100.0,79.80685647230678,77.90704108537493,97.61948349940198,0.2920765205185204,0.48769106421915387,0.04538869668165438,0.05856725409167767,0.6408701129257679
DINOv3,teacher_training_227137.pth,blocks.6.attn.qkv.bias,2304,0.0,0.0,0.0,,,,0.0,0.0,0.0
DINOv3,teacher_training_227137.pth,blocks.6.attn.proj.weight,589824,100.0,46.78290485092832,43.99597452975497,94.04284464580859,0.35774835665887705,0.4690567103422198,0.04515553467062419,0.057286425168951785,0.45059603452682495
DINOv3,teacher_training_227137.pth,blocks.6.attn.proj.bias,768,100.0,13.437404010250406,2.147650909100198,15.98263256401246,0.9896705787659639,0.9190143062731331,0.042157297867125486,0.07749667690589648,1.499330997467041
DINOv3,teacher_training_227137.pth,blocks.6.ls1.gamma,768,100.0,38.02012254977441,4.921002298831893,12.94315212264115,0.9924224502655513,0.9517427442923837,0.14017312341695742,0.17757137511958507,1.5368382930755615
DINOv3,teacher_training_227137.pth,blocks.6.norm2.weight,768,100.0,22.18049523611162,4.5031165202066585,20.302145972264967,0.9846834125030938,1.0886984881731792,0.12356902822102711,0.1624922209458478,0.6870970726013184
DINOv3,teacher_training_227137.pth,blocks.6.norm2.bias,768,100.0,7.5351442233504144,1.876200231671626,24.8993274190762,0.9691453829701322,1.0043650355033422,0.04154727183371184,0.06770154430057822,0.9053044617176056
DINOv3,teacher_training_227137.pth,blocks.6.mlp.fc1.weight,2359296,100.0,94.04873986450943,93.4439299753204,99.35691866785207,0.26264786875789553,0.49963654291782633,0.047536659824399086,0.060835891911015884,0.5579060763120651
DINOv3,teacher_training_227137.pth,blocks.6.mlp.fc1.bias,3072,100.0,94.58538125449603,11.265809033024379,11.910729632428128,0.9958230180654227,1.072308515688221,0.12841462175128981,0.20325993368298573,0.8598897457122803
DINOv3,teacher_training_227137.pth,blocks.6.mlp.fc2.weight,2359296,100.0,91.66819364038395,92.04519809602779,100.41127073707032,0.24006700982141566,0.49672728783092546,0.04670163289286157,0.05992525917710143,1.0029857009649277
DINOv3,teacher_training_227137.pth,blocks.6.mlp.fc2.bias,768,100.0,13.96979749112086,1.3447387393017864,9.62604318463812,0.9964740887354795,0.9492863757112607,0.02802716113023962,0.04852407957035028,0.6989364624023438
DINOv3,teacher_training_227137.pth,blocks.6.ls2.gamma,768,100.0,51.478914602273214,4.301567745582197,8.35597987800669,0.9969940336685214,1.0282884923280624,0.11344208205506827,0.15521945599058082,0.9443433284759521
DINOv3,teacher_training_227137.pth,blocks.7.norm1.weight,768,100.0,18.285766687265973,4.51883963533072,24.712333437337332,0.9713862582973434,0.9031132387308487,0.13465444484927502,0.16305957999268386,0.7283602133393288
DINOv3,teacher_training_227137.pth,blocks.7.norm1.bias,768,100.0,5.7147718146567525,1.8706944361571607,32.73436799977499,0.9602851044175298,1.1314615239403578,0.02962656567937927,0.0675028710179295,1.089242935180664
DINOv3,teacher_training_227137.pth,blocks.7.attn.qkv.weight,1769472,100.0,79.23638477004664,79.63443318870353,100.50235560318922,0.2456854436810909,0.5110788976617124,0.046535795881192145,0.059865835206069334,0.9177091158926487
DINOv3,teacher_training_227137.pth,blocks.7.attn.qkv.bias,2304,0.0,0.0,0.0,,,,0.0,0.0,0.0
DINOv3,teacher_training_227137.pth,blocks.7.attn.proj.weight,589824,100.0,47.68065553259481,46.185578469802635,96.86439490797241,0.3022565070763469,0.47439045538044194,0.0474390260346441,0.06013747196588885,0.41164593771100044
DINOv3,teacher_training_227137.pth,blocks.7.attn.proj.bias,768,100.0,13.673195022271601,2.32700098488394,17.018706901302888,0.9865744504295171,0.9386914189930186,0.054579608302143846,0.0839684153142042,1.2604520320892334
DINOv3,teacher_training_227137.pth,blocks.7.ls1.gamma,768,100.0,60.442430907366415,5.7079059267489045,9.443541302130608,0.9963456513589517,0.9560628483979052,0.17076057931334768,0.20596631395734627,1.2408313751220703
DINOv3,teacher_training_227137.pth,blocks.7.norm2.weight,768,100.0,20.667645548280976,4.847411517726068,23.45410611190422,0.9851417942297706,1.144872392704508,0.13746225066521825,0.17491589653950237,0.5578799247741699
DINOv3,teacher_training_227137.pth,blocks.7.norm2.bias,768,100.0,8.521764908296865,2.0730053374715056,24.32600945671723,0.9733394603593672,1.05436525070722,0.04683200309686223,0.07480313685129406,0.9102221429347992
DINOv3,teacher_training_227137.pth,blocks.7.mlp.fc1.weight,2359296,100.0,94.42500991839019,96.9485689147451,102.67255359415475,0.2064983919864527,0.5176364835912075,0.04948430876366753,0.06311755788720384,0.5563884973526001
DINOv3,teacher_training_227137.pth,blocks.7.mlp.fc1.bias,3072,100.0,93.9022190622099,11.716750495492459,12.477607677972074,0.9958990045188006,1.0818286067410665,0.1408440299795378,0.21139590789375787,0.8604762554168701
DINOv3,teacher_training_227137.pth,blocks.7.mlp.fc2.weight,2359296,100.0,92.42721808568935,95.58752884756471,103.41924254275992,0.18631214683218383,0.509214901340468,0.0486936937016454,0.06223146409346661,1.3133587837219238
DINOv3,teacher_training_227137.pth,blocks.7.mlp.fc2.bias,768,100.0,11.955996535415087,1.5414467536409526,12.892666446289136,0.9922152942252125,0.9588495197856471,0.033073955696682734,0.05562216863475492,0.6476231813430786
DINOv3,teacher_training_227137.pth,blocks.7.ls2.gamma,768,100.0,79.84984278165194,6.1475918666254,7.698940476859656,0.9974783233965449,1.0273174603244954,0.15581811636608714,0.22183211369150804,1.358889102935791
DINOv3,teacher_training_227137.pth,blocks.8.norm1.weight,768,100.0,18.978647709323113,4.738485133513456,24.96745398348752,0.9701091103506773,0.9113803965290769,0.1399903466729787,0.1709853542115646,0.6842767670750618
DINOv3,teacher_training_227137.pth,blocks.8.norm1.bias,768,100.0,6.548600879954907,1.801042493313617,27.502706705283575,0.9704303658921514,1.1022445633720115,0.030085208827411652,0.06498952302103572,0.9629566669464111
DINOv3,teacher_training_227137.pth,blocks.8.attn.qkv.weight,1769472,100.0,79.24996233158109,81.55739861656741,102.91159291070959,0.2102046504646969,0.5315542896724397,0.047871810176476466,0.06131144016364689,0.687115803360939
DINOv3,teacher_training_227137.pth,blocks.8.attn.qkv.bias,2304,0.0,0.0,0.0,,,,0.0,0.0,0.0
DINOv3,teacher_training_227137.pth,blocks.8.attn.proj.weight,589824,100.0,48.10798722599021,48.035990298632505,99.85034308955913,0.24919173285654872,0.49230820953864507,0.049509006333145526,0.06254686236801107,0.45455363392829895
DINOv3,teacher_training_227137.pth,blocks.8.attn.proj.bias,768,100.0,16.23302425897953,2.701052872093776,16.639246199608497,0.9869343640613951,0.9453905272815722,0.06202172921443131,0.0974658501749221,1.339188575744629
DINOv3,teacher_training_227137.pth,blocks.8.ls1.gamma,768,100.0,72.85894091868589,7.747507352401576,10.633571192104165,0.9944577945154088,0.9785333258521963,0.23342622017510925,0.2795640909661034,1.6622061729431152
DINOv3,teacher_training_227137.pth,blocks.8.norm2.weight,768,100.0,21.718809172984926,5.127420833311615,23.60820426420703,0.9803480155729222,1.1100282472808367,0.1380438316555228,0.18501986239755977,0.7527673244476318
DINOv3,teacher_training_227137.pth,blocks.8.norm2.bias,768,100.0,8.415710902399413,1.8285751792649707,21.728113055114854,0.9799605114818805,1.0667573648661701,0.041243171951236945,0.0659830232488812,0.9123620539903641
DINOv3,teacher_training_227137.pth,blocks.8.mlp.fc1.weight,2359296,100.0,95.22370464823616,100.01821489155752,105.03499654947541,0.15456114226790504,0.5111059455030539,0.05111160442325396,0.06511602532002442,0.45454275514930487
DINOv3,teacher_training_227137.pth,blocks.8.mlp.fc1.bias,3072,100.0,123.89802180319049,17.588604463824492,14.196033324699595,0.9952945009229434,1.0990436203555884,0.22959815345348034,0.31733704755809133,0.9727174043655396
DINOv3,teacher_training_227137.pth,blocks.8.mlp.fc2.weight,2359296,100.0,97.00697561721016,101.80183390092094,104.9427974155501,0.1379376881040974,0.4848178961581488,0.051630434082108885,0.06627723561257874,0.8403974324464798
DINOv3,teacher_training_227137.pth,blocks.8.mlp.fc2.bias,768,100.0,14.801558331216299,2.1980364601569713,14.850034104323598,0.9919371415816332,0.9145314302994647,0.04723090495970913,0.07931480887251496,0.9112906455993652
DINOv3,teacher_training_227137.pth,blocks.8.ls2.gamma,768,100.0,157.477777915576,7.780181353807872,4.940494752204869,0.9989419001875299,1.0169909663663936,0.1977983540467297,0.28074311243531763,1.3908634185791016
DINOv3,teacher_training_227137.pth,blocks.9.norm1.weight,768,100.0,19.015517726887474,5.983298621814207,31.465346922182245,0.9549145628296243,0.8506618506470607,0.1822014831470445,0.21590369187164682,0.6658515185117722
DINOv3,teacher_training_227137.pth,blocks.9.norm1.bias,768,100.0,7.101605588898157,1.9058334423829044,26.83665571856409,0.9724831414853506,1.105690008759116,0.03163568311994425,0.06877084068689755,1.044167399406433
DINOv3,teacher_training_227137.pth,blocks.9.attn.qkv.weight,1769472,100.0,79.20915746047412,83.71922645613132,105.69387320892507,0.17576717342818726,0.5604925074593206,0.04913754098343729,0.06293661188905554,0.5585752800107002
DINOv3,teacher_training_227137.pth,blocks.9.attn.qkv.bias,2304,0.0,0.0,0.0,,,,0.0,0.0,0.0
DINOv3,teacher_training_227137.pth,blocks.9.attn.proj.weight,589824,100.0,49.22130310896427,50.12876420564419,101.84363484784427,0.21429192248495835,0.5026209427801814,0.0517538043974036,0.06527182839276587,0.48735378682613373
DINOv3,teacher_training_227137.pth,blocks.9.attn.proj.bias,768,100.0,15.43794362199084,2.7998721816342567,18.136302672111924,0.9834988211416014,0.9707521098651695,0.06782010593299977,0.10103168486019268,1.0657076835632324
DINOv3,teacher_training_227137.pth,blocks.9.ls1.gamma,768,100.0,125.85831232833702,11.249481667890995,8.938211119932658,0.9960665260658861,0.9843325518281874,0.34727511633051716,0.4059307043250392,1.1793849021196365
DINOv3,teacher_training_227137.pth,blocks.9.norm2.weight,768,100.0,24.67600370919064,5.916198303111168,23.975512294592765,0.9720225872286168,1.020089509965892,0.16351964094792493,0.21348241768002751,0.8510553240776062
DINOv3,teacher_training_227137.pth,blocks.9.norm2.bias,768,100.0,9.904123833916586,1.6129558403679636,16.285699446168174,0.9866538017235001,0.9895042579200132,0.037337113671569,0.05820253053921392,0.7598337344825268
DINOv3,teacher_training_227137.pth,blocks.9.mlp.fc1.weight,2359296,100.0,96.07984409640389,102.35028050085134,106.52627662275958,0.1141595003205617,0.49862946354826243,0.05234294977113758,0.0666342972010751,0.48706026608124375
DINOv3,teacher_training_227137.pth,blocks.9.mlp.fc1.bias,3072,100.0,146.16407889136937,22.422248626481874,15.34046449479993,0.994855644669473,1.110054337467328,0.3070775369099768,0.40454660251050084,1.1087615489959717
DINOv3,teacher_training_227137.pth,blocks.9.mlp.fc2.weight,2359296,100.0,101.57687672861233,107.36455321303225,105.69782874884322,0.10392707087131452,0.4617034483501387,0.054176831947371565,0.06989879766473453,0.9501875806599855
DINOv3,teacher_training_227137.pth,blocks.9.mlp.fc2.bias,768,100.0,16.71720361196368,2.7427290224634673,16.406625690080315,0.9929643793810655,0.8794038432205448,0.058425336349642976,0.09896970871459262,1.1792778968811035
DINOv3,teacher_training_227137.pth,blocks.9.ls2.gamma,768,100.0,270.47034743817346,7.088511353555675,2.6208090538191184,0.9996916718400791,1.0080763457198545,0.19149966211989522,0.25578462113306794,1.1296653747558594
DINOv3,teacher_training_227137.pth,blocks.10.norm1.weight,768,100.0,21.604089487920298,7.054866459776969,32.65523623997959,0.9537599045646483,0.8261103806953659,0.21831087880051805,0.25457056560306845,0.6715540885925293
DINOv3,teacher_training_227137.pth,blocks.10.norm1.bias,768,100.0,8.58292022710919,2.297908042543073,26.773032741060792,0.9643056603836421,1.003864918002102,0.03779335958498109,0.08291861418345307,1.2869945764541626
DINOv3,teacher_training_227137.pth,blocks.10.attn.qkv.weight,1769472,100.0,78.58601342313857,85.52928462463214,108.83525057328993,0.1360441936083242,0.5866207124701266,0.05003447184367899,0.06429733789274411,0.7807201836258173
DINOv3,teacher_training_227137.pth,blocks.10.attn.qkv.bias,2304,0.0,0.0,0.0,,,,0.0,0.0,0.0
DINOv3,teacher_training_227137.pth,blocks.10.attn.proj.weight,589824,100.0,50.631256525596804,52.68146214365731,104.04928844107202,0.1679208253532982,0.5008214803491593,0.05446189970612277,0.06859565383288713,0.5644708350300789
DINOv3,teacher_training_227137.pth,blocks.10.attn.proj.bias,768,100.0,14.98908810501562,3.5222901257259567,23.499028767115824,0.9720926006481456,0.9856741887234907,0.08271540692643005,0.12709969701574012,0.8386931419372559
DINOv3,teacher_training_227137.pth,blocks.10.ls1.gamma,768,100.0,216.84611595685323,11.608268372662872,5.3532286347119165,0.9986498218309641,0.9857203081291216,0.33489697868935764,0.41887730436139553,1.3531844913959503
DINOv3,teacher_training_227137.pth,blocks.10.norm2.weight,768,100.0,30.37936481721136,6.856858178792146,22.570775327426887,0.9756097033311221,0.9230903438342845,0.19621151503148818,0.2474255572075458,0.9483509063720703
DINOv3,teacher_training_227137.pth,blocks.10.norm2.bias,768,100.0,11.47829627000381,1.9064595859632036,16.60925577383246,0.9862440502987407,0.9699939891996595,0.045952285321931186,0.06879343469718738,0.8243690431118011
DINOv3,teacher_training_227137.pth,blocks.10.mlp.fc1.weight,2359296,100.0,97.79103800419443,105.33368120861417,107.71302090493838,0.08383730866419922,0.49278496004616434,0.05378279442817788,0.06857661537019152,0.6900441776961088
DINOv3,teacher_training_227137.pth,blocks.10.mlp.fc1.bias,3072,100.0,147.6080022324992,27.513979897025695,18.639897214846172,0.9929287474867142,1.1366370437104818,0.38935810887414846,0.4964126156258043,1.3846506476402283
DINOv3,teacher_training_227137.pth,blocks.10.mlp.fc2.weight,2359296,100.0,104.5729398776722,111.08825318838475,106.23040082676654,0.07380253655475202,0.4397760607111634,0.05606172552194547,0.07232308150285466,0.8024954944849014
DINOv3,teacher_training_227137.pth,blocks.10.mlp.fc2.bias,768,100.0,16.598952029275765,2.9989927683029913,18.067362102219665,0.9926075165946807,0.8587694079203129,0.05751273120309482,0.10821683012984207,1.3006882667541504
DINOv3,teacher_training_227137.pth,blocks.10.ls2.gamma,768,100.0,346.3692085717702,8.389590569413901,2.4221525360201057,0.9997075488251987,1.0010733705053958,0.2259096201742068,0.3027332733526163,1.6044120788574219
DINOv3,teacher_training_227137.pth,blocks.11.norm1.weight,768,100.0,32.02707858576228,12.602091399351552,39.34823891478458,0.9542750833259737,0.6984053406319793,0.3753863669768684,0.4547388038604929,2.274317741394043
DINOv3,teacher_training_227137.pth,blocks.11.norm1.bias,768,100.0,9.371094063854724,3.657812331120238,39.032927278243825,0.929093730291515,1.053881954326753,0.04993421459458899,0.13198993337608764,2.5199167728424072
DINOv3,teacher_training_227137.pth,blocks.11.attn.qkv.weight,1769472,99.99994348596644,73.49691385048668,82.78966431314032,112.64372879867813,0.10780364692104938,0.6374097175589275,0.04779376595157024,0.06223780596003947,0.7600365821272135
DINOv3,teacher_training_227137.pth,blocks.11.attn.qkv.bias,2304,0.0,0.0,0.0,,,,0.0,0.0,0.0
DINOv3,teacher_training_227137.pth,blocks.11.attn.proj.weight,589824,100.0,53.75876525749833,55.740180507667475,103.68575290127737,0.13645409198795272,0.44254763110750256,0.05745621395908492,0.07257836003602536,0.49197351932525635
DINOv3,teacher_training_227137.pth,blocks.11.attn.proj.bias,768,100.0,20.72845787322121,5.266848146686519,25.408779461064896,0.9819441116120149,0.8123126118850701,0.13282077971285844,0.1900510122043965,1.2804644107818604
DINOv3,teacher_training_227137.pth,blocks.11.ls1.gamma,768,100.0,535.3357952990658,31.159812540911464,5.820610692304632,0.999848177128304,0.9443114488313488,1.0122437716084771,1.1243828848995943,2.300278663635254
DINOv3,teacher_training_227137.pth,blocks.11.norm2.weight,768,100.0,31.574834328076307,7.18133535559472,22.74385759550632,0.9743947405485661,0.9401395768330857,0.2084530152695455,0.2591341187933493,1.3548283576965332
DINOv3,teacher_training_227137.pth,blocks.11.norm2.bias,768,100.0,11.584121375864136,4.629914977333133,39.96776990769191,0.9167741850232608,0.9020375142837527,0.12104906798206845,0.16706766615552276,1.061506748199463
DINOv3,teacher_training_227137.pth,blocks.11.mlp.fc1.weight,2359296,100.0,98.10337113191002,108.72095606674728,110.82285431410999,0.05348411732982039,0.5341410164160549,0.05589616360526506,0.0707818724392886,0.8344641700387001
DINOv3,teacher_training_227137.pth,blocks.11.mlp.fc1.bias,3072,100.0,104.18571652621044,23.155307184173743,22.225030413212604,0.9942337870650442,1.1889027908343193,0.35827131801393836,0.41777258862347455,0.9047292470932007
DINOv3,teacher_training_227137.pth,blocks.11.mlp.fc2.weight,2359296,100.0,103.02962716598209,111.27129774326292,107.99932097590084,0.04274256167974141,0.4528794409097275,0.05699925714248839,0.0724422511349368,1.11756213119952
DINOv3,teacher_training_227137.pth,blocks.11.mlp.fc2.bias,768,100.0,14.278380270729768,3.1719858306512494,22.215305731517187,0.9799026063230971,0.882121735222064,0.07393280770458925,0.1144591795745111,0.953162670135498
DINOv3,teacher_training_227137.pth,blocks.11.ls2.gamma,768,100.0,251.02802066718297,15.731476886890185,6.266821068452447,0.9983687643477718,0.9725328541509807,0.4512714266250934,0.5676607759622765,1.97882080078125
DINOv3,teacher_training_227137.pth,norm.weight,768,100.0,31.387688806369596,11.782286195121257,37.537922170077856,0.9366416399706731,1.0715754082113709,0.3630171814871422,0.4251566316514043,1.390073299407959
DINOv3,teacher_training_227137.pth,norm.bias,768,100.0,7.049129622662956,4.636522399451324,65.7743955302638,0.8364342207562375,1.2000952117756933,0.10950604509145971,0.16730609096418447,1.4277541041374207
DINOv3,teacher_training_302849.pth,cls_token,768,100.0,1.4565668438567136,0.9425159245479108,64.70804470959305,0.7826541144446134,0.6058475312217277,0.025294744905276723,0.03401011392207783,0.21788613498210907
DINOv3,teacher_training_302849.pth,storage_tokens,3072,100.0,3.141872024543273,1.9680354089961607,62.638942440128496,0.8301533566357828,0.544639247465272,0.025153531637406523,0.03550768041120777,0.3445749431848526
DINOv3,teacher_training_302849.pth,mask_token,768,100.0,0.0,0.5064796374390161,,,,0.012642136490520409,0.018276009688405,0.09038403630256653
DINOv3,teacher_training_302849.pth,patch_embed.proj.weight,589824,100.0,19.69412287233015,5.832973970650686,29.61784085772054,0.9894543911633321,0.7311103532996215,0.00561607908388728,0.007595018190951414,0.05239580571651459
DINOv3,teacher_training_302849.pth,patch_embed.proj.bias,768,100.0,8.939487892229186,0.12564723984787302,1.405530622812233,0.9999230938167939,0.9933090798074805,0.002700005579202506,0.004533904234318935,0.03358010947704315
DINOv3,teacher_training_302849.pth,blocks.0.norm1.weight,768,100.0,23.7728422541786,1.9284821945649617,8.112122959239292,0.9971871241777857,1.0282163767718213,0.05442115562633868,0.06958810713496755,0.3280320167541504
DINOv3,teacher_training_302849.pth,blocks.0.norm1.bias,768,100.0,43.889064477915966,1.8136975078649147,4.132458801388961,0.9991460211925429,0.9998483312429561,0.052428234584321366,0.06544617152464761,0.18276255391538143
DINOv3,teacher_training_302849.pth,blocks.0.attn.qkv.weight,1769472,100.0,101.8978592757374,87.03176318020145,85.41078664340922,0.6827272800564737,0.24044141498965085,0.03720358896324789,0.06542683841163681,1.3059684932231903
DINOv3,teacher_training_302849.pth,blocks.0.attn.qkv.bias,2304,0.0,0.0,0.0,,,,0.0,0.0,0.0
DINOv3,teacher_training_302849.pth,blocks.0.attn.proj.weight,589824,100.0,22.13161419930001,22.07829593264345,99.75908550467028,0.21332728804544726,0.415059897946864,0.0213934163855131,0.028747781162296156,0.5779790729284286
DINOv3,teacher_training_302849.pth,blocks.0.attn.proj.bias,768,100.0,18.58219941557115,0.5558389059659723,2.9912438971040274,0.9997198549779516,0.9814293535541917,0.009472483852465649,0.02005710887409507,0.22639083862304688
DINOv3,teacher_training_302849.pth,blocks.0.ls1.gamma,768,100.0,1.9093632706481547,0.8391242988570033,43.94786009328404,0.930658641479824,0.6872106025907044,0.0068957680613142,0.030279289989290428,0.600822389125824
DINOv3,teacher_training_302849.pth,blocks.0.norm2.weight,768,100.0,38.90218765944343,11.032768744063048,28.360278451808007,0.9632814676200142,0.871948421866702,0.32785669680062784,0.3981107502682306,0.847139835357666
DINOv3,teacher_training_302849.pth,blocks.0.norm2.bias,768,100.0,9.988418243385217,1.400801692867149,14.024259484676902,0.9902151283139483,1.0041430050783402,0.03512978630563642,0.05054707715363325,0.35355937480926514
DINOv3,teacher_training_302849.pth,blocks.0.mlp.fc1.weight,2359296,100.0,92.22526717213451,79.31139204392761,85.99746520212979,0.5546749298634361,0.3373717316859587,0.03753832525471787,0.051635020861932036,0.8486218303442001
DINOv3,teacher_training_302849.pth,blocks.0.mlp.fc1.bias,3072,100.0,86.15298883808235,3.7137550720294032,4.310651460983099,0.9992586144618416,1.0186480491623937,0.05355392252325449,0.06700429657939107,0.21700602769851685
DINOv3,teacher_training_302849.pth,blocks.0.mlp.fc2.weight,2359296,100.0,91.58408331402617,80.616419233043,88.02448669669279,0.5167858464780146,0.3120942810884689,0.038701941442251524,0.052484647938179044,1.152239367365837
DINOv3,teacher_training_302849.pth,blocks.0.mlp.fc2.bias,768,100.0,15.935290964564356,0.7732404380949862,4.852377278924228,0.9991877479843576,0.9721560582895963,0.017013196076571074,0.02790191094265278,0.3525823950767517
DINOv3,teacher_training_302849.pth,blocks.0.ls2.gamma,768,100.0,4.713548754254283,2.852048816836644,60.50746402617529,0.9028507962550052,1.3285911873223626,0.07933477210030693,0.10291444700891189,0.42409205436706543
DINOv3,teacher_training_302849.pth,blocks.1.norm1.weight,768,100.0,38.96229650637499,8.21392253484679,21.081720718137937,0.9844541305927966,0.8678615489892665,0.2512705761799386,0.29639439916228294,0.8050559759140015
DINOv3,teacher_training_302849.pth,blocks.1.norm1.bias,768,100.0,4.05390160736745,1.496058005255077,36.90415185549106,0.9530142168035832,1.1637931053267496,0.03728502530151564,0.053984343253582076,0.4032515287399292
DINOv3,teacher_training_302849.pth,blocks.1.attn.qkv.weight,1769472,100.0,78.52275753838795,71.06789007765212,90.50610588008028,0.45000114864916024,0.3029074576111223,0.038874365532190015,0.053425866493582275,1.1407807022333145
DINOv3,teacher_training_302849.pth,blocks.1.attn.qkv.bias,2304,0.0,0.0,0.0,,,,0.0,0.0,0.0
DINOv3,teacher_training_302849.pth,blocks.1.attn.proj.weight,589824,100.0,45.38703652662495,38.16119469855904,84.0795029130684,0.6245403462670526,0.31311310737129133,0.035794784445375954,0.04968905559708208,0.645405113697052
DINOv3,teacher_training_302849.pth,blocks.1.attn.proj.bias,768,100.0,10.974138759641784,1.2748828423964682,11.617156209879042,0.9954038764844434,0.9296413555418114,0.025592484075663908,0.04600337201517726,0.5006544589996338
DINOv3,teacher_training_302849.pth,blocks.1.ls1.gamma,768,100.0,8.898598861588763,1.9365179601982951,21.76205479446174,0.9833671122630757,0.8634939277373626,0.0423904374237812,0.06987807285068942,0.5402956008911133
DINOv3,teacher_training_302849.pth,blocks.1.norm2.weight,768,100.0,65.44327568216545,13.603780671283365,20.787132871147918,0.9814043160861243,0.9016238615076426,0.3964567686478932,0.4908841520351299,1.288400650024414
DINOv3,teacher_training_302849.pth,blocks.1.norm2.bias,768,100.0,6.061213268652413,1.3963169189492837,23.03692110902618,0.9752097711429542,1.039272795978204,0.036113036309468306,0.050385246814337356,0.27235796162858605
DINOv3,teacher_training_302849.pth,blocks.1.mlp.fc1.weight,2359296,100.0,91.46037976521401,81.05782540473909,88.62616316794322,0.4884510128831495,0.3333895032372542,0.039340863872700665,0.05277202174787702,1.3174533545970917
DINOv3,teacher_training_302849.pth,blocks.1.mlp.fc1.bias,3072,100.0,63.899973472092185,5.36987514967575,8.40356397334187,0.997860151576589,1.050650973220675,0.0697191243287989,0.09688433947437426,0.41518211364746094
DINOv3,teacher_training_302849.pth,blocks.1.mlp.fc2.weight,2359296,100.0,88.8039830158019,80.78073368182139,90.96521455287332,0.43599388309917103,0.3034884418338347,0.03944522471324205,0.05259162349076914,1.2855674177408218
DINOv3,teacher_training_302849.pth,blocks.1.mlp.fc2.bias,768,100.0,21.10369792400254,0.9189448009162868,4.354425486118782,0.9992964142065304,0.9771734492731036,0.020489824828018754,0.03315956426121408,0.4067757576704025
DINOv3,teacher_training_302849.pth,blocks.1.ls2.gamma,768,100.0,6.333760886960314,2.712936974113296,42.832955372511435,0.9288140412378377,1.1436668508422723,0.07669625030232179,0.09789468076867501,0.38679060339927673
DINOv3,teacher_training_302849.pth,blocks.2.norm1.weight,768,100.0,48.11163706953371,14.035435057793174,29.172640784408056,0.9796769504182812,0.7678486609608196,0.4137054642333169,0.5064601380506499,0.9790002107620239
DINOv3,teacher_training_302849.pth,blocks.2.norm1.bias,768,100.0,6.32028486140988,2.2906175225735015,36.24231459185414,0.950694773280542,1.1382343388138818,0.03740045767312002,0.0826555402042678,1.1440956592559814
DINOv3,teacher_training_302849.pth,blocks.2.attn.qkv.weight,1769472,100.0,78.82035711462918,73.4713266896679,93.21364350432702,0.3680262936350951,0.3022867595482002,0.040936196461625024,0.055232669585935805,0.7731832787394524
DINOv3,teacher_training_302849.pth,blocks.2.attn.qkv.bias,2304,0.0,0.0,0.0,,,,0.0,0.0,0.0
DINOv3,teacher_training_302849.pth,blocks.2.attn.proj.weight,589824,100.0,45.84987403689589,41.13359021472807,89.71363843143261,0.46787405505620355,0.31373183677932354,0.04000726198439686,0.053559362258760505,0.545710951089859
DINOv3,teacher_training_302849.pth,blocks.2.attn.proj.bias,768,100.0,9.708144267949574,1.2816372063131465,13.201670380448899,0.9934209998022719,0.9277422899219193,0.030780094171078076,0.04624709912927094,0.4380037784576416
DINOv3,teacher_training_302849.pth,blocks.2.ls1.gamma,768,100.0,6.67605397524649,1.8554857015900432,27.793150092402236,0.9622425584447272,1.0184267242580047,0.040526789860355926,0.06695407308065707,0.5597177743911743
DINOv3,teacher_training_302849.pth,blocks.2.norm2.weight,768,100.0,80.0063509307909,12.665396310010921,15.830488658290465,0.9906305527809784,0.9105722663942896,0.3624758710408855,0.45702312306113113,1.1444952487945557
DINOv3,teacher_training_302849.pth,blocks.2.norm2.bias,768,100.0,6.240213190341847,1.5834948518283563,25.375653099146927,0.9693930028662232,1.0335426016710303,0.03818174799385806,0.057139448685218,0.39944934844970703
DINOv3,teacher_training_302849.pth,blocks.2.mlp.fc1.weight,2359296,100.0,105.1519463336884,93.10837878916821,88.54651010804763,0.5025589721450712,0.3112112109484254,0.039977905075077175,0.06061743410753139,1.3865944594144821
DINOv3,teacher_training_302849.pth,blocks.2.mlp.fc1.bias,3072,100.0,95.51431127079266,5.070554480869237,5.308685592145146,0.9986949581041374,1.0131805928589568,0.07320097546228983,0.09148393732720367,0.3785865306854248
DINOv3,teacher_training_302849.pth,blocks.2.mlp.fc2.weight,2359296,100.0,88.20922251789064,82.1410396224547,93.12069336717576,0.3670124587954419,0.32406483686554877,0.040776925877526654,0.05347723933753561,1.2234863936901093
DINOv3,teacher_training_302849.pth,blocks.2.mlp.fc2.bias,768,100.0,18.65003611586971,1.272307649227252,6.822011717953826,0.9981982204553851,0.9657379107173791,0.027099297439197773,0.04591044773583587,0.5935981273651123
DINOv3,teacher_training_302849.pth,blocks.2.ls2.gamma,768,100.0,9.536781564776517,3.2601590017845807,34.18510720457063,0.9399020543862294,0.9565762049868932,0.09406745120920353,0.11764085483008183,0.880885124206543
DINOv3,teacher_training_302849.pth,blocks.3.norm1.weight,768,100.0,36.25860587024092,11.324410492574168,31.232338422224405,0.9734807247394967,0.7608528390533268,0.35398591815146574,0.4086344653938449,0.878087043762207
DINOv3,teacher_training_302849.pth,blocks.3.norm1.bias,768,100.0,4.948752423383709,2.09868882627381,42.408442506785,0.9294776960563673,1.1387057702992416,0.03923756370731072,0.07572990992465274,1.0405445098876953
DINOv3,teacher_training_302849.pth,blocks.3.attn.qkv.weight,1769472,100.0,80.33945091482421,77.1944995141237,96.08542084257611,0.2785513729399541,0.30739018734397566,0.04432273829399684,0.0580315951490075,0.7511085569858551
DINOv3,teacher_training_302849.pth,blocks.3.attn.qkv.bias,2304,0.0,0.0,0.0,,,,0.0,0.0,0.0
DINOv3,teacher_training_302849.pth,blocks.3.attn.proj.weight,589824,100.0,46.160879876422115,43.6720968726913,94.60845848174132,0.32392013600863534,0.3244643243859908,0.043996688363736526,0.05686470946965013,0.5198792815208435
DINOv3,teacher_training_302849.pth,blocks.3.attn.proj.bias,768,100.0,12.587327508948896,1.4741583578015147,11.711448333679005,0.9960040641933301,0.9202419490111722,0.031228200577080163,0.05319410779405257,0.8407645225524902
DINOv3,teacher_training_302849.pth,blocks.3.ls1.gamma,768,100.0,8.1167618512706,2.598687997729854,32.016314453319275,0.9574278962636695,1.0958931108890677,0.06256750742306376,0.0937720759393238,1.118739366531372
DINOv3,teacher_training_302849.pth,blocks.3.norm2.weight,768,100.0,36.30923891307976,7.823677404579683,21.547346181804272,0.9765310923772996,0.9700667960154643,0.23093709275417496,0.2823126409741796,0.8171303272247314
DINOv3,teacher_training_302849.pth,blocks.3.norm2.bias,768,100.0,6.290126598330422,2.1269574445813118,33.81422315324888,0.946678281433268,1.0493424781291802,0.05056464392110153,0.07674996582399368,0.7519835233688354
DINOv3,teacher_training_302849.pth,blocks.3.mlp.fc1.weight,2359296,100.0,91.14468992584236,86.74047057422727,95.16788157906021,0.3093668386284605,0.3467888811645212,0.042919883047851236,0.056471660530095884,1.381572663784027
DINOv3,teacher_training_302849.pth,blocks.3.mlp.fc1.bias,3072,100.0,59.08028849984918,6.60760000729905,11.184102473223227,0.9963628637206188,1.068801603457781,0.08634646772307993,0.11921561384098374,0.6001656651496887
DINOv3,teacher_training_302849.pth,blocks.3.mlp.fc2.weight,2359296,100.0,87.9972516816598,84.37663698158482,95.88553661519684,0.28868822545754264,0.34107624618986815,0.04234866084052819,0.05493270636821929,1.3504113852977753
DINOv3,teacher_training_302849.pth,blocks.3.mlp.fc2.bias,768,100.0,13.623790807378976,1.3548003371771966,9.94437125710565,0.995780568431059,0.9574661790349377,0.02756054547598789,0.048887146210465644,0.7101262807846069
DINOv3,teacher_training_302849.pth,blocks.3.ls2.gamma,768,100.0,12.053151661164538,3.9739222592193584,32.96998470552233,0.9447608826823086,0.9090521359261988,0.11756237242525458,0.1433965678811839,0.5379784107208252
DINOv3,teacher_training_302849.pth,blocks.4.norm1.weight,768,100.0,27.967291851873025,8.2842108772535,29.621069215890817,0.9698228852098714,0.8016051607392952,0.2536129723521299,0.2989307112503709,1.2232260704040527
DINOv3,teacher_training_302849.pth,blocks.4.norm1.bias,768,100.0,4.375935352358134,2.6788519742795396,61.21781421738649,0.8949738669162874,1.3141877743889967,0.03720522365329041,0.0966647442793408,1.4277265071868896
DINOv3,teacher_training_302849.pth,blocks.4.attn.qkv.weight,1769472,100.0,79.5596042838508,77.40299784915403,97.28931980732021,0.24642937107703558,0.33156813890066505,0.04450970533708529,0.058188335474339985,0.6527888840064406
DINOv3,teacher_training_302849.pth,blocks.4.attn.qkv.bias,2304,0.0,0.0,0.0,,,,0.0,0.0,0.0
DINOv3,teacher_training_302849.pth,blocks.4.attn.proj.weight,589824,100.0,46.35398986374295,44.17938329966862,95.30869603573163,0.3042413213315611,0.33486052459883997,0.04502197037602925,0.057525238671443525,0.4808998629450798
DINOv3,teacher_training_302849.pth,blocks.4.attn.proj.bias,768,100.0,14.466794561558633,1.8836077917761613,13.020215250594006,0.9952005146503359,0.9093130017193333,0.03589404755132364,0.06796884160185271,1.3751187324523926
DINOv3,teacher_training_302849.pth,blocks.4.ls1.gamma,768,100.0,14.767359759447046,3.4338552445717916,23.25300731144624,0.9737862359145527,1.0220549437825917,0.0876820179514084,0.12390857811323326,1.589271068572998
DINOv3,teacher_training_302849.pth,blocks.4.norm2.weight,768,100.0,31.48025413285188,6.13638312423604,19.492800465776064,0.9808965836168475,0.993347878772733,0.1832395897109033,0.22142765303927214,0.8054457902908325
DINOv3,teacher_training_302849.pth,blocks.4.norm2.bias,768,100.0,6.289065453173214,2.7177162471502205,43.21335606038205,0.9099608059377349,1.031484805801907,0.05119144732445117,0.09806713792957496,1.2372338846325874
DINOv3,teacher_training_302849.pth,blocks.4.mlp.fc1.weight,2359296,100.0,92.22420983679989,89.60611955899293,97.16116811145366,0.25632519486963273,0.3549754072524313,0.04498772132598095,0.05833731742121935,1.4184263944625854
DINOv3,teacher_training_302849.pth,blocks.4.mlp.fc1.bias,3072,100.0,66.7007523440784,7.3142354549213735,10.965746558885286,0.996356965850419,1.0652914503848196,0.09208079824141653,0.13196486902547375,0.6766016483306885
DINOv3,teacher_training_302849.pth,blocks.4.mlp.fc2.weight,2359296,100.0,88.46045717624952,86.83106714861329,98.15805832385671,0.22903780944218832,0.3553657934561894,0.04399843713522481,0.056530642674878444,1.8404992260038853
DINOv3,teacher_training_302849.pth,blocks.4.mlp.fc2.bias,768,100.0,13.072922549521953,1.789666155091173,13.689870404354357,0.9938245806770529,0.9136463272243707,0.03021904264076151,0.0645790147750907,1.2407007217407227
DINOv3,teacher_training_302849.pth,blocks.4.ls2.gamma,768,100.0,17.34638402344492,4.206394817004629,24.249404436794293,0.9716556129079973,1.0256740509596272,0.11169989654778571,0.1517851987447168,1.56186842918396
DINOv3,teacher_training_302849.pth,blocks.5.norm1.weight,768,100.0,24.936940977170412,6.471526733468037,25.951566149964716,0.972310397562881,0.8594570069514901,0.19897116275751614,0.23352110635222692,0.9085392951965332
DINOv3,teacher_training_302849.pth,blocks.5.norm1.bias,768,100.0,4.959617563092832,2.886948505904034,58.20909514046734,0.8982405519624946,1.2799026602429542,0.04164623121549956,0.10417378106376762,1.4448448419570923
DINOv3,teacher_training_302849.pth,blocks.5.attn.qkv.weight,1769472,100.0,79.30279019334758,78.23497753655012,98.65349925999574,0.21491783595171218,0.35434870711862765,0.04530685811640968,0.058813782995796274,0.6329541318118572
DINOv3,teacher_training_302849.pth,blocks.5.attn.qkv.bias,2304,0.0,0.0,0.0,,,,0.0,0.0,0.0
DINOv3,teacher_training_302849.pth,blocks.5.attn.proj.weight,589824,100.0,46.39440215412052,44.47644527985744,95.8659735114342,0.28965680870530675,0.3437821683700988,0.04551546354439908,0.05791203812481437,0.49125927686691284
DINOv3,teacher_training_302849.pth,blocks.5.attn.proj.bias,768,100.0,14.293995408655714,2.287582163467613,16.003798084910322,0.9926268490093134,0.8881270083950011,0.04436677941657763,0.08254601111696329,1.6640520095825195
DINOv3,teacher_training_302849.pth,blocks.5.ls1.gamma,768,100.0,23.46704725207696,4.2261668457133466,18.00894164620267,0.9847834945469917,0.9375529000788061,0.11591690628476196,0.1524986603758045,1.6338436603546143
DINOv3,teacher_training_302849.pth,blocks.5.norm2.weight,768,100.0,27.167064565808765,5.904343879614365,21.733462830744344,0.9811416503052176,1.0805060233228172,0.166244691285101,0.21305465801771706,0.9103467464447021
DINOv3,teacher_training_302849.pth,blocks.5.norm2.bias,768,100.0,7.175830640650883,2.316753418945084,32.28550860468668,0.948951356349269,1.0178286625062805,0.04949089553495393,0.08359863812962062,1.0829541236162186
DINOv3,teacher_training_302849.pth,blocks.5.mlp.fc1.weight,2359296,100.0,92.8364853087277,92.0404371294152,99.142526586756,0.20687591533978003,0.3672557836158013,0.046635614461794275,0.059922159589463016,0.6308531165122986
DINOv3,teacher_training_302849.pth,blocks.5.mlp.fc1.bias,3072,100.0,79.761269097523,10.705856336298135,13.422374615439272,0.9939160104516077,1.0706300891057845,0.11510649244155502,0.19315715742709966,1.0236012935638428
DINOv3,teacher_training_302849.pth,blocks.5.mlp.fc2.weight,2359296,100.0,89.45362600678439,89.81013674426242,100.3985425224138,0.17030065278965084,0.3626260187793564,0.04554176298777262,0.05847014110954585,1.0672459453344345
DINOv3,teacher_training_302849.pth,blocks.5.mlp.fc2.bias,768,100.0,12.53131097292101,1.7877983396317478,14.266650500454519,0.9929859760556758,0.913143128577304,0.031578956807228074,0.06451161579019722,1.1579976081848145
DINOv3,teacher_training_302849.pth,blocks.5.ls2.gamma,768,100.0,28.70906207356034,4.547757974515585,15.840844827542627,0.9890007379429454,1.0457078462867728,0.12336551563294051,0.16410308067474003,1.4671409130096436
DINOv3,teacher_training_302849.pth,blocks.6.norm1.weight,768,100.0,20.548263716237134,4.904488277996388,23.868139642965975,0.9716666199671031,0.938427646458473,0.14015379968592848,0.1769754767211612,1.1584968566894531
DINOv3,teacher_training_302849.pth,blocks.6.norm1.bias,768,100.0,5.219550779750966,2.4713305628234044,47.347571986670395,0.94060320476667,1.2706238800593304,0.03588856153906761,0.08917646035641512,1.4168808460235596
DINOv3,teacher_training_302849.pth,blocks.6.attn.qkv.weight,1769472,100.0,79.80685647230678,79.85470801191235,100.05995918360998,0.18071535130162392,0.364719648476007,0.04627218462285639,0.060031428602521565,0.7341086193919182
DINOv3,teacher_training_302849.pth,blocks.6.attn.qkv.bias,2304,0.0,0.0,0.0,,,,0.0,0.0,0.0
DINOv3,teacher_training_302849.pth,blocks.6.attn.proj.weight,589824,100.0,46.78290485092832,45.69429593207379,97.6730625806086,0.24111942871505668,0.35130697016790857,0.046842204345920534,0.05949778116155442,0.48835407942533493
DINOv3,teacher_training_302849.pth,blocks.6.attn.proj.bias,768,100.0,13.437404010250406,2.7245466322609255,20.275840706899707,0.9861200447510817,0.8697425800208665,0.05205119130723309,0.09831360822222086,1.9815282821655273
DINOv3,teacher_training_302849.pth,blocks.6.ls1.gamma,768,100.0,38.02012254977441,5.70306192399424,15.000114522324386,0.9899641905284927,0.9396706313283478,0.1562149412127667,0.20579152106394874,2.0503947734832764
DINOv3,teacher_training_302849.pth,blocks.6.norm2.weight,768,100.0,22.18049523611162,6.431296540821484,28.99527928641926,0.9794580993977284,1.1878106625342435,0.183975205265142,0.23206942431759955,0.9432792663574219
DINOv3,teacher_training_302849.pth,blocks.6.norm2.bias,768,100.0,7.5351442233504144,2.171604747650608,28.819683914225454,0.9604573711355255,1.0348601927228214,0.047816346446675574,0.07836103660184673,1.064554750919342
DINOv3,teacher_training_302849.pth,blocks.6.mlp.fc1.weight,2359296,100.0,94.04873986450943,95.15549555658238,101.1767894962414,0.1546323354933952,0.3727731901190624,0.048214681120062296,0.06195019241964999,0.6249051913619041
DINOv3,teacher_training_302849.pth,blocks.6.mlp.fc1.bias,3072,100.0,94.58538125449603,14.127405329530234,14.936140386766905,0.9936890055869013,1.092312880939707,0.16277595665087574,0.25488941468610105,1.0121886730194092
DINOv3,teacher_training_302849.pth,blocks.6.mlp.fc2.weight,2359296,100.0,91.66819364038395,93.51864824941498,102.01864412894443,0.12588290188094078,0.36384693272759505,0.04721743788909051,0.06088453662071288,1.0969302169978619
DINOv3,teacher_training_302849.pth,blocks.6.mlp.fc2.bias,768,100.0,13.96979749112086,1.7103673920688593,12.243322733604128,0.9955181562030415,0.917760233868258,0.03468699730080971,0.06171756713900713,0.9695711135864258
DINOv3,teacher_training_302849.pth,blocks.6.ls2.gamma,768,100.0,51.478914602273214,5.893209783401696,11.4478128160485,0.9944174917912243,1.0388178274597522,0.16196354595012963,0.21265289092736908,1.2311103343963623
DINOv3,teacher_training_302849.pth,blocks.7.norm1.weight,768,100.0,18.285766687265973,5.038510755596683,27.554276732106896,0.9615027983695993,0.9817869768228423,0.14902277923965812,0.1818115963161606,0.9609060063958168
DINOv3,teacher_training_302849.pth,blocks.7.norm1.bias,768,100.0,5.7147718146567525,2.5429484626978476,44.49781277663464,0.9416317426631139,1.2326229332191432,0.03786333138018468,0.09176074871712171,1.517611026763916
DINOv3,teacher_training_302849.pth,blocks.7.attn.qkv.weight,1769472,100.0,79.23638477004664,80.38010467839355,101.44342767740619,0.15402433292716622,0.38380770270786335,0.046726326912885065,0.06042639983536564,0.9593468615785241
DINOv3,teacher_training_302849.pth,blocks.7.attn.qkv.bias,2304,0.0,0.0,0.0,,,,0.0,0.0,0.0
DINOv3,teacher_training_302849.pth,blocks.7.attn.proj.weight,589824,100.0,47.68065553259481,47.23821262459307,99.07207041711227,0.2033494282973006,0.3546058452261835,0.048449587622638846,0.06150808935493889,0.42418787628412247
DINOv3,teacher_training_302849.pth,blocks.7.attn.proj.bias,768,100.0,13.673195022271601,2.9597454294616794,21.646333754771245,0.9808097379141291,0.8867665643741144,0.06879000331047358,0.10680061377702907,1.6100921630859375
DINOv3,teacher_training_302849.pth,blocks.7.ls1.gamma,768,100.0,60.442430907366415,6.906940437798405,11.427304186993945,0.9949334348887512,0.9406115428217628,0.19937588288992933,0.2492327450649763,1.6770715713500977
DINOv3,teacher_training_302849.pth,blocks.7.norm2.weight,768,100.0,20.667645548280976,7.294349171948912,35.293566240570726,0.9790131298225268,1.2671629001897018,0.2153531393269077,0.2632121536242393,0.7194212675094604
DINOv3,teacher_training_302849.pth,blocks.7.norm2.bias,768,100.0,8.521764908296865,2.466791956771955,28.946960909121835,0.9667785486182124,1.1026219019917227,0.05710067488288691,0.08901268751731825,1.0546587109565735
DINOv3,teacher_training_302849.pth,blocks.7.mlp.fc1.weight,2359296,100.0,94.42500991839019,97.08479478494493,102.81682243809512,0.11936060693410651,0.3865250733482543,0.049375554607342664,0.06320624660478186,0.6175986845046282
DINOv3,teacher_training_302849.pth,blocks.7.mlp.fc1.bias,3072,100.0,93.9022190622099,14.920900414865143,15.889827273389672,0.9937043067043795,1.10638487397597,0.1809313700293084,0.2692058084710621,1.0528137683868408
DINOv3,teacher_training_302849.pth,blocks.7.mlp.fc2.weight,2359296,100.0,92.42721808568935,95.58001509482183,103.41111317037534,0.09202994159589319,0.3710556444688746,0.04848945717939214,0.06222657232735796,1.3952525705099106
DINOv3,teacher_training_302849.pth,blocks.7.mlp.fc2.bias,768,100.0,11.955996535415087,1.9259732140711505,16.108847207894282,0.989509939600766,0.9182399150080924,0.0397537039655352,0.06949757209974922,0.9093112945556641
DINOv3,teacher_training_302849.pth,blocks.7.ls2.gamma,768,100.0,79.84984278165194,7.863898138130583,9.848357697627886,0.9958236558599015,1.03275289230235,0.21216289594303817,0.2837639816830931,1.6861233711242676
DINOv3,teacher_training_302849.pth,blocks.8.norm1.weight,768,100.0,18.978647709323113,5.2650932541843085,27.742193937231225,0.9613919494899084,0.9965688309477871,0.15470591965292138,0.18998768797573706,0.8715664222836494
DINOv3,teacher_training_302849.pth,blocks.8.norm1.bias,768,100.0,6.548600879954907,2.4035203379613583,36.702806935729896,0.9595064610133108,1.19479830622354,0.036822780491451525,0.08672956963279567,1.320112943649292
DINOv3,teacher_training_302849.pth,blocks.8.attn.qkv.weight,1769472,100.0,79.24996233158109,81.30788033245166,102.59674319119578,0.13328261443753767,0.3985625169091031,0.04752789056283021,0.06112386275674328,0.7646864876151085
DINOv3,teacher_training_302849.pth,blocks.8.attn.qkv.bias,2304,0.0,0.0,0.0,,,,0.0,0.0,0.0
DINOv3,teacher_training_302849.pth,blocks.8.attn.proj.weight,589824,100.0,48.10798722599021,48.4691902083761,100.7508170746972,0.1635939542470157,0.36813171601262357,0.04989316953835883,0.06311092475048971,0.4979792833328247
DINOv3,teacher_training_302849.pth,blocks.8.attn.proj.bias,768,100.0,16.23302425897953,3.532378148465312,21.76044396971394,0.9801490220537293,0.8904618010644066,0.08121826646906054,0.12746371718099997,1.8552393913269043
DINOv3,teacher_training_302849.pth,blocks.8.ls1.gamma,768,100.0,72.85894091868589,8.808579727806576,12.089909099333982,0.9928682422786392,0.9727700650356494,0.25602859286368584,0.31785224231421294,2.1330714225769043
DINOv3,teacher_training_302849.pth,blocks.8.norm2.weight,768,100.0,21.718809172984926,7.5252028492586716,34.64832159683478,0.9721176263177496,1.2271927100586437,0.20973712284467183,0.271542368170377,1.0244413018226624
DINOv3,teacher_training_302849.pth,blocks.8.norm2.bias,768,100.0,8.415710902399413,2.209458410429341,26.253972315035202,0.9752625976889471,1.1169108969475572,0.05034378950481747,0.0797269630015414,1.0392869710922241
DINOv3,teacher_training_302849.pth,blocks.8.mlp.fc1.weight,2359296,100.0,95.22370464823616,98.93541053511755,103.89788015556915,0.08642674269788383,0.3812937159849366,0.05039127593604356,0.06441107456713382,0.5050369441742077
DINOv3,teacher_training_302849.pth,blocks.8.mlp.fc1.bias,3072,100.0,123.89802180319049,23.231483424969305,18.75048776958848,0.9922789700592375,1.1329048339021675,0.3035145665374633,0.41914697528376116,1.2030104398727417
DINOv3,teacher_training_302849.pth,blocks.8.mlp.fc2.weight,2359296,100.0,97.00697561721016,100.71058164945445,103.81787599157686,0.06389002012445358,0.350066665243768,0.05084903296233724,0.06556678492803024,0.9004730358719826
DINOv3,teacher_training_302849.pth,blocks.8.mlp.fc2.bias,768,100.0,14.801558331216299,2.924543144074941,19.758346240524666,0.9892703213825678,0.8562477917704197,0.05912011444415081,0.10553036071802135,1.4836969375610352
DINOv3,teacher_training_302849.pth,blocks.8.ls2.gamma,768,100.0,157.477777915576,9.704159075413525,6.162240288033486,0.9982941931626269,1.0180075551023449,0.25898868646860745,0.35016867840305926,1.5767803192138672
DINOv3,teacher_training_302849.pth,blocks.9.norm1.weight,768,100.0,19.015517726887474,6.229219264639452,32.75860985805025,0.9448323632540323,0.9402665516729187,0.18656925470744076,0.22477758870504938,0.8417850583791733
DINOv3,teacher_training_302849.pth,blocks.9.norm1.bias,768,100.0,7.101605588898157,2.6856573540958024,37.817607870173106,0.9609443874572221,1.2186870154560736,0.039346556794943886,0.09691031227114436,1.4174870252609253
DINOv3,teacher_training_302849.pth,blocks.9.attn.qkv.weight,1769472,100.0,79.20915746047412,82.36361071145015,103.98243505184375,0.11336479663679203,0.42009962845018617,0.04815967816818151,0.06191751668709021,0.6375866681337357
DINOv3,teacher_training_302849.pth,blocks.9.attn.qkv.bias,2304,0.0,0.0,0.0,,,,0.0,0.0,0.0
DINOv3,teacher_training_302849.pth,blocks.9.attn.proj.weight,589824,100.0,49.22130310896427,50.07239987614925,101.72912278510964,0.14108456846216,0.3751492982292591,0.051653952554355134,0.065198437338736,0.5346356853842735
DINOv3,teacher_training_302849.pth,blocks.9.attn.proj.bias,768,100.0,15.43794362199084,3.49897897518733,22.66479954106809,0.976426475556529,0.9073035705870117,0.08711321066996902,0.12625852832582787,1.2577872276306152
DINOv3,teacher_training_302849.pth,blocks.9.ls1.gamma,768,100.0,125.85831232833702,13.547447560138824,10.764046735980754,0.9943556616407733,0.9761993390368549,0.4128726520651374,0.4888514059799056,1.3736568726599216
DINOv3,teacher_training_302849.pth,blocks.9.norm2.weight,768,100.0,24.67600370919064,7.396567989485141,29.974740142911678,0.9648185081979859,1.1087742598194312,0.1993283280171454,0.26690065748803843,1.2106167674064636
DINOv3,teacher_training_302849.pth,blocks.9.norm2.bias,768,100.0,9.904123833916586,1.8173239989503343,18.349164746172946,0.9839929848550867,1.0277123047519332,0.04388142020450895,0.06557703124992141,0.83396877348423
DINOv3,teacher_training_302849.pth,blocks.9.mlp.fc1.weight,2359296,100.0,96.07984409640389,100.32131739690874,104.41452974907939,0.062245549189708475,0.3690254550930557,0.05111287391927958,0.06531335768027913,0.5141795482486486
DINOv3,teacher_training_302849.pth,blocks.9.mlp.fc1.bias,3072,100.0,146.16407889136937,30.56979290880633,20.914709784150258,0.9908398289645091,1.1505460442409992,0.41447985863730236,0.5515461926553266,1.4919226169586182
DINOv3,teacher_training_302849.pth,blocks.9.mlp.fc2.weight,2359296,100.0,101.57687672861233,105.49095689472078,103.85331808986989,0.045207593301766436,0.32909999249502997,0.05294275452531275,0.06867900839500052,0.9659946304745972
DINOv3,teacher_training_302849.pth,blocks.9.mlp.fc2.bias,768,100.0,16.71720361196368,3.846824937725046,23.011174757553725,0.9906320767111729,0.8054205009893548,0.07584941408232264,0.13881033833255751,1.953122615814209
DINOv3,teacher_training_302849.pth,blocks.9.ls2.gamma,768,100.0,270.47034743817346,9.473393462714174,3.502562684761474,0.999409323371386,1.0061761673713463,0.268019048400068,0.34184164161482933,1.8413352966308594
DINOv3,teacher_training_302849.pth,blocks.10.norm1.weight,768,100.0,21.604089487920298,7.035218469882028,32.564290542379474,0.9471803843653747,0.8906650556536926,0.21236808540694105,0.25386157983713853,0.7588019371032715
DINOv3,teacher_training_302849.pth,blocks.10.norm1.bias,768,100.0,8.58292022710919,3.027995591737503,35.279316498521865,0.9482549668485895,1.1020421555650344,0.04084310950877853,0.10926337937466547,1.8046621084213257
DINOv3,teacher_training_302849.pth,blocks.10.attn.qkv.weight,1769472,100.0,78.58601342313857,83.02652962964477,105.65051720157466,0.08747169464945478,0.4394013408301501,0.048326825378198664,0.062415871395255014,0.8084609508514404
DINOv3,teacher_training_302849.pth,blocks.10.attn.qkv.bias,2304,0.0,0.0,0.0,,,,0.0,0.0,0.0
DINOv3,teacher_training_302849.pth,blocks.10.attn.proj.weight,589824,100.0,50.631256525596804,52.11644709351274,102.93334724403907,0.1063270177535179,0.37247139997968737,0.05385535774556019,0.06785995715301138,0.601529847830534
DINOv3,teacher_training_302849.pth,blocks.10.attn.proj.bias,768,100.0,14.98908810501562,4.0488354971114155,27.01188670548012,0.9641100995339209,0.9143859971058605,0.09650063931348996,0.14609976651011175,1.2044429779052734
DINOv3,teacher_training_302849.pth,blocks.10.ls1.gamma,768,100.0,216.84611595685323,14.853005858830766,6.849560479001678,0.9979186780260235,0.9748246132310115,0.44076137668040855,0.5359616831794395,1.6419189795851707
DINOv3,teacher_training_302849.pth,blocks.10.norm2.weight,768,100.0,30.37936481721136,7.509933055355459,24.720507161824276,0.9689785845180627,0.9635155552843012,0.19687796780105296,0.2709913669440964,1.3549995422363281
DINOv3,teacher_training_302849.pth,blocks.10.norm2.bias,768,100.0,11.47829627000381,2.012991344540048,17.53737050506869,0.9846378237862329,1.0009957103762972,0.050195165626367576,0.07263756841541147,0.882062342017889
DINOv3,teacher_training_302849.pth,blocks.10.mlp.fc1.weight,2359296,100.0,97.79103800419443,102.46607004937185,104.78063444318579,0.04600431662502207,0.36225505983330053,0.05208466751993173,0.06670968102172646,0.7138703018426895
DINOv3,teacher_training_302849.pth,blocks.10.mlp.fc1.bias,3072,100.0,147.6080022324992,36.565304783489246,24.771898698212024,0.9878958220937007,1.1810352841972207,0.5114623773903683,0.659718392492132,1.803006112575531
DINOv3,teacher_training_302849.pth,blocks.10.mlp.fc2.weight,2359296,100.0,104.5729398776722,108.75141958558325,103.9957561801351,0.02917747637334996,0.3161671198717319,0.05463286759435545,0.0708017054593641,0.8544241935014725
DINOv3,teacher_training_302849.pth,blocks.10.mlp.fc2.bias,768,100.0,16.598952029275765,4.147351102575873,24.985620147953565,0.9881869720438224,0.7908506775237301,0.07559282116767463,0.14965464221850444,1.8820483684539795
DINOv3,teacher_training_302849.pth,blocks.10.ls2.gamma,768,100.0,346.3692085717702,11.120671046646859,3.210640776211658,0.9994844571950433,0.9994445340473416,0.29293759078912746,0.4012826513969276,2.401081085205078
DINOv3,teacher_training_302849.pth,blocks.11.norm1.weight,768,100.0,32.02707858576228,12.699354223800906,39.65192825750407,0.9518569663978427,0.7003430981242841,0.3553031776934598,0.45824847372786653,2.8116865158081055
DINOv3,teacher_training_302849.pth,blocks.11.norm1.bias,768,100.0,9.371094063854724,4.9444308054194135,52.76257789888796,0.8883361943724913,1.1482018459808232,0.05718207254907318,0.17841677853114854,3.499894857406616
DINOv3,teacher_training_302849.pth,blocks.11.attn.qkv.weight,1769472,100.0,73.49691385048668,79.27380257501504,107.86004258121665,0.06895422792948573,0.4789951577298388,0.04526198572729146,0.05959472819839868,0.5692682527005672
DINOv3,teacher_training_302849.pth,blocks.11.attn.qkv.bias,2304,0.0,0.0,0.0,,,,0.0,0.0,0.0
DINOv3,teacher_training_302849.pth,blocks.11.attn.proj.weight,589824,100.0,53.75876525749833,55.275195902065114,102.82080631372996,0.07103335230642835,0.32054799764903336,0.056962214811930964,0.07197291133081395,0.4987617153674364
DINOv3,teacher_training_302849.pth,blocks.11.attn.proj.bias,768,100.0,20.72845787322121,6.910662365572598,33.33900866065093,0.9762228627530825,0.7229245650696606,0.17349419580235312,0.24936704856512223,1.643592119216919
DINOv3,teacher_training_302849.pth,blocks.11.ls1.gamma,768,100.0,535.3357952990658,47.002232703597045,8.779953277239608,0.9995601323822396,0.9169210604909643,1.5051092170408797,1.6960469814959491,3.294187545776367
DINOv3,teacher_training_302849.pth,blocks.11.norm2.weight,768,100.0,31.574834328076307,7.955986385107962,25.197238732725534,0.9677347325960775,0.9685071626562843,0.22804891573377972,0.28708693006944247,1.5898003578186035
DINOv3,teacher_training_302849.pth,blocks.11.norm2.bias,768,100.0,11.584121375864136,5.218247738967424,45.04655614054424,0.892984581973639,0.9114422539545523,0.13619693392778962,0.1882972960494374,1.2357537746429443
DINOv3,teacher_training_302849.pth,blocks.11.mlp.fc1.weight,2359296,100.0,98.10337113191002,104.39279433740246,106.41101639314276,0.025861260521025192,0.3905518770412564,0.05356046904625584,0.06796405881341305,0.8206424713134766
DINOv3,teacher_training_302849.pth,blocks.11.mlp.fc1.bias,3072,100.0,104.18571652621044,31.553600607339394,30.285917935210744,0.9898176016693254,1.2571424360791625,0.48446174403115566,0.5692962438921668,1.2183140516281128
DINOv3,teacher_training_302849.pth,blocks.11.mlp.fc2.weight,2359296,100.0,103.02962716598209,107.82501526798205,104.65437780753544,0.010300984693381464,0.3191051130885338,0.05514426219148857,0.07019857764842581,1.1216642567887902
DINOv3,teacher_training_302849.pth,blocks.11.mlp.fc2.bias,768,100.0,14.278380270729768,4.235466494479222,29.663494137089174,0.970892907591334,0.7958919748702006,0.09944170034678261,0.15283423254570122,1.3743197917938232
DINOv3,teacher_training_302849.pth,blocks.11.ls2.gamma,768,100.0,251.02802066718297,19.513870916737538,7.773582751787436,0.9975365841897951,0.9640388875983451,0.5649739780931119,0.7041461641693767,2.5073375701904297
DINOv3,teacher_training_302849.pth,norm.weight,768,100.0,31.387688806369596,15.392014842415529,49.03838233317766,0.917975317085781,1.2063413639155545,0.452604258055203,0.5554114945399576,2.0485482215881348
DINOv3,teacher_training_302849.pth,norm.bias,768,100.0,7.049129622662956,6.009238557566486,85.24795087108032,0.7447485152129586,1.2751932943216973,0.13874325979294402,0.21683971867723056,1.8425608277320862
DINOv3,teacher_training_378562.pth,cls_token,768,100.0,1.4565668438567136,1.0413727997715894,71.49502298255197,0.7433563433571992,0.49090340846249525,0.027324295822786244,0.037577304142180086,0.27188853919506073
DINOv3,teacher_training_378562.pth,storage_tokens,3072,100.0,3.141872024543273,2.211162541838975,70.37723129924132,0.7882804024527752,0.44669372029757165,0.02757736894112302,0.039894227773523416,0.3788696750998497
DINOv3,teacher_training_378562.pth,mask_token,768,100.0,0.0,0.3913814208210308,,,,0.009759092283492032,0.01412276054167752,0.07268525660037994
DINOv3,teacher_training_378562.pth,patch_embed.proj.weight,589824,100.0,19.69412287233015,7.625445796560571,38.71939789344043,0.9861270634853896,0.6363188836762639,0.00730609474568559,0.009928965880938244,0.06846307963132858
DINOv3,teacher_training_378562.pth,patch_embed.proj.bias,768,100.0,8.939487892229186,0.18765853957952094,2.0992090580786686,0.9999263512346904,0.9827981359022778,0.0034350475625307317,0.006771544271373028,0.07157421112060547
DINOv3,teacher_training_378562.pth,blocks.0.norm1.weight,768,100.0,23.7728422541786,2.244621760665741,9.441957914271693,0.9963931050265169,1.0377969293652274,0.06308067546942198,0.08099581110932859,0.3733419179916382
DINOv3,teacher_training_378562.pth,blocks.0.norm1.bias,768,100.0,43.889064477915966,1.8270307711121565,4.162838266993544,0.999144996484216,1.0040077367773883,0.05326893322737206,0.06592729421995831,0.18061579763889313
DINOv3,teacher_training_378562.pth,blocks.0.attn.qkv.weight,1769472,100.0,101.8978592757374,93.89249824763485,92.14373973604303,0.5471649832157123,0.1618905406272969,0.039360353192645324,0.07058445200281048,1.4596771597862244
DINOv3,teacher_training_378562.pth,blocks.0.attn.qkv.bias,2304,0.0,0.0,0.0,,,,0.0,0.0,0.0
DINOv3,teacher_training_378562.pth,blocks.0.attn.proj.weight,589824,100.0,22.13161419930001,22.360753494540972,101.035348317468,0.1226060902197548,0.31193758343254047,0.021489078914320787,0.029115564446016894,0.6554752439260483
DINOv3,teacher_training_378562.pth,blocks.0.attn.proj.bias,768,100.0,18.58219941557115,0.6322518890499225,3.402459929044354,0.9996575056447969,0.9779134961513137,0.01015272865049314,0.022814424896163886,0.26727771759033203
DINOv3,teacher_training_378562.pth,blocks.0.ls1.gamma,768,100.0,1.9093632706481547,0.8792386226213637,46.04878684625039,0.9157204559343477,0.6907915106699594,0.007295238287066057,0.03172679096577251,0.6028268337249756
DINOv3,teacher_training_378562.pth,blocks.0.norm2.weight,768,100.0,38.90218765944343,12.896963816359824,33.15228420895531,0.9453084423301763,0.8860172459529816,0.3859559223135989,0.465379095694013,0.9823092222213745
DINOv3,teacher_training_378562.pth,blocks.0.norm2.bias,768,100.0,9.988418243385217,1.6334904209299732,16.353844834358476,0.9867402189727242,1.0067672962674064,0.04052890091462776,0.05894350839016219,0.35499247908592224
DINOv3,teacher_training_378562.pth,blocks.0.mlp.fc1.weight,2359296,100.0,92.22526717213451,84.4321173417647,91.5498755717083,0.4469048051897396,0.25232351980698153,0.039699756955770035,0.054968826394378056,0.9115706235170364
DINOv3,teacher_training_378562.pth,blocks.0.mlp.fc1.bias,3072,100.0,86.15298883808235,3.9261084131874697,4.557135470443488,0.9991036010215983,1.0159782549120562,0.056154794129573325,0.07083561716317001,0.24048393964767456
DINOv3,teacher_training_378562.pth,blocks.0.mlp.fc2.weight,2359296,100.0,91.58408331402617,85.93657596706558,93.83352746175746,0.37822631023937525,0.224837166722204,0.041054808264619366,0.05594829164522499,1.2189278602600098
DINOv3,teacher_training_378562.pth,blocks.0.mlp.fc2.bias,768,100.0,15.935290964564356,0.9119187285479529,5.722636195195971,0.9990155057978335,0.962865300725697,0.020284698196585776,0.03290603271288887,0.37521445751190186
DINOv3,teacher_training_378562.pth,blocks.0.ls2.gamma,768,100.0,4.713548754254283,3.3160167531917724,70.35074688044443,0.8897856509513266,1.4251745407338026,0.09123568896420971,0.11965644781828616,0.484174907207489
DINOv3,teacher_training_378562.pth,blocks.1.norm1.weight,768,100.0,38.96229650637499,9.886856070599656,25.375444871382197,0.9762590145078472,0.8440736006003792,0.29903080091274603,0.3567611883624873,0.8391624689102173
DINOv3,teacher_training_378562.pth,blocks.1.norm1.bias,768,100.0,4.05390160736745,1.9810306517431155,48.86726032380373,0.9266059435834486,1.2386948537350477,0.04952283316454024,0.07148428625354922,0.5440881848335266
DINOv3,teacher_training_378562.pth,blocks.1.attn.qkv.weight,1769472,100.0,78.52275753838795,74.90483825325704,95.3925213548923,0.3123140704776484,0.22563424778126803,0.040660965263973343,0.056310323605629334,1.2217922545969486
DINOv3,teacher_training_378562.pth,blocks.1.attn.qkv.bias,2304,0.0,0.0,0.0,,,,0.0,0.0,0.0
DINOv3,teacher_training_378562.pth,blocks.1.attn.proj.weight,589824,100.0,45.38703652662495,41.37581083085182,91.16217756711201,0.4789948449285345,0.23304703878691277,0.038459088115758495,0.05387475368600498,0.7187795341014862
DINOv3,teacher_training_378562.pth,blocks.1.attn.proj.bias,768,100.0,10.974138759641784,1.4852508194781366,13.534099139882008,0.9943523271861779,0.9103658131890872,0.02809404997888502,0.0535943725274884,0.62430739402771
DINOv3,teacher_training_378562.pth,blocks.1.ls1.gamma,768,100.0,8.898598861588763,2.102267499096534,23.624702403106117,0.978879421975718,0.8604835642312499,0.04819883932319158,0.07585904415699908,0.6626496315002441
DINOv3,teacher_training_378562.pth,blocks.1.norm2.weight,768,100.0,65.44327568216545,16.044416276723993,24.516523828431172,0.9728291440657842,0.8921908305493835,0.467016060067591,0.5789530035223132,1.5326135158538818
DINOv3,teacher_training_378562.pth,blocks.1.norm2.bias,768,100.0,6.061213268652413,1.4812408475457575,24.43802555515558,0.9725910748017712,1.0477915275099035,0.03827354184918382,0.05344967512907578,0.3022105600684881
DINOv3,teacher_training_378562.pth,blocks.1.mlp.fc1.weight,2359296,100.0,91.46037976521401,85.47306074137094,93.4536473178736,0.380958385451834,0.24498886258947195,0.041207814938055934,0.05564652392016337,1.472680926322937
DINOv3,teacher_training_378562.pth,blocks.1.mlp.fc1.bias,3072,100.0,63.899973472092185,5.889484635288601,9.216724695293946,0.997349449894774,1.053924414466503,0.07704969655231271,0.10625923561162622,0.433279812335968
DINOv3,teacher_training_378562.pth,blocks.1.mlp.fc2.weight,2359296,100.0,88.8039830158019,84.99980085780905,95.71620322782601,0.2991419358494169,0.22400836266947338,0.04134326000907919,0.05533841201680277,1.3749225996434689
DINOv3,teacher_training_378562.pth,blocks.1.mlp.fc2.bias,768,100.0,21.10369792400254,1.0997926044076702,5.211373894604549,0.9991424559708894,0.96749614322395,0.024387656658670192,0.0396853472629705,0.43722838163375854
DINOv3,teacher_training_378562.pth,blocks.1.ls2.gamma,768,100.0,6.333760886960314,2.9959734211497815,47.30165022992529,0.9197102468966,1.183550254655135,0.08231327838010394,0.1081078788241119,0.427888959646225
DINOv3,teacher_training_378562.pth,blocks.2.norm1.weight,768,100.0,48.11163706953371,16.495217728513822,34.28529714063561,0.9684971355985539,0.7328387776632347,0.484299689333947,0.5952198997436838,1.1497248411178589
DINOv3,teacher_training_378562.pth,blocks.2.norm1.bias,768,100.0,6.32028486140988,3.1055455654191575,49.13616448494057,0.9248215786356672,1.2358380063999903,0.050333530370946754,0.11206172301096246,1.5156970024108887
DINOv3,teacher_training_378562.pth,blocks.2.attn.qkv.weight,1769472,100.0,78.82035711462918,76.41845547278825,96.95268870915187,0.24571169200780416,0.22682729679090063,0.04230102478237286,0.057448197706080374,0.7986872121691704
DINOv3,teacher_training_378562.pth,blocks.2.attn.qkv.bias,2304,0.0,0.0,0.0,,,,0.0,0.0,0.0
DINOv3,teacher_training_378562.pth,blocks.2.attn.proj.weight,589824,100.0,45.84987403689589,43.66659329386838,95.23819685683193,0.31519085507217115,0.23533668063405183,0.042178392121887454,0.05685754335139112,0.6066567227244377
DINOv3,teacher_training_378562.pth,blocks.2.attn.proj.bias,768,100.0,9.708144267949574,1.4888626798109403,15.336223264895901,0.9921710716527282,0.9031575343249884,0.033925144708121024,0.05372470431095213,0.5310345888137817
DINOv3,teacher_training_378562.pth,blocks.2.ls1.gamma,768,100.0,6.67605397524649,2.1724639156604355,32.541137679765754,0.9504506573340867,1.0466224628497602,0.04561589825983011,0.07839203915695629,0.6747711896896362
DINOv3,teacher_training_378562.pth,blocks.2.norm2.weight,768,100.0,80.0063509307909,15.299820598693643,19.123257617296755,0.9857664431996369,0.8946325925830153,0.4406580356299041,0.5520847213255472,1.355046272277832
DINOv3,teacher_training_378562.pth,blocks.2.norm2.bias,768,100.0,6.240213190341847,1.822137741973484,29.19992773313671,0.9608390057230297,1.0528997078757991,0.04289059865786745,0.0657507322393105,0.45412778854370117
DINOv3,teacher_training_378562.pth,blocks.2.mlp.fc1.weight,2359296,100.0,105.1519463336884,98.05617128608341,93.25188425415605,0.3989246473497773,0.22941870067475342,0.04148107016423536,0.06383865318104388,1.485963225364685
DINOv3,teacher_training_378562.pth,blocks.2.mlp.fc1.bias,3072,100.0,95.51431127079266,5.8310095030656885,6.104854262660378,0.9982470743161923,1.0132185785048091,0.08452105243729117,0.10520421582007003,0.4300117492675781
DINOv3,teacher_training_378562.pth,blocks.2.mlp.fc2.weight,2359296,100.0,88.20922251789064,85.56888194318442,97.0067295693818,0.24286092452468042,0.23939872353397293,0.04234568021908333,0.055708907515094025,1.357113003730774
DINOv3,teacher_training_378562.pth,blocks.2.mlp.fc2.bias,768,100.0,18.65003611586971,1.479886034204304,7.935030393560674,0.9977194760791114,0.955998693700909,0.0315253741140585,0.05340078751361391,0.6239055544137955
DINOv3,teacher_training_378562.pth,blocks.2.ls2.gamma,768,100.0,9.536781564776517,3.6332167725801043,38.09688570407394,0.9248164176510643,0.9453755127642977,0.100202933641986,0.13110241760458666,1.1996088027954102
DINOv3,teacher_training_378562.pth,blocks.3.norm1.weight,768,100.0,36.25860587024092,12.978852315836546,35.79523261948931,0.959304699347105,0.7393152131943008,0.3990768543645042,0.46833399239503926,1.1870229244232178
DINOv3,teacher_training_378562.pth,blocks.3.norm1.bias,768,100.0,4.948752423383709,2.8257541344498445,57.10033343146584,0.8999262178898432,1.268588672506495,0.05128723961748616,0.10196561938676973,1.3476076126098633
DINOv3,teacher_training_378562.pth,blocks.3.attn.qkv.weight,1769472,100.0,80.33945091482421,79.19236371223985,98.57219934973106,0.17741105637473104,0.23329067151576643,0.04529924869918024,0.059533505868521394,0.8054451132193208
DINOv3,teacher_training_378562.pth,blocks.3.attn.qkv.bias,2304,0.0,0.0,0.0,,,,0.0,0.0,0.0
DINOv3,teacher_training_378562.pth,blocks.3.attn.proj.weight,589824,100.0,46.160879876422115,45.054549820031205,97.60331679259,0.2194590881685989,0.24779698278448573,0.04529901761420675,0.05866477841149897,0.559082143008709
DINOv3,teacher_training_378562.pth,blocks.3.attn.proj.bias,768,100.0,12.587327508948896,1.762595375269794,14.00293568286585,0.9951121561289945,0.8958326313036593,0.035799625782952184,0.06360218214902531,1.0370516777038574
DINOv3,teacher_training_378562.pth,blocks.3.ls1.gamma,768,100.0,8.1167618512706,3.1223621611022265,38.46807653489861,0.943042987260846,1.136199315273525,0.07367630902350797,0.112668539638742,1.3748191595077515
DINOv3,teacher_training_378562.pth,blocks.3.norm2.weight,768,100.0,36.30923891307976,9.186442906610495,25.300565865899326,0.9675994424029155,0.9837408256120356,0.27197709143122967,0.33148720531416853,0.9411253929138184
DINOv3,teacher_training_378562.pth,blocks.3.norm2.bias,768,100.0,6.290126598330422,2.3658915500193345,37.61278112665187,0.9364339914637025,1.0720096189812747,0.05518693330657243,0.08537175770482022,0.8234093189239502
DINOv3,teacher_training_378562.pth,blocks.3.mlp.fc1.weight,2359296,100.0,91.14468992584236,89.15181205529117,97.81350084994239,0.2134863621168949,0.26169965553348623,0.04392599628531383,0.058041544306830194,1.5037275850772858
DINOv3,teacher_training_378562.pth,blocks.3.mlp.fc1.bias,3072,100.0,59.08028849984918,7.375063021188018,12.483119511521759,0.9954767943825099,1.0764513300586789,0.09809901038459638,0.1330623318929174,0.6612134575843811
DINOv3,teacher_training_378562.pth,blocks.3.mlp.fc2.weight,2359296,100.0,87.9972516816598,86.64123524234691,98.4590241020044,0.18741248934764648,0.25480227993487314,0.04336746984493367,0.05640705419423627,1.4523273557424545
DINOv3,teacher_training_378562.pth,blocks.3.mlp.fc2.bias,768,100.0,13.623790807378976,1.58769968109075,11.653875955221018,0.9946598147623891,0.9405356096308819,0.031871218639849985,0.05729117739187671,0.7771338224411011
DINOv3,teacher_training_378562.pth,blocks.3.ls2.gamma,768,100.0,12.053151661164538,4.384376986772899,36.37535733412729,0.9316220877956743,0.9162475443125021,0.12627231007029613,0.15820757709638336,0.7879009246826172
DINOv3,teacher_training_378562.pth,blocks.4.norm1.weight,768,100.0,27.967291851873025,9.01507037689229,32.23433439547895,0.9575355356115829,0.8133844573953009,0.27081043695216067,0.3253033318038865,1.315406322479248
DINOv3,teacher_training_378562.pth,blocks.4.norm1.bias,768,100.0,4.375935352358134,3.534060182588517,80.76125212142493,0.8555347365161766,1.4753554120408314,0.04969719304372925,0.12752441235936363,1.7682116031646729
DINOv3,teacher_training_378562.pth,blocks.4.attn.qkv.weight,1769472,100.0,79.5596042838508,78.77181958352266,99.00981822695157,0.16584065247331248,0.25414429082515433,0.04511816760150911,0.059217358386853436,0.6432329909875989
DINOv3,teacher_training_378562.pth,blocks.4.attn.qkv.bias,2304,0.0,0.0,0.0,,,,0.0,0.0,0.0
DINOv3,teacher_training_378562.pth,blocks.4.attn.proj.weight,589824,100.0,46.35398986374295,45.264816315277336,97.65031327040622,0.21842497554813195,0.2540316901403172,0.04608653774919991,0.05893856291051737,0.5291588827967644
DINOv3,teacher_training_378562.pth,blocks.4.attn.proj.bias,768,100.0,14.466794561558633,2.2225106709346156,15.362841170360584,0.9943301046572546,0.8834515859519634,0.04106681838512335,0.08019794588380726,1.6287174224853516
DINOv3,teacher_training_378562.pth,blocks.4.ls1.gamma,768,100.0,14.767359759447046,4.070774623197603,27.56602865717704,0.9636319122041993,1.0312710710631916,0.10286426016629473,0.14689142653208961,1.8999296426773071
DINOv3,teacher_training_378562.pth,blocks.4.norm2.weight,768,100.0,31.48025413285188,7.396780498919713,23.496571748449284,0.9738510493970651,1.0338073235038467,0.21811486854958653,0.26690832576174195,0.9838575124740601
DINOv3,teacher_training_378562.pth,blocks.4.norm2.bias,768,100.0,6.289065453173214,2.970616591116618,47.23462672212708,0.8950228851135669,1.050512309303384,0.05519118638869713,0.10719289303377173,1.395847924053669
DINOv3,teacher_training_378562.pth,blocks.4.mlp.fc1.weight,2359296,100.0,92.22420983679989,91.11147141480393,98.79344217319394,0.17947270918058084,0.2701638056754337,0.04561249837400065,0.05931736420234631,1.526739463210106
DINOv3,teacher_training_378562.pth,blocks.4.mlp.fc1.bias,3072,100.0,66.7007523440784,8.606559515715757,12.903242037388857,0.9949517188942217,1.0760583674386563,0.10715050642344674,0.1552812329123446,0.7950358390808105
DINOv3,teacher_training_378562.pth,blocks.4.mlp.fc2.weight,2359296,100.0,88.46045717624952,88.13228069283092,99.62901335365616,0.1463476894835653,0.2647186166552232,0.044560025504025144,0.05737778690939513,1.8792117226403207
DINOv3,teacher_training_378562.pth,blocks.4.mlp.fc2.bias,768,100.0,13.072922549521953,2.069630361021765,15.83142830672891,0.9925634940269713,0.8913424394081844,0.034312456826595415,0.07468135287868366,1.4826955795288086
DINOv3,teacher_training_378562.pth,blocks.4.ls2.gamma,768,100.0,17.34638402344492,5.136793657370516,29.613051633284265,0.9587211213950371,1.0414222175940213,0.13717899883164364,0.18535807505340188,1.970258355140686
DINOv3,teacher_training_378562.pth,blocks.5.norm1.weight,768,100.0,24.936940977170412,6.706559270865626,26.894073643617446,0.9653062218665098,0.900922825800233,0.1979573615390109,0.2420021125231531,1.0400814712047577
DINOv3,teacher_training_378562.pth,blocks.5.norm1.bias,768,100.0,4.959617563092832,3.787152713414228,76.35977301146076,0.8557025585369976,1.4172258101686153,0.05401051148145678,0.13665710240949538,1.7818561792373657
DINOv3,teacher_training_378562.pth,blocks.5.attn.qkv.weight,1769472,100.0,79.30279019334758,78.99942342975316,99.61745764196344,0.15049940521632613,0.27303045301771395,0.045590802347304456,0.05938846143618908,0.6677250796929002
DINOv3,teacher_training_378562.pth,blocks.5.attn.qkv.bias,2304,0.0,0.0,0.0,,,,0.0,0.0,0.0
DINOv3,teacher_training_378562.pth,blocks.5.attn.proj.weight,589824,100.0,46.39440215412052,45.363724806718125,97.77844459773719,0.21506455804689822,0.26318094738757647,0.046370390250651865,0.059067350008747556,0.502358490601182
DINOv3,teacher_training_378562.pth,blocks.5.attn.proj.bias,768,100.0,14.293995408655714,2.734883065423557,19.133090414786697,0.9911874965063087,0.8531289288167802,0.05192025898867314,0.09868659212652747,2.0052690505981445
DINOv3,teacher_training_378562.pth,blocks.5.ls1.gamma,768,100.0,23.46704725207696,4.7690574496937534,20.322358405238504,0.9804678694349904,0.9293105814939119,0.12616676607072938,0.1720885376475924,1.9764430522918701
DINOv3,teacher_training_378562.pth,blocks.5.norm2.weight,768,100.0,27.167064565808765,7.855637742128164,28.9160344250623,0.974567513678892,1.1573119893967534,0.22198293323680218,0.28346591031711743,1.1111295223236084
DINOv3,teacher_training_378562.pth,blocks.5.norm2.bias,768,100.0,7.175830640650883,2.529767817204064,35.25400673300453,0.939425537117849,1.0219169843244065,0.05442988069088983,0.09128513314062615,1.15353424847126
DINOv3,teacher_training_378562.pth,blocks.5.mlp.fc1.weight,2359296,100.0,92.8364853087277,92.70836490695548,99.86199348096154,0.1450202722159585,0.28019665163466906,0.04686620677413982,0.06035700840296581,0.644120916724205
DINOv3,teacher_training_378562.pth,blocks.5.mlp.fc1.bias,3072,100.0,79.761269097523,12.394915863168515,15.540018361560199,0.9919695440579339,1.0822623644052232,0.13376556989048063,0.22363150031822202,1.157302737236023
DINOv3,teacher_training_378562.pth,blocks.5.mlp.fc2.weight,2359296,100.0,89.45362600678439,90.18199975992918,100.81424732082918,0.10557432358299128,0.2713970725848625,0.045629490169253606,0.05871223942703723,1.109050940722227
DINOv3,teacher_training_378562.pth,blocks.5.mlp.fc2.bias,768,100.0,12.53131097292101,2.077953378742917,16.58209091796684,0.9916877502156476,0.8870877126967996,0.03509337092032183,0.07498168391129473,1.4028544425964355
DINOv3,teacher_training_378562.pth,blocks.5.ls2.gamma,768,100.0,28.70906207356034,5.809512175948514,20.23581321139291,0.9822174710507641,1.057715643677638,0.16009490094565612,0.2096327136652677,1.9302620887756348
DINOv3,teacher_training_378562.pth,blocks.6.norm1.weight,768,100.0,20.548263716237134,5.569442570800045,27.104200372896226,0.9640070803924174,1.0166703392369254,0.15559415018284048,0.20096994796797296,1.2440447807312012
DINOv3,teacher_training_378562.pth,blocks.6.norm1.bias,768,100.0,5.219550779750966,3.185023383161946,61.021024941803695,0.9254371265465172,1.4037575460202183,0.04454359311399377,0.11492963172773762,1.7785086631774902
DINOv3,teacher_training_378562.pth,blocks.6.attn.qkv.weight,1769472,100.0,79.80685647230678,80.07365439924922,100.33430451810241,0.12821736385307936,0.2803257420134022,0.04623707570436419,0.06019602333646302,0.7938898876309395
DINOv3,teacher_training_378562.pth,blocks.6.attn.qkv.bias,2304,0.0,0.0,0.0,,,,0.0,0.0,0.0
DINOv3,teacher_training_378562.pth,blocks.6.attn.proj.weight,589824,100.0,46.78290485092832,46.21323222882012,98.78230600702663,0.17968811769242357,0.2695892725594845,0.04733910735887048,0.06017347946460953,0.5008664652705193
DINOv3,teacher_training_378562.pth,blocks.6.attn.proj.bias,768,100.0,13.437404010250406,3.2707758704855436,24.340831517683846,0.9826483091423293,0.8250243662989087,0.06163930616844482,0.11802395808023508,2.393080234527588
DINOv3,teacher_training_378562.pth,blocks.6.ls1.gamma,768,100.0,38.02012254977441,6.484557266400067,17.055592753313054,0.9871214250197973,0.9279772608968565,0.17014483059013705,0.23399130520822642,2.5047965049743652
DINOv3,teacher_training_378562.pth,blocks.6.norm2.weight,768,100.0,22.18049523611162,9.073234036156093,40.90636362971797,0.9742866499796611,1.3157065305801647,0.2766091149145116,0.32740213207469965,1.1837501525878906
DINOv3,teacher_training_378562.pth,blocks.6.norm2.bias,768,100.0,7.5351442233504144,2.40105729544065,31.864782202842136,0.952853328511346,1.0501461861043233,0.05415701883606516,0.08664069224139838,1.0970624089241028
DINOv3,teacher_training_378562.pth,blocks.6.mlp.fc1.weight,2359296,100.0,94.04873986450943,95.05465336135497,101.06956616143363,0.10460779899801087,0.2847425041973398,0.04805343727729893,0.061884539948798806,0.6596126221120358
DINOv3,teacher_training_378562.pth,blocks.6.mlp.fc1.bias,3072,100.0,94.58538125449603,16.521907112337843,17.467717413839242,0.9915509181982627,1.1085352699073359,0.19039445701249255,0.2980914849635702,1.1775789260864258
DINOv3,teacher_training_378562.pth,blocks.6.mlp.fc2.weight,2359296,100.0,91.66819364038395,93.16671568148838,101.63472408650614,0.07555845799967618,0.27220736999593287,0.046913472231685543,0.06065541385513567,1.1382228846196085
DINOv3,teacher_training_378562.pth,blocks.6.mlp.fc2.bias,768,100.0,13.96979749112086,2.065329881233268,14.784250684707365,0.9946935411617522,0.8885208155692843,0.04041473007423235,0.0745261726809628,1.2062039375305176
DINOv3,teacher_training_378562.pth,blocks.6.ls2.gamma,768,100.0,51.478914602273214,7.621467202241202,14.805026992361359,0.9903580861692605,1.0425885491702223,0.21695755381369963,0.2750160088021164,1.5983667373657227
DINOv3,teacher_training_378562.pth,blocks.7.norm1.weight,768,100.0,18.285766687265973,6.006543183448304,32.848188901104166,0.9534948894968884,1.0840814726704513,0.1728415040869701,0.2167424577414369,1.1195082440972328
DINOv3,teacher_training_378562.pth,blocks.7.norm1.bias,768,100.0,5.7147718146567525,3.3128790733209366,57.97045237789461,0.9256673334044894,1.3648909063396775,0.047269596451005924,0.11954322654840754,1.8794384002685547
DINOv3,teacher_training_378562.pth,blocks.7.attn.qkv.weight,1769472,100.0,79.23638477004664,80.04836982731783,101.02476287835147,0.11170865068630004,0.2935852409910125,0.04637172790204223,0.06017701545311545,0.960720774717629
DINOv3,teacher_training_378562.pth,blocks.7.attn.qkv.bias,2304,0.0,0.0,0.0,,,,0.0,0.0,0.0
DINOv3,teacher_training_378562.pth,blocks.7.attn.proj.weight,589824,100.0,47.68065553259481,47.45669205543715,99.53028440012835,0.15254560890040278,0.2704350234881345,0.04863685238710375,0.06179256778051712,0.4445312703028321
DINOv3,teacher_training_378562.pth,blocks.7.attn.proj.bias,768,100.0,13.673195022271601,3.572548309107978,26.128116386029955,0.9747741335063923,0.8389343089285821,0.08219475055909697,0.1289132329972771,1.9037394523620605
DINOv3,teacher_training_378562.pth,blocks.7.ls1.gamma,768,100.0,60.442430907366415,8.373488870299983,13.853659994471643,0.9929067515756737,0.9217997417327711,0.2300477707403085,0.3021522533327519,2.0701427459716797
DINOv3,teacher_training_378562.pth,blocks.7.norm2.weight,768,100.0,20.667645548280976,10.398668034537867,50.31375252805598,0.9727601569964158,1.4193132808071631,0.32133254006233375,0.37522961180962466,0.8894549608230591
DINOv3,teacher_training_378562.pth,blocks.7.norm2.bias,768,100.0,8.521764908296865,2.763971002361006,32.43425548702921,0.9598274549481877,1.1225137671324152,0.06545614228209236,0.0997362126403404,1.1070791482925415
DINOv3,teacher_training_378562.pth,blocks.7.mlp.fc1.weight,2359296,100.0,94.42500991839019,96.22274791640832,101.90387906717923,0.0824665815387352,0.29516541549067293,0.048819327886481814,0.062645018174745,0.6060061752796173
DINOv3,teacher_training_378562.pth,blocks.7.mlp.fc1.bias,3072,100.0,93.9022190622099,17.86728447714605,19.027542326032822,0.9912668622370374,1.1284336543776972,0.21552225229728114,0.32236504695524665,1.221489667892456
DINOv3,teacher_training_378562.pth,blocks.7.mlp.fc2.weight,2359296,100.0,92.42721808568935,94.51497983763167,102.25881704024324,0.05543686284089409,0.2762531032052166,0.04784209972679576,0.06153318999845812,1.4467767886817455
DINOv3,teacher_training_378562.pth,blocks.7.mlp.fc2.bias,768,100.0,11.955996535415087,2.2685289211863515,18.973984430881174,0.9875340101143721,0.8815876574121424,0.04473617627440755,0.08185848645696196,1.180978775024414
DINOv3,teacher_training_378562.pth,blocks.7.ls2.gamma,768,100.0,79.84984278165194,9.708419302521788,12.158344918811297,0.993225167246041,1.02898503256185,0.2737415077087159,0.3503224061072946,1.87974214553833
DINOv3,teacher_training_378562.pth,blocks.8.norm1.weight,768,100.0,18.978647709323113,6.414468715184887,33.79834439960561,0.9526778351515267,1.1004204018154184,0.1838451338633528,0.23146220246377672,1.0270289182662964
DINOv3,teacher_training_378562.pth,blocks.8.norm1.bias,768,100.0,6.548600879954907,3.154422865584566,48.16941700081571,0.9490954390813865,1.3135284588599694,0.047001966143333775,0.1138254306614475,1.637023687362671
DINOv3,teacher_training_378562.pth,blocks.8.attn.qkv.weight,1769472,100.0,79.24996233158109,80.52492908219128,101.60879161718177,0.09871343238095534,0.30408868678814144,0.046928729615892645,0.06053527276312325,0.8081826083362103
DINOv3,teacher_training_378562.pth,blocks.8.attn.qkv.bias,2304,0.0,0.0,0.0,,,,0.0,0.0,0.0
DINOv3,teacher_training_378562.pth,blocks.8.attn.proj.weight,589824,100.0,48.10798722599021,48.321878867612895,100.44460733852347,0.12345775704551475,0.27887246713991165,0.04972009760477424,0.06291911310887095,0.5242253243923187
DINOv3,teacher_training_378562.pth,blocks.8.attn.proj.bias,768,100.0,16.23302425897953,4.367971683365587,26.907935414125816,0.9717117596323521,0.8427643182739497,0.1005038362165654,0.15761560170023653,2.3141260147094727
DINOv3,teacher_training_378562.pth,blocks.8.ls1.gamma,768,100.0,72.85894091868589,9.905400115724353,13.595311695210146,0.9911729095667935,0.961056690214185,0.2842081080364096,0.3574303389527753,2.551403522491455
DINOv3,teacher_training_378562.pth,blocks.8.norm2.weight,768,100.0,21.718809172984926,10.54936251370794,48.572472043402044,0.9633369340035511,1.368240073601245,0.3071150654286612,0.38066733044176415,1.3316012024879456
DINOv3,teacher_training_378562.pth,blocks.8.norm2.bias,768,100.0,8.415710902399413,2.5217022346570146,29.96422125120825,0.9694309422153203,1.1414245678053994,0.05813489023408162,0.09099409149970676,1.094965398311615
DINOv3,teacher_training_378562.pth,blocks.8.mlp.fc1.weight,2359296,100.0,95.22370464823616,97.43284493917588,102.3199478523761,0.062026700043479814,0.28738083106747625,0.04952804991433849,0.06343284175727597,0.514060016721487
DINOv3,teacher_training_378562.pth,blocks.8.mlp.fc1.bias,3072,100.0,123.89802180319049,28.203638958482408,22.763591014619525,0.9891802958709064,1.1632370835217787,0.36820192538349755,0.5088555795252135,1.4033361673355103
DINOv3,teacher_training_378562.pth,blocks.8.mlp.fc2.weight,2359296,100.0,97.00697561721016,99.2734420027181,102.33639526548215,0.03825217029265407,0.2590167691879433,0.049981986285998925,0.06463114713718626,1.0263794735074043
DINOv3,teacher_training_378562.pth,blocks.8.mlp.fc2.bias,768,100.0,14.801558331216299,3.620094945809743,24.457525787504473,0.9864008631243214,0.8052828917988594,0.0694147036956944,0.13062892446595367,1.9621729850769043
DINOv3,teacher_training_378562.pth,blocks.8.ls2.gamma,768,100.0,157.477777915576,11.75400840841068,7.463915584783025,0.9973243608082965,1.0123870381053033,0.3279394027388965,0.4241362449158144,2.1280770301818848
DINOv3,teacher_training_378562.pth,blocks.9.norm1.weight,768,100.0,19.015517726887474,7.094892245291537,37.31106534774772,0.9344196799918829,1.0455578736721962,0.20865773858061706,0.25601487173065357,0.9685265868902206
DINOv3,teacher_training_378562.pth,blocks.9.norm1.bias,768,100.0,7.101605588898157,3.58935805376305,50.542909048261485,0.9491463336402367,1.3445414880981372,0.048933069631594016,0.129519802409878,1.7240947484970093
DINOv3,teacher_training_378562.pth,blocks.9.attn.qkv.weight,1769472,100.0,79.20915746047412,81.07492035746988,102.35548888135413,0.08486531120319447,0.3191017973869567,0.0472821325886625,0.06094873319389675,0.6902309190481901
DINOv3,teacher_training_378562.pth,blocks.9.attn.qkv.bias,2304,0.0,0.0,0.0,,,,0.0,0.0,0.0
DINOv3,teacher_training_378562.pth,blocks.9.attn.proj.weight,589824,100.0,49.22130310896427,49.71062545941515,100.99412717572234,0.10631726187249925,0.28319216843265393,0.0512703870967414,0.06472737690028015,0.5774161424487829
DINOv3,teacher_training_378562.pth,blocks.9.attn.proj.bias,768,100.0,15.43794362199084,4.277928303106206,27.710480151076844,0.9684138231266589,0.847532046819747,0.10733876010669974,0.15436644108576794,1.5245716571807861
DINOv3,teacher_training_378562.pth,blocks.9.ls1.gamma,768,100.0,125.85831232833702,15.95224374938904,12.674763751617057,0.9924014253115695,0.9619785297168847,0.48592093183224466,0.575627013930518,1.584890365600586
DINOv3,teacher_training_378562.pth,blocks.9.norm2.weight,768,100.0,24.67600370919064,9.679952875871626,39.22820319672064,0.9572604395499194,1.2222750461881677,0.2657357180141844,0.34929521241421096,1.573680579662323
DINOv3,teacher_training_378562.pth,blocks.9.norm2.bias,768,100.0,9.904123833916586,2.171020534387426,21.920369441997334,0.9788667141404107,1.0577989870039843,0.05293570988028762,0.07833995562154909,0.8629357516765594
DINOv3,teacher_training_378562.pth,blocks.9.mlp.fc1.weight,2359296,100.0,96.07984409640389,98.42871004605777,102.44470208267313,0.04679020448712467,0.27412480747732554,0.05003454331097678,0.06408119143623553,0.5242475047707558
DINOv3,teacher_training_378562.pth,blocks.9.mlp.fc1.bias,3072,100.0,146.16407889136937,37.32592049430329,25.53699977273096,0.9868595041887441,1.184610652723714,0.5036783830995167,0.673441570160518,1.8042179346084595
DINOv3,teacher_training_378562.pth,blocks.9.mlp.fc2.weight,2359296,100.0,101.57687672861233,103.82779505478915,102.21597513003937,0.02905876255110466,0.24272899646187734,0.05194954531131046,0.06759622073879502,0.9724437206168659
DINOv3,teacher_training_378562.pth,blocks.9.mlp.fc2.bias,768,100.0,16.71720361196368,4.880891408522678,29.196817373389315,0.9875341957902815,0.7416293314043518,0.0918274184661622,0.17612399803724374,2.591370105743408
DINOv3,teacher_training_378562.pth,blocks.9.ls2.gamma,768,100.0,270.47034743817346,12.439893725759797,4.5993558419942575,0.9989417438470795,0.9990642851560793,0.3594178974744864,0.4488859994536097,2.535855770111084
DINOv3,teacher_training_378562.pth,blocks.10.norm1.weight,768,100.0,21.604089487920298,7.480793275109232,34.62674638193866,0.9387910863714646,0.9738604512135131,0.2206541826595796,0.2699398756960161,1.0095916390419006
DINOv3,teacher_training_378562.pth,blocks.10.norm1.bias,768,100.0,8.58292022710919,3.965236917609029,46.19915847621199,0.9323652129660163,1.2200127659543567,0.046554467728997295,0.14308316261138843,2.513113260269165
DINOv3,teacher_training_378562.pth,blocks.10.attn.qkv.weight,1769472,100.0,78.58601342313857,81.24699894994909,103.38608030984177,0.06437560682955343,0.33458363583309503,0.04710776889382576,0.06107809468047181,0.8026401288807392
DINOv3,teacher_training_378562.pth,blocks.10.attn.qkv.bias,2304,0.0,0.0,0.0,,,,0.0,0.0,0.0
DINOv3,teacher_training_378562.pth,blocks.10.attn.proj.weight,589824,100.0,50.631256525596804,51.55841542759003,101.8311986816375,0.07588080759679564,0.2825622036039228,0.053237646812543594,0.06713335342134118,0.6078384183347225
DINOv3,teacher_training_378562.pth,blocks.10.attn.proj.bias,768,100.0,14.98908810501562,4.670490864678911,31.15927287875558,0.9566133566461867,0.8461636271437586,0.10908501478752441,0.16853182237312855,1.616081714630127
DINOv3,teacher_training_378562.pth,blocks.10.ls1.gamma,768,100.0,216.84611595685323,18.73120748306629,8.638018440133518,0.9969673691028382,0.9594777530332707,0.567840989001032,0.6759042301621909,1.9839086532592773
DINOv3,teacher_training_378562.pth,blocks.10.norm2.weight,768,100.0,30.37936481721136,8.420506853214585,27.71785027066782,0.9631492776110493,1.0301153386076611,0.21925935101448127,0.30384886865103305,1.7089858055114746
DINOv3,teacher_training_378562.pth,blocks.10.norm2.bias,768,100.0,11.47829627000381,2.371835770775399,20.66365700085394,0.9797430078001251,1.0306844781178313,0.05708110762814537,0.08558625129567252,0.8662524037063122
DINOv3,teacher_training_378562.pth,blocks.10.mlp.fc1.weight,2359296,100.0,97.79103800419443,100.44315028596795,102.71201976776211,0.03337900135138585,0.2702123989297919,0.0509078249641002,0.06539267596742705,0.6946805641055107
DINOv3,teacher_training_378562.pth,blocks.10.mlp.fc1.bias,3072,100.0,147.6080022324992,44.38528842556111,30.06970337261884,0.9826001748085633,1.2190781011051797,0.6143220466716836,0.8008080693924027,2.2137932181358337
DINOv3,teacher_training_378562.pth,blocks.10.mlp.fc2.weight,2359296,100.0,104.5729398776722,106.97543243614372,102.29743235800954,0.017858077497236904,0.23418047031881084,0.05357694128525518,0.0696454638256144,0.9083187431097031
DINOv3,teacher_training_378562.pth,blocks.10.mlp.fc2.bias,768,100.0,16.598952029275765,5.241292434358555,31.57604422926475,0.9835154577820288,0.7246577505121038,0.09162452720838132,0.18912884986740378,2.4633679389953613
DINOv3,teacher_training_378562.pth,blocks.10.ls2.gamma,768,100.0,346.3692085717702,13.734421978328596,3.965254889417437,0.9992307168987679,0.9933698101574353,0.3496070829666375,0.4955982641469954,3.6661109924316406
DINOv3,teacher_training_378562.pth,blocks.11.norm1.weight,768,100.0,32.02707858576228,12.51396893908217,39.07308905984727,0.9462763131119903,0.7269375577022426,0.32817671005787,0.4515589584756066,3.1729273796081543
DINOv3,teacher_training_378562.pth,blocks.11.norm1.bias,768,100.0,9.371094063854724,6.135976982342324,65.4777013284865,0.8505271796681696,1.240564896409177,0.0651342870248565,0.22141299765604303,4.226506471633911
DINOv3,teacher_training_378562.pth,blocks.11.attn.qkv.weight,1769472,100.0,73.49691385048668,77.0158809822699,104.78791142025608,0.04991853359152422,0.3670029040323764,0.043579585352969935,0.05789731720962202,0.529357148334384
DINOv3,teacher_training_378562.pth,blocks.11.attn.qkv.bias,2304,0.0,0.0,0.0,,,,0.0,0.0,0.0
DINOv3,teacher_training_378562.pth,blocks.11.attn.proj.weight,589824,100.0,53.75876525749833,54.70791309271845,101.76556851831289,0.04309797423339042,0.2366968610291707,0.05637325024138188,0.07123426183947716,0.5141276903450489
DINOv3,teacher_training_378562.pth,blocks.11.attn.proj.bias,768,100.0,20.72845787322121,8.34893358268193,40.27763972479494,0.9686915273142868,0.6515289487043197,0.20917449382499834,0.30126619071298244,1.9379324913024902
DINOv3,teacher_training_378562.pth,blocks.11.ls1.gamma,768,100.0,535.3357952990658,65.377367486677,12.212403515844459,0.9989340651868125,0.8858697182244215,2.068873936986563,2.3591025448338785,4.38475227355957
DINOv3,teacher_training_378562.pth,blocks.11.norm2.weight,768,100.0,31.574834328076307,8.776287674895729,27.79519785822554,0.9618091463489009,1.0101220472987695,0.2504254391774528,0.3166870032241652,1.562603235244751
DINOv3,teacher_training_378562.pth,blocks.11.norm2.bias,768,100.0,11.584121375864136,5.737054081758716,49.525155129262025,0.8707141898972148,0.9291718630129829,0.1504877442846997,0.20701810740367724,1.415407657623291
DINOv3,teacher_training_378562.pth,blocks.11.mlp.fc1.weight,2359296,100.0,98.10337113191002,101.70923412834395,103.67557501320263,0.019170075920209535,0.29345091236819626,0.052077221201195116,0.06621694930230726,0.834632508456707
DINOv3,teacher_training_378562.pth,blocks.11.mlp.fc1.bias,3072,100.0,104.18571652621044,38.38997592300614,36.84763823968923,0.9855426789955374,1.3127570070834158,0.588266497607151,0.6926394666665889,1.494613528251648
DINOv3,teacher_training_378562.pth,blocks.11.mlp.fc2.weight,2359296,100.0,103.02962716598209,105.90475557070066,102.79058411041973,0.004747815474249138,0.24268259630274502,0.054121987785552106,0.06894840857467491,1.0935925636440516
DINOv3,teacher_training_378562.pth,blocks.11.mlp.fc2.bias,768,100.0,14.278380270729768,5.430454944102395,38.0327098812087,0.9566491737962034,0.7120549305774034,0.1291843016158888,0.19595466398747824,1.8419313430786133
DINOv3,teacher_training_378562.pth,blocks.11.ls2.gamma,768,100.0,251.02802066718297,23.136994277280827,9.216897068218623,0.9967109830802255,0.9528030914277695,0.6825609084240488,0.8348843671391822,2.861158847808838
DINOv3,teacher_training_378562.pth,norm.weight,768,100.0,31.387688806369596,20.937981900090204,66.70762549372924,0.8963187179892269,1.3946940525705191,0.5917209574102044,0.7555343428940369,2.7546284198760986
DINOv3,teacher_training_378562.pth,norm.bias,768,100.0,7.049129622662956,6.915165550302364,98.09956576866033,0.6636701403353081,1.2983437064877505,0.15264558367511802,0.2495295432473685,2.201393783092499
