task,sample_id,relative,sha256,split,conflict_evidence,blocked_by_task,blocked_by_split,blocked_by_image,blocked_by_sha256
07,DR_1,task07/ap/images/DR_1.jpg,6b505ae72f04c61269f8fed5285f0600573b2a830a2f0854ab994a7edced2688,train,case_group_connection,09,val,task09/images/DR_1_s3_e12.jpg,d4c05c7c06c47241653c6246a39ceea872fdb1a363f7ff0f5a72432492978608
07,DR_107,task07/ap/images/DR_107.jpg,a21efd2ca9152e1bcca08af842129fe13eb4d2a634de97facba424661121ddbb,train,case_group_connection,09,test,task09/images/DR_107_s3_e13.jpg,1750162b47bd119a0d4cf83be86981c9952cc29b89681dcf3b42de864aa718d8
07,DR_108,task07/ap/images/DR_108.jpg,1398d86ad2b6bed31000834e69fab791e6394df4fbcf65d16fd34e6588848f0f,train,case_group_connection,09,val,task09/images/DR_108_s3_e12.jpg,e33d968c1957bac274e8dc13d5498a87b0352ac4477494ced7d76ac0536553a3
07,DR_111,task07/ap/images/DR_111.jpg,8badde289d63b289256c6897500860ef36b13ba8d0f692942bdda07f33b16237,train,case_group_connection,09,val,task09/images/DR_111_s4_e14.jpg,82bb4403969c31016482623c5fab20067294c0418d9dd6033ce83b9541067bc2
07,DR_112,task07/ap/images/DR_112.jpg,db6c1af8264643b5cd27d473bba9e964df017e73240700598ade67e90702f42b,train,case_group_connection,09,test,task09/images/DR_112_s1_e12.jpg,17a300d5f254770cd03469fed99369788eb684ab5cd26161ffbb31d3fca8ca6d
07,DR_114,task07/ap/images/DR_114.jpg,41d51ab2ee30d2188742788aaa923df64495f20fbe44def981db39b510fca739,train,case_group_connection,09,test,task09/images/DR_114_s3_e12.jpg,d018c41dff310b3f142a184ce786fa7a667fdcc2725193b5653291c5fbe24157
07,DR_116,task07/ap/images/DR_116.jpg,1f6deffe4cbfae0e1dd8107cd8bce14066fe9b0f8a68abe208c76e660a15bfd4,train,case_group_connection,09,val,task09/images/DR_116_s4_e14.jpg,745037159429dd39e678fecbcf763228b70f45679acfcad3d9a6e8f368347c3e
07,DR_117,task07/ap/images/DR_117.jpg,4b3aca66e8bf75a2fca0a9f2b68bcb4799fa2b5d2f8a8fd54228408dd8217d12,train,case_group_connection,09,val,task09/images/DR_117_s1_e12.jpg,15baeda5f5a3743b0386fbf1c32cecd080e531336bb1017439ecb768a7f0781e
07,DR_119,task07/ap/images/DR_119.jpg,cd5b6114c346ab8bb5a5e887015fd90d063ff59bc6d7088a49161d1017b7ef88,train,case_group_connection,09,test,task09/images/DR_119_s2_e14.jpg,6aee1781674c5e929b9af664f4b26fcb0b0d6438f897394c62c382828b7f9172
07,DR_124,task07/ap/images/DR_124.jpg,a6208a7a3404d9f4d321a72ad396216ef55167bc3548b85eb1266ff5845643a9,train,case_group_connection,09,val,task09/images/DR_124_s4_e13.jpg,97a7d6840c2e89113e55647351f9d2735325b83be650973116c105670c7fe3ff
07,DR_129,task07/ap/images/DR_129.jpg,789ed9a2285622fcda15b6e4b47af52af766f743ae5bba84edc1d0d3fdd23980,train,case_group_connection,09,val,task09/images/DR_129_s3_e13.jpg,41c4284d6dcd7a0141328614b8a682373a75f0aa2cefeb9c0fc45dfa952d7aa2
07,DR_138,task07/ap/images/DR_138.jpg,09264f554538e209bce48b623d6c8c6d9b7947c83e5650a8574fc0873b828b62,train,case_group_connection,09,val,task09/images/DR_138_s4_e14.jpg,4cfe086fc5e81d21464feae7bf6ce411fa637d86d91e56bbecbb5d48b4a43200
07,DR_141,task07/ap/images/DR_141.jpg,581314f45bf95c83cc1b1dd427d7682acbf21b38fdc20ee377f7cc3ea68b8227,train,case_group_connection,09,val,task09/images/DR_141_s3_e12.jpg,2d66ba3b3088da7f930a0c53e522c0b52c12f88321d5e73c1bad1538b8fe315d
07,DR_148,task07/ap/images/DR_148.jpg,5c5374a66b86bf88e6a1fcdaf34881303b286285175e7c1fdd3fa0bbc6e18e3f,train,case_group_connection,09,val,task09/images/DR_148_s3_e14.jpg,270ff7c4899e6e7099edc7f83428557ea6569aed37bbf0734ab948af03a1d47f
07,DR_149,task07/ap/images/DR_149.jpg,6772a7678ac8a8e2d0d6f5d8a8ae3ed34d4b90b4ca85024a64e809f9562c910c,train,case_group_connection,09,val,task09/images/DR_149_s2_e14.jpg,c3b4476a46ffa8ffd4832a8bb655055c7366c096c30ec41c658bd5566ce0c497
07,DR_157,task07/ap/images/DR_157.jpg,38a93ab6edff88b4bf2b417a3fddc5e48322e5fbd2ad172eebeda987cb84ffa2,train,case_group_connection,09,test,task09/images/DR_157_s3_e13.jpg,1c08d8e74a3bd91d339d5888b5f983551146ba2ea79ebff329fc4a3a27bd8021
07,DR_16,task07/ap/images/DR_16.jpg,2a29374ec9ff46db8a3f1834c407cbb51c0e7447c81b0620bad7f1d3ea54afc6,train,case_group_connection,09,test,task09/images/DR_16_s4_e14.jpg,a0701292b1cdec720bfc2477d7c2684dd061a02e9dd8587cb74be12f4216c625
07,DR_163,task07/ap/images/DR_163.jpg,f0869ca5a557e9b6fe1720d5e323eda37b6123fe08c1687ff920306843911343,train,case_group_connection,09,test,task09/images/DR_163_s2_e15.jpg,8fd7945bb944d0ec02ae8ac310722c024e0c63dee98d71e8e6e7eb846108d63a
07,DR_170,task07/ap/images/DR_170.jpg,b618d8b6c68a7d2f8cbc02ef42074c818c96d2f30c12f8069b995a5894cd31c8,train,case_group_connection,09,val,task09/images/DR_170_s2_e15.jpg,5fa8528791083dc11f5a90697c26261e40f41693127c729ecbc73968c158e75f
07,DR_171,task07/ap/images/DR_171.jpg,d56cdc5f2fb9adab8039354e4cb6bdda1757cf8107c21d72a5d55dbcbc45233a,train,case_group_connection,09,val,task09/images/DR_171_s1_e13.jpg,f3652f5347e2ad02d77e9ae660dc899c757cd64bc8f5f5c91125f28887f2c8ce
07,DR_172,task07/ap/images/DR_172.jpg,b27994db3fc9fac5327861cf63f11f2de7f35ae2ca59269adccdfd2aa3d2def8,train,case_group_connection,09,test,task09/images/DR_172_s4_e14.jpg,0e766df9e4396c5b4594c0e6ee79ccdbe9d6c36f2e9843513d4bd07ee340d2fc
07,DR_174,task07/ap/images/DR_174.jpg,694ed09fdb55e045c3d6645abf64b2c0aa71fb020bc5298e9edb8e97c4d22aeb,train,case_group_connection,09,val,task09/images/DR_174_s4_e13.jpg,5dfffbb9cc1a8d6c3535ca1bb031afb557479d8d92ee87ac48fe1498f04f6538
07,DR_175,task07/ap/images/DR_175.jpg,1a59bdb2fe1a84314e3d9748434d6ee23d15df3a88a5307fa876943390719c72,train,case_group_connection,09,val,task09/images/DR_175_s4_e13.jpg,80585ce5254e7ab36a20845308f78f1ae880e27403f78b8e08c3bf01b5cfbbad
07,DR_19,task07/ap/images/DR_19.jpg,7c262250abc4841cb8737a567f4c9b51bd4372e099f4ab66e89978eceea5ff6f,train,case_group_connection,09,val,task09/images/DR_19_s3_e15.jpg,2f1b9784a6b41c7004acbae62bec202bd78c36cc2ca77d24bc4fa8ecca533840
07,DR_194,task07/ap/images/DR_194.jpg,a8555981246516f2b8e40039f2b70680aa5f352bef42392f0afd16286fc88d1d,train,case_group_connection,09,val,task09/images/DR_194_s4_e14.jpg,13506f090f2d26fe34555478d5e508b9caf19899cef1d1216468af8009e72d52
07,DR_199,task07/ap/images/DR_199.jpg,6043880ad3856a0f8f01046aa5e68266024d321b16e641a34b63d2b073c59872,train,case_group_connection,09,test,task09/images/DR_199_s2_e12.jpg,967cfe190e79ddef542b27d90288d35790e7bb982ab1173af82e8397324e1ea5
07,DR_2,task07/ap/images/DR_2.jpg,7f22e56ee619cc738ba90ec670098a9ae7877fdfd8ea3bd52ebc49745dea0841,train,case_group_connection,09,test,task09/images/DR_2_s2_e12.jpg,e9e6ec0ec2a35e9b48b49f5291d51095a475d01969bb9998a1a786b584e588f2
07,DR_200,task07/ap/images/DR_200.jpg,0024df7e42a74b6eb83debc8c38b80f5a2278a0cc2825f5ccdea74dcc8fc1939,train,case_group_connection,09,test,task09/images/DR_200_s1_e13.jpg,771b908ac129a6c8dc101dc5213575847adcf00769a80ec2ba03a4cb59c9c5aa
07,DR_203,task07/ap/images/DR_203.jpg,dc42c57a011e09d995392d5f91c3470ccd2086a628d167363c9385471ae6382d,train,case_group_connection,09,val,task09/images/DR_203_s4_e13.jpg,0e37d0cff8b28e19d01a0d41f3040135d08fedd054001054889d9146c1739d4c
07,DR_204,task07/ap/images/DR_204.jpg,2f838cbac460e7eb077ba5846688155d2fdffee41cd09c5f1b55edc6a8587258,train,case_group_connection,09,val,task09/images/DR_204_s1_e12.jpg,004f376e0a61cd4e8035e483611582f15f3ce1b0e180233415d7bdf543742d5e
07,DR_212,task07/ap/images/DR_212.jpg,e1ec8548b61c92d666d9a39ebfe29d172338bf807e1597f40a18742cab464d3c,train,case_group_connection,09,test,task09/images/DR_212_s3_e12.jpg,42adb3b6da70fe129848bf0626a6848bc359eb7e05299744414c1661333cdb51
07,DR_213,task07/ap/images/DR_213.jpg,8e035191b535c5fd5ce7034bd51ee9ca5f868125e5a49a5fee03658ef5d68437,train,case_group_connection,09,test,task09/images/DR_213_s4_e14.jpg,1a1a56a06784fd1c8f14a41a2116934e5f6fa479a54b956d51a204c081d90284
07,DR_224,task07/ap/images/DR_224.jpg,d787bafa088af938c52d187e2782eef139199c88da0335c913f3ad0b973eb95d,train,case_group_connection,09,val,task09/images/DR_224_s3_e15.jpg,ece6d7797e4afc3088777712f75596845c9824be12ad262a0c9359356743c200
07,DR_227,task07/ap/images/DR_227.jpg,a2cd90cd4048e6657b2b43b3f290a2468b215f1dd10e61d0ffb6ef033b8f1d90,train,case_group_connection,09,val,task09/images/DR_227_s3_e15.jpg,e19cb0c5243ff696542cae5bbd7d641bffdd9ef08018527d72b8eb9679414527
07,DR_229,task07/ap/images/DR_229.jpg,ec244944dc97eb6fb02643a38ad0a107944df8bd44e44ed023c7239900af3916,train,case_group_connection,09,test,task09/images/DR_229_s3_e15.jpg,e5920b0e354708394058e0c3f34675bdf077950e5a13c98fd03f0785774a8e0c
07,DR_23,task07/ap/images/DR_23.jpg,5608bb6c278027bad258c277b66605927bde0adae98b36aabd8c4e72a34aec94,train,case_group_connection,09,val,task09/images/DR_23_s1_e12.jpg,a8bd8ec0d70d9269e6015a115fe27bed7ceb31bd14c2889c4b09d8023fe1718e
07,DR_236,task07/ap/images/DR_236.jpg,421e79a743cd366d5466125b026f923d353420c2a46d7ffd256ca20c98aeee6e,train,case_group_connection,09,test,task09/images/DR_236_s2_e15.jpg,3ae505ac43354820f175a6a189cb6665e45d3fdddd469ae06ea11f466d9f217a
07,DR_257,task07/ap/images/DR_257.jpg,5b938ea51133d2bb75dd6bcdb8024a03c687833e921d29bc580138f96acac5fb,train,case_group_connection,09,val,task09/images/DR_257_s2_e13.jpg,0e2d46c5e79522b9b7d85b6850f640aa9e649fcbc1acf2496ebc61f54b6faa3c
07,DR_26,task07/ap/images/DR_26.jpg,6c8b4e0f143de6a2169c5eff7496454c6a034eaf4aa8f1ffd4e152355754fc28,train,case_group_connection,09,test,task09/images/DR_26_s3_e14.jpg,b071cb63b2ba898aa13696be718dafdbe6df994a94d00f10e7707e8e993bd803
07,DR_261,task07/ap/images/DR_261.jpg,66fe9de9b8566539dffec7aa0609d2ebf11198417e8e996db21ca20e01fe7ffa,train,case_group_connection,09,val,task09/images/DR_261_s3_e14.jpg,da764df97327968e35c23d273e640037be1ea3372a843b3f8127051b7dc6d7b3
07,DR_277,task07/ap/images/DR_277.jpg,ce3e2be5b3fda8f4a51fa24643b61274290e6f1ab1c55d69f95f8d6cdd1daac7,train,case_group_connection,09,val,task09/images/DR_277_s4_e14.jpg,ac266c2b3579b3359c7bd2e5879b3c70303c98446295fec713eacc1062e38249
07,DR_281,task07/ap/images/DR_281.jpg,3cf17edb279bcdc7e6e23d81384a7df7bf3da8b2bf689f23e130ae806fd71a3f,train,case_group_connection,09,val,task09/images/DR_281_s2_e15.jpg,013842d872b7ec6e546b8276fd58e1e6e74326b15c281aa8a713cf9d7163cae9
07,DR_282,task07/ap/images/DR_282.jpg,e5b8e52f16411fcea6c3f1d34c99d40356ec1239407bdcc0c9439ca77e62048e,train,case_group_connection,09,val,task09/images/DR_282_s4_e13.jpg,c3a14ce098d1a135d9407abc0177d98b8f1933297e06fb54bf648c1ca2843928
07,DR_285,task07/ap/images/DR_285.jpg,6a7cf410dd5f48332536560d99b5f3e5794f3114c30e1929657844fa97484e8a,train,case_group_connection,09,test,task09/images/DR_285_s2_e14.jpg,43445af83578defa6c9366c65b3184b36e6994aa49c6ee8fe6b7c5ee63fe1f33
07,DR_29,task07/ap/images/DR_29.jpg,e0ec70e816d60d0fc0a9aba95f97d36e2d97af4b028d154f9bb22dfd12469a8c,train,case_group_connection,09,val,task09/images/DR_29_s4_e14.jpg,3f1b4321fde3151f91df11f491c77a4530e31e9640243d7e6c489aa76f689e18
07,DR_293,task07/ap/images/DR_293.jpg,c2c0cf3816e8694164bbd92ad8cf836f97088a9b5f220945508cbc248a726cb1,train,case_group_connection,09,test,task09/images/DR_293_s3_e15.jpg,f217d3bc9ba80a07d7bbc7e413a911cad57872d2c95d1bb2157b9ed1342f3864
07,DR_297,task07/ap/images/DR_297.jpg,7310ad39bfac5a2451bc633208202bb21c1875fbdef6ec4a1c7b0571401b31d7,train,case_group_connection,09,val,task09/images/DR_297_s2_e14.jpg,f599e93194ef19691f6f96528ef367ccdcfbd7ab3e3e660dc341a10c70cdb46d
07,DR_3,task07/ap/images/DR_3.jpg,11a707b8c09d516d4cf122116fff80536e004967505bb3e8564d4c115806753b,train,case_group_connection,09,val,task09/images/DR_3_s1_e13.jpg,630511ff7a9897d91effd32ed41bfb33a5dfc7272c3bc8a1174147025e1101c3
07,DR_303,task07/ap/images/DR_303.jpg,f00ef86ade154d317d61293716f71b569ed1ddf15dcf464fe46c3509f4d0eb0e,train,case_group_connection,09,val,task09/images/DR_303_s4_e13.jpg,2b2f449a14c45e75ffa372d9d1f4099623f80c5773378c29983ab4c7f8b84b8c
07,DR_304,task07/ap/images/DR_304.jpg,3179a539e68af74be470917eca4c05a8820a9de4f79fc9433b00ba4d1ce4efd6,train,case_group_connection,09,val,task09/images/DR_304_s1_e13.jpg,ff3ddb3e33b7351d4aac8dea56287bbce287d569eac7dcd96fecfc8d432179c9
07,DR_317,task07/ap/images/DR_317.jpg,f9f08c9f6c463ab068930b5ddc1bf4fe4c7cd9d0725985dce9616658d458a377,train,case_group_connection,09,val,task09/images/DR_317_s2_e12.jpg,c387c51967c4f7ff9fb10fdab51cf6696be58efe7e9196d9ff8af67657518028
07,DR_324,task07/ap/images/DR_324.jpg,4338932c0370bb9a2f98efb655a3cb064b36b1080e221890464788c160e97c72,train,case_group_connection,09,test,task09/images/DR_324_s2_e15.jpg,66587953b35053ed2c264c10b45af2abd47209e26c9a4d591593c1124ca656f6
07,DR_334,task07/ap/images/DR_334.jpg,8d793c88f7eef4aace4d29dd2499f90288af741f3c00df2eef3618f879823d6b,train,case_group_connection,09,val,task09/images/DR_334_s3_e12.jpg,af462a647848169884190c4dea953b3edc7f15c87e2d1d09ba768ab39bdd6b37
07,DR_335,task07/ap/images/DR_335.jpg,6ead97130bd227bc2d1bd6056f3214a18eed69437c73892782ae7a94233ac22e,train,case_group_connection,09,test,task09/images/DR_335_s3_e15.jpg,de5a4a68fd6d664ee1be621d822719b60d35586c323b509d6b3a73d713fa096a
07,DR_340,task07/ap/images/DR_340.jpg,5bc82a30fc88e7040f7dd5286dbcaf7034774c69f39b9682949270df6d2a7931,train,case_group_connection,09,val,task09/images/DR_340_s1_e13.jpg,55a4809ce323b0e2764414fa6c938f232af90f6387e3529a1a7517f80800322b
07,DR_341,task07/ap/images/DR_341.jpg,6995b9a13163729dbc1458a2c8cf2881ebd370cd6af93ff9b9f05a452a71b558,train,case_group_connection,09,val,task09/images/DR_341_s3_e12.jpg,91689380bde0c255c20b03e33c4fd72fac1b8027566dfed0d14990c663f11724
07,DR_346,task07/ap/images/DR_346.jpg,68f3705ca083af709d380c8ef17611ff90073cbfe7464fa739b27325e1979109,train,case_group_connection,09,val,task09/images/DR_346_s3_e13.jpg,14baf400c5197e2774da6e3e2fcb60eca3bc7fa5594fbbeb1f26cc816bffb7b1
07,DR_35,task07/ap/images/DR_35.jpg,cff66cadb7b9e26e9725a9df4b14db599e5304b0fd19809d9d217c8b4ca05b7f,train,case_group_connection,09,test,task09/images/DR_35_s3_e15.jpg,0c8be274b2f4c08de7f96550f6ff6ba10c4ba15fae9aa5541295a94cba5b5936
07,DR_351,task07/ap/images/DR_351.jpg,b2853877323a43ece4af1b5f7d61651ee2f42ed4ec424c767ae7a5192826b832,train,case_group_connection,09,test,task09/images/DR_351_s3_e13.jpg,83822a0f735183872a7be068246e3febab14ccb1aa1a6354f66b49a61bb39f47
07,DR_354,task07/ap/images/DR_354.jpg,edd916ef668f9708ab40074a59223d9970ba5340f2797f9bdefe1331217e6426,train,case_group_connection,09,test,task09/images/DR_354_s4_e13.jpg,acb21d509dfbea8e04207be63949a598f3d99aee7648838609f9adc577fe67f7
07,DR_355,task07/ap/images/DR_355.jpg,a71aaac0111b3b46b526ac5fac536b37920c28edc79bf27d723dbfec6c2b2ee2,train,case_group_connection,09,val,task09/images/DR_355_s4_e14.jpg,188140b9be594e724e6ed5217dce85268b789f6db232ffee48d1439ea8264dfc
07,DR_36,task07/ap/images/DR_36.jpg,319cdae31752c28c232f92a42d4defaccf65624b330df9419b4d2025d88f0b58,train,case_group_connection,09,val,task09/images/DR_36_s2_e13.jpg,6c259324caf6d9430d66408300aba08c0505ec0447794d15c7cacf0e075cdd71
07,DR_37,task07/ap/images/DR_37.jpg,295624284a68b0305142247640e4db6d3f46b9e6e555291eb76dea0ed1f3d701,train,case_group_connection,09,val,task09/images/DR_37_s1_e13.jpg,195198749a4e139d3b8087603a913d88ddd99926e0213dd395ca5a889649bc68
07,DR_374,task07/ap/images/DR_374.jpg,b7e828bf78d88eede3ec95a7f0490af0e870ce42cc12f91e40103ed02ed54f74,train,case_group_connection,09,test,task09/images/DR_374_s2_e13.jpg,c274a7f2a45889ba228ac3dd10fb7a6be35f3112ca5131b79ed1021c2486924a
07,DR_375,task07/ap/images/DR_375.jpg,8406a1220b6e186caf52d6d690ceb7199f128bedfb439c1f5f9db4a976e20702,train,case_group_connection,09,test,task09/images/DR_375_s1_e13.jpg,4f76e6b179b7458cd3f98eadf3f5848b8066472a31c2af425d5595250801cee4
07,DR_380,task07/ap/images/DR_380.jpg,9e029aa1fbc6626346f81151bdbbc31f213086ff897c0792429b3a4a912ab060,train,case_group_connection,09,val,task09/images/DR_380_s2_e14.jpg,5fb1c630ead0ff6d67efeb995ff7da6031048feb4ee7c37917a13310ece7a167
07,DR_383,task07/ap/images/DR_383.jpg,bfc8bf92106eaaf6800d7c8a82e05e0921392b714952a22272f5533a38047fac,train,case_group_connection,09,val,task09/images/DR_383_s4_e14.jpg,8de064413c99e357e160eac8ea5f3c35de85e5528d7f522c3eba8f508a56ec2d
07,DR_390,task07/ap/images/DR_390.jpg,f04b136d48c9c747e74b293b91776b63e06d33a50708ba0f89ffaa0e39ca9cf9,train,case_group_connection,09,val,task09/images/DR_390_s2_e14.jpg,9731e3ce22f7f177bbbf9d5b4e72bd28fad99927d4d9c7e5fcb433c43cc3e3e0
07,DR_398,task07/ap/images/DR_398.jpg,90f721bc1e3b30f08841640ecf7b8801bd8c1fe824591483f8c6787616d1566e,train,case_group_connection,09,test,task09/images/DR_398_s2_e14.jpg,e4f1e191b65f3ccd82e162d03cf8163a9a57e10af3b411c575ba0bf011d3193c
07,DR_401,task07/ap/images/DR_401.jpg,e7b399693e23f87b60d1d2d317634efd854683b4fdd8600c989a428682e9ccd1,train,case_group_connection,09,test,task09/images/DR_401_s3_e12.jpg,a56cc7c5d1118baf3b7d4ed87275c3f499ca508fe99b92d168fb695cf26fa07e
07,DR_407,task07/ap/images/DR_407.jpg,8c13852662f51c947197f83078fa688661f5b963b3ef3adfb5de7926cff6a369,train,case_group_connection,09,val,task09/images/DR_407_s2_e15.jpg,52bf93636330f2f09875e533fc8c5499b6cd4d2b397a2747ebc402bcd4964a60
07,DR_411,task07/ap/images/DR_411.jpg,c9b347c8a9b98df7ca1606e65282f9bdd5fa56ab4a7b3856658b0730e413c4d2,train,case_group_connection,09,test,task09/images/DR_411_s1_e12.jpg,8b41430196d0535cec803f86beba23a00e4630458a99dcaee5dd995f29ea8d85
07,DR_426,task07/ap/images/DR_426.jpg,dc3382232ae94585c0193d5bc8411b8fdcfb46f8b82691d88d8f8aea2575207c,train,case_group_connection,09,val,task09/images/DR_426_s3_e12.jpg,e6a5b02f0a64632fa9e9aa5827714c0d60020253d6bf21833ac0782dcee3b647
07,DR_427,task07/ap/images/DR_427.jpg,fb9b585afb7a3fdf98f6c97a973225bd316679b78961ca30206a45918b38903c,train,case_group_connection,09,test,task09/images/DR_427_s4_e14.jpg,0d33833f09adb5225078c203a1854bd9e8b4ebc355e93896d482095e77ee4fa6
07,DR_428,task07/ap/images/DR_428.jpg,ce2a91dacfd8469fe5bcd15d38a19ef7ddc4acab0b62fb5799fa4d3a0f13c741,train,case_group_connection,09,val,task09/images/DR_428_s2_e12.jpg,1911374ad020a61a2b5620c181c443a2943e8d2634cd32b3da1c6d024b7f12ad
07,DR_43,task07/ap/images/DR_43.jpg,9dddd599646aa26b6215e09d1730e7471aedc3ace7578467b7fe2ea2c0ae2302,train,case_group_connection,09,val,task09/images/DR_43_s3_e12.jpg,b4f1d7409b45ee66a94998472eae250cfcd7cc58908f83d65365436368492a44
07,DR_444,task07/ap/images/DR_444.jpg,f1770bb36e12a0f57b79addc74adba62c01b9e3c798ea2963111b930895dc371,train,case_group_connection,09,val,task09/images/DR_444_s2_e14.jpg,e506ddf96ed526aa5bdddbd13f49ed769ff404e4e8041bd77d1c429418f8a743
07,DR_449,task07/ap/images/DR_449.jpg,a10f1cc2b5e81be5059f89248a390d54eca245d968fb2dc1eb445d01d55eeaa1,train,case_group_connection,09,val,task09/images/DR_449_s3_e14.jpg,c85103f65dcbfaa560799a836d40e523e3e29829d4531856f09ee542c4d82936
07,DR_453,task07/ap/images/DR_453.jpg,5cd9608f6511f12e4a3c2c95c58f4a4579efaf1dc58895c0698e74fdf7ae0dc2,train,case_group_connection,09,test,task09/images/DR_453_s2_e15.jpg,10e9a181aaba937095a0497291965894bb8b288ee88f6b296491b20c50679e52
07,DR_457,task07/ap/images/DR_457.jpg,1c8f6807963a11676e4f56b10da9b61eaf28535800667f46091f56de9f439b40,train,case_group_connection,09,val,task09/images/DR_457_s3_e15.jpg,1e992a8e9b0c4802d4ea88fea70fe8d255ec6e9fcc5f53e391dc749fcda8b8d1
07,DR_464,task07/ap/images/DR_464.jpg,a90107fb649d421522bf2b7365b687e69ff36154ccbc8121547d0f5d2ca7ec08,train,case_group_connection,09,val,task09/images/DR_464_s3_e14.jpg,6543870948648c6bc8587b32f1b7c2952dd3cb14eed8dda4527d04e5efd55560
07,DR_47,task07/ap/images/DR_47.jpg,17eae19b675873f3c9f30cdca8fe78ad76696654e389cdef95a5b0fc1b2a5407,train,case_group_connection,09,test,task09/images/DR_47_s1_e13.jpg,d0bcefe7c1aecde9b56f9097fd918a546ae902f770da6698bed09b40ce7632cc
07,DR_473,task07/ap/images/DR_473.jpg,bca89ff5af4282872904e721a651e7befe8c94e97a9c39a87b7bb243bd33f115,train,case_group_connection,09,val,task09/images/DR_473_s3_e14.jpg,7d8cadd152c2c608e6a52866ba3629a9c6634240a7da032d34325c6650c21463
07,DR_477,task07/ap/images/DR_477.jpg,6dfa163b992cb24fb3a3395b4aca0313a883318f37ab8285574b5a9f0259843b,train,case_group_connection,09,val,task09/images/DR_477_s2_e15.jpg,5eb3b59b74733596a0eb68e4a2f1d2d3fa5d49c1f3c77881e23bb34f47dea004
07,DR_48,task07/ap/images/DR_48.jpg,a1ab438ea1ae181c260c0340ab7399f7a48f0ae3e7dc2ee4b48df7cb355963a4,train,case_group_connection,09,val,task09/images/DR_48_s2_e15.jpg,3063348a3853c7748edd58843878bfc50a87e1d76a7fd7a89a3d9e08a6a6285e
07,DR_482,task07/ap/images/DR_482.jpg,61f8a4aa0bc0d8167757a94f12fd8f1ef0dfe0cfd16afa26565e6e6803619212,train,case_group_connection,09,val,task09/images/DR_482_s3_e15.jpg,109ed1df2d33afb556332b26ba02e95524a34c4f7de78e2f549a4ecde0c87fb0
07,DR_484,task07/ap/images/DR_484.jpg,7c70ce0062b8416b1c992ea3d6977ba4ed54c67f6d8c5488060cc78a912da681,train,case_group_connection,09,test,task09/images/DR_484_s3_e15.jpg,f7169ba574e9acec46755d8119b42df43eaa24bc8c8f40fda87a518565ca73c1
07,DR_487,task07/ap/images/DR_487.jpg,107c09c4e73615fc70e607322511d1dbef1360385a351c2780b8045f28e525cb,train,case_group_connection,09,val,task09/images/DR_487_s4_e13.jpg,bb96c0cea32b94299b930c100b34adc2fb7db0d67a789e0132b2c57a82ef820c
07,DR_488,task07/ap/images/DR_488.jpg,d8a20d8feca6e4348e3b2326393ce8d111537214989e8b3fbf2f65b47dd6979e,train,case_group_connection,09,test,task09/images/DR_488_s3_e14.jpg,c023a5be32d19af8e75c1bfeda68b7aae8a96fb097af64cb73133d72f4bd26a9
07,DR_494,task07/ap/images/DR_494.jpg,799af6a415a703e4e5fd99d1ba72c268ec6533024f6b48279ee819fe98736060,train,case_group_connection,09,val,task09/images/DR_494_s1_e12.jpg,6bd3677b46378a953c7013310553187e4ff3f048544b466bf4dbab7a5a926f3c
07,DR_495,task07/ap/images/DR_495.jpg,d72f5f3a0fa9bca786c25ee3aff5fdeeb5861f0097e6bc35c468a560b0ad4ce1,train,case_group_connection,09,val,task09/images/DR_495_s3_e15.jpg,34cf596fb763cda4e851a3d22fd6d33f75e03b2499482dfea97eb93870cc0e7e
07,DR_498,task07/ap/images/DR_498.jpg,14480978362dc6304f5a6bef782b38f993d4d6e4586621182cd3badca3763a8b,train,case_group_connection,09,test,task09/images/DR_498_s4_e13.jpg,151e52b3e35cdd3fe2de6b44968ef32af2c6bbd3739de212abad132d09073b33
07,DR_502,task07/ap/images/DR_502.jpg,a2170750b27b2cdd5c09b089dcc2149a74c7530bece8262e89d05ed5dd608ad1,train,case_group_connection,09,test,task09/images/DR_502_s3_e14.jpg,7f293d3522b690bda8290523a4e0c1b9b766543f287c28e75bac40ba7e31229b
07,DR_508,task07/ap/images/DR_508.jpg,643f58593bf158a8e01deb3f25e0151da3aab8cef090aae522c273a10c1042cd,train,case_group_connection,09,val,task09/images/DR_508_s4_e13.jpg,9a58a4393f43ac86b594a273c4c098339a365bfc06db713cace67e89db4b383d
07,DR_52,task07/ap/images/DR_52.jpg,b03813d798ed532aa81769b2d27293cc38dc942941c0cfa61bcc1c80bfcae786,train,case_group_connection,09,val,task09/images/DR_52_s3_e15.jpg,d75ad9cc4d924f71a9b02f0275bbba272ae59e2c52f58e09ed4db926d61e5344
07,DR_56,task07/ap/images/DR_56.jpg,99b4d6f90f10b35ceae7a9c6491eb23308fffdb537ecfba40710957087baa23c,train,case_group_connection,09,test,task09/images/DR_56_s3_e12.jpg,eb8a31663012f7b7b2a45da145cf91e0b44865c3bbc622915af99ed1193c5599
07,DR_61,task07/ap/images/DR_61.jpg,c7839e94c1d71adc11e326203185de8bc674df7a4865c33d75cdbd3638cfebb9,train,case_group_connection,09,test,task09/images/DR_61_s4_e14.jpg,5f3084b1a2eaf56d3d079c034bc1ebf85f5fd8a98d1853e82c660949bffc96d7
07,DR_64,task07/ap/images/DR_64.jpg,3cbb4d3d78cad3e04991d06580224d6cb772dddfa1c192059887284cae8cfe9c,train,case_group_connection,09,test,task09/images/DR_64_s3_e14.jpg,90e492586e6a6ffa333dbe49b29dc3768bf47f68863c6a2a34ee18807b095ebe
07,DR_69,task07/ap/images/DR_69.jpg,dcdf3f0ba3c1cdec49c7aad6a98e196a0508e497f99fdfc98fc29d883aaddcbc,train,case_group_connection,09,val,task09/images/DR_69_s1_e12.jpg,5b6fa8d8bc65684dabba47d987169a2138e71270603dad1c81ba2c95378bb90b
07,DR_72,task07/ap/images/DR_72.jpg,d013cd81f743c6b65365afc293763371879527e9ae19c8faada43505e51d62a2,train,case_group_connection,09,test,task09/images/DR_72_s3_e15.jpg,8331640c4b2cd24de1c6235255202c036fee7a0c63c888144cc3e51addcdff19
07,DR_76,task07/ap/images/DR_76.jpg,1eb7ac199435e3ef95e84f428d92ecc1ed325ca88804830da2d0fff0b9ef1ae0,train,case_group_connection,09,val,task09/images/DR_76_s4_e13.jpg,cc1a530f99cf399f9beeaa298c3235027d80012ea86700a96f1cfbf29996010c
07,DR_82,task07/ap/images/DR_82.jpg,ade789cf39462c0e994d0ce89f8a002b350e890bedf50d2a72e126c90cdaf0a3,train,case_group_connection,09,val,task09/images/DR_82_s3_e14.jpg,731038e9e95c6a8bf818d9719fbd1976e1b3a305b414ebb8f4fd0104a024da8d
07,DR_83,task07/ap/images/DR_83.jpg,fdc14b6ccc04442a6beb242ecb8a7d1d317dbd963c840c8b89fccbc625cc0613,train,case_group_connection,09,test,task09/images/DR_83_s4_e13.jpg,6d7a72ce4e88f99c96056e3f9939a6636e3768e4e32be776769a6ef3b220de13
07,DR_85,task07/ap/images/DR_85.jpg,a3e6ddf4edf2cd82ffd5b5448fab5254e338d54bce57aca97e7b8bf394ff1745,train,case_group_connection,09,val,task09/images/DR_85_s1_e13.jpg,fec7160dfc83bc3324c835e9a7de872a4c0737e3c73d1f60d09fd3bdbe3f253a
07,DR_88,task07/ap/images/DR_88.jpg,722b80e3c2d076ce30dec4a089e6c895b3eb3488b44608d0f696a634962c2004,train,case_group_connection,09,val,task09/images/DR_88_s1_e13.jpg,21e291061fee0de93757c740ddb3c06dc1cba8db4e4b582f6b9563f33be45622
07,DR_91,task07/ap/images/DR_91.jpg,76a2235dec9e6a423b7719f0518eeec838cd7fe2069cbb2608a611f5e2616b85,train,case_group_connection,09,val,task09/images/DR_91_s3_e12.jpg,9cf6185594e8380d3dad5786ef6416781da89dd63e7d3b898ed5784f0a1c6d3e
07,DR_92,task07/ap/images/DR_92.jpg,d846b0b1fd130d29cb10b5919ff0216e02c8943d58e72c37ffb70c39df144c33,train,case_group_connection,09,test,task09/images/DR_92_s1_e12.jpg,a34f1ed316d353ce6dd593807a5da59dd4cf8d59b62c700424cba24c2a4f0f9c
07,DR_95,task07/ap/images/DR_95.jpg,f662ca2f6aa2d2d6f998977ab3f4d75abd67f201dac0f47e0a92f1ad4eb60967,train,case_group_connection,09,test,task09/images/DR_95_s4_e13.jpg,ef395d048414e137dabe30e76a2f868c9ab99f09d79dff8edd4bd78127b8ec0e
07,DR_96,task07/ap/images/DR_96.jpg,c62d60202fd9562842b36edadd4853c7ed42ca4619957a6aa1e57557f0483a4c,train,case_group_connection,09,test,task09/images/DR_96_s2_e13.jpg,bec900f4a46ff3c0a9fb00fdeb741c00ff6d0bce022e8e48c325b44d67c25995
07,DR_97,task07/ap/images/DR_97.jpg,3f1423fcb1a303513fd1f8d91561c5920285fff0e8b712ee43768e69426d381d,train,case_group_connection,09,val,task09/images/DR_97_s3_e13.jpg,698d024f49c27f2d4f05bbdd3b4dcc34b01415e2441a398f3f7cd80cb0e6e93a
07,DR_1,task07/lat/images/DR_1.jpg,a0c942a4b3b26afb3c4beece608a2650b9a712ca1b08030ad844e29d8d36e617,train,case_group_connection,09,val,task09/images/DR_1_s3_e12.jpg,d4c05c7c06c47241653c6246a39ceea872fdb1a363f7ff0f5a72432492978608
07,DR_107,task07/lat/images/DR_107.jpg,bcd62638295cc40a4ed902ee4a63bd646794c5a7479a820cd797f76460ec6f82,train,case_group_connection,09,test,task09/images/DR_107_s3_e13.jpg,1750162b47bd119a0d4cf83be86981c9952cc29b89681dcf3b42de864aa718d8
07,DR_108,task07/lat/images/DR_108.jpg,6ed1c09cb74a4bda5bb065f3208c7c756b08b3eb185a77be8566e4fc439f1ddb,train,case_group_connection,09,val,task09/images/DR_108_s3_e12.jpg,e33d968c1957bac274e8dc13d5498a87b0352ac4477494ced7d76ac0536553a3
07,DR_111,task07/lat/images/DR_111.jpg,4ae3ba3076b170652e0cf97482cd4f5b8d72109fc483b8d15ad7dfd3e3237710,train,case_group_connection,09,val,task09/images/DR_111_s4_e14.jpg,82bb4403969c31016482623c5fab20067294c0418d9dd6033ce83b9541067bc2
07,DR_112,task07/lat/images/DR_112.jpg,9a5821063a831ef3ad97e6cadfc19b78994db81eea290ffaa23a09fc43be0d9a,train,case_group_connection,09,test,task09/images/DR_112_s1_e12.jpg,17a300d5f254770cd03469fed99369788eb684ab5cd26161ffbb31d3fca8ca6d
07,DR_114,task07/lat/images/DR_114.jpg,2438917a366a91141b340d164cbe9a49300dabb5cf037aa3720439d4422ad6b3,train,case_group_connection,09,test,task09/images/DR_114_s3_e12.jpg,d018c41dff310b3f142a184ce786fa7a667fdcc2725193b5653291c5fbe24157
07,DR_116,task07/lat/images/DR_116.jpg,9541a17939be8a1e0f8b062a9aa1a4dada222e31572e48acd3ce6b32e84066bf,train,case_group_connection,09,val,task09/images/DR_116_s4_e14.jpg,745037159429dd39e678fecbcf763228b70f45679acfcad3d9a6e8f368347c3e
07,DR_117,task07/lat/images/DR_117.jpg,8aef9f962281ab4e5997ff17b7120abc525cd8f824f5e85bd992ebd339dc95ee,train,case_group_connection,09,val,task09/images/DR_117_s1_e12.jpg,15baeda5f5a3743b0386fbf1c32cecd080e531336bb1017439ecb768a7f0781e
07,DR_119,task07/lat/images/DR_119.jpg,fbb8ef33ff2df06af6eabcd3a1863d1a2c5df541f5856a1776eff551a1d9f372,train,case_group_connection,09,test,task09/images/DR_119_s2_e14.jpg,6aee1781674c5e929b9af664f4b26fcb0b0d6438f897394c62c382828b7f9172
07,DR_124,task07/lat/images/DR_124.jpg,03f31e22925a6db66643061e7803c2e3020262d4b466ed3f38ab218a828ff836,train,case_group_connection,09,val,task09/images/DR_124_s4_e13.jpg,97a7d6840c2e89113e55647351f9d2735325b83be650973116c105670c7fe3ff
07,DR_129,task07/lat/images/DR_129.jpg,073ed1141e7eae8f5932944597c1abd7d59612c3812588230107d62e86de4031,train,case_group_connection,09,val,task09/images/DR_129_s3_e13.jpg,41c4284d6dcd7a0141328614b8a682373a75f0aa2cefeb9c0fc45dfa952d7aa2
07,DR_138,task07/lat/images/DR_138.jpg,5d160cab9094363b3199d462f67c4aa443ebd6fa08018711f1b8405978364693,train,case_group_connection,09,val,task09/images/DR_138_s4_e14.jpg,4cfe086fc5e81d21464feae7bf6ce411fa637d86d91e56bbecbb5d48b4a43200
07,DR_141,task07/lat/images/DR_141.jpg,6f9a0f4db3dcb551605ff74fef9cbf8426dae788031514e9fe9ddcc5da20a470,train,case_group_connection,09,val,task09/images/DR_141_s3_e12.jpg,2d66ba3b3088da7f930a0c53e522c0b52c12f88321d5e73c1bad1538b8fe315d
07,DR_148,task07/lat/images/DR_148.jpg,1a02b6f9eefbc9adb2782194ed36eb7dc3eb38babe6d376dd200666539151ef1,train,case_group_connection,09,val,task09/images/DR_148_s3_e14.jpg,270ff7c4899e6e7099edc7f83428557ea6569aed37bbf0734ab948af03a1d47f
07,DR_149,task07/lat/images/DR_149.jpg,a6c557c29bbc1638acc0c42031883cfa96db4dd7ce7e360627c092209e71873f,train,case_group_connection,09,val,task09/images/DR_149_s2_e14.jpg,c3b4476a46ffa8ffd4832a8bb655055c7366c096c30ec41c658bd5566ce0c497
07,DR_157,task07/lat/images/DR_157.jpg,91a8b0b2661be0d31585d7e84eeb99be9be51f876e2898d8265419aec6a2274a,train,case_group_connection,09,test,task09/images/DR_157_s3_e13.jpg,1c08d8e74a3bd91d339d5888b5f983551146ba2ea79ebff329fc4a3a27bd8021
07,DR_16,task07/lat/images/DR_16.jpg,a73c9c6f20444631664e7afeb5fc0644cc05b22c0c2d5d29be5f3d095e7ddb0a,train,case_group_connection,09,test,task09/images/DR_16_s4_e14.jpg,a0701292b1cdec720bfc2477d7c2684dd061a02e9dd8587cb74be12f4216c625
07,DR_163,task07/lat/images/DR_163.jpg,a647828a900458a15994abeacb46b8d34dafd9adb9b0c3294fcc9be32e70f789,train,case_group_connection,09,test,task09/images/DR_163_s2_e15.jpg,8fd7945bb944d0ec02ae8ac310722c024e0c63dee98d71e8e6e7eb846108d63a
07,DR_170,task07/lat/images/DR_170.jpg,8fe6c697a93ceacc8a91f02489027d6e638d7beb2909e65dd21d324628f359c7,train,case_group_connection,09,val,task09/images/DR_170_s2_e15.jpg,5fa8528791083dc11f5a90697c26261e40f41693127c729ecbc73968c158e75f
07,DR_171,task07/lat/images/DR_171.jpg,98e1493cc9090bf39049a7bbaf3312b06531c2f5752f5333a254e39c5a8e7c34,train,case_group_connection,09,val,task09/images/DR_171_s1_e13.jpg,f3652f5347e2ad02d77e9ae660dc899c757cd64bc8f5f5c91125f28887f2c8ce
07,DR_172,task07/lat/images/DR_172.jpg,8907e1bb6af3b976e9454adaf3ebbae59f5c834e6b03fd42eacf853f5424e00b,train,case_group_connection,09,test,task09/images/DR_172_s4_e14.jpg,0e766df9e4396c5b4594c0e6ee79ccdbe9d6c36f2e9843513d4bd07ee340d2fc
07,DR_174,task07/lat/images/DR_174.jpg,887ad67b8a09b9d024c2021e02209266d3a5b1de9ba4d3e0c6f23da27726cc5b,train,case_group_connection,09,val,task09/images/DR_174_s4_e13.jpg,5dfffbb9cc1a8d6c3535ca1bb031afb557479d8d92ee87ac48fe1498f04f6538
07,DR_175,task07/lat/images/DR_175.jpg,3e9badf154b4b21eee8300bb50d2c937468de56d52fc48e2d86a7f5c7be766a8,train,case_group_connection,09,val,task09/images/DR_175_s4_e13.jpg,80585ce5254e7ab36a20845308f78f1ae880e27403f78b8e08c3bf01b5cfbbad
07,DR_19,task07/lat/images/DR_19.jpg,5ecf14d26315c138e3c2c6d81b0fac81f99caa5a8c1ced0d50d22a88cff6a9fc,train,case_group_connection,09,val,task09/images/DR_19_s3_e15.jpg,2f1b9784a6b41c7004acbae62bec202bd78c36cc2ca77d24bc4fa8ecca533840
07,DR_194,task07/lat/images/DR_194.jpg,75d34ec6bb3b41119af8f1a2236d6569fa0e236d2c67dffffc3c7fb4f0aefb4c,train,case_group_connection,09,val,task09/images/DR_194_s4_e14.jpg,13506f090f2d26fe34555478d5e508b9caf19899cef1d1216468af8009e72d52
07,DR_199,task07/lat/images/DR_199.jpg,94f1f1a9678254334e38d232a2d51c0c2ca4cf651f9847f8b07e5ea85fa1b6f6,train,case_group_connection,09,test,task09/images/DR_199_s2_e12.jpg,967cfe190e79ddef542b27d90288d35790e7bb982ab1173af82e8397324e1ea5
07,DR_2,task07/lat/images/DR_2.jpg,7009fd924eb614908dd3d182c2348a8a98a05ef8d5e8c212c4cf55d0e95feb5a,train,case_group_connection,09,test,task09/images/DR_2_s2_e12.jpg,e9e6ec0ec2a35e9b48b49f5291d51095a475d01969bb9998a1a786b584e588f2
07,DR_200,task07/lat/images/DR_200.jpg,0ac950c088b62679c70209705a906be70ef361aa93cb6950048d6b3d1a2a5e3b,train,case_group_connection,09,test,task09/images/DR_200_s1_e13.jpg,771b908ac129a6c8dc101dc5213575847adcf00769a80ec2ba03a4cb59c9c5aa
07,DR_203,task07/lat/images/DR_203.jpg,92d0e69ad597cb84371a6a6ab9f0ce324726a58261658778aba062019d154e85,train,case_group_connection,09,val,task09/images/DR_203_s4_e13.jpg,0e37d0cff8b28e19d01a0d41f3040135d08fedd054001054889d9146c1739d4c
07,DR_204,task07/lat/images/DR_204.jpg,32c2c1e2fe236d947fcf285a7b13529904ac26b891b8a64f4d286fcceca0466f,train,case_group_connection,09,val,task09/images/DR_204_s1_e12.jpg,004f376e0a61cd4e8035e483611582f15f3ce1b0e180233415d7bdf543742d5e
07,DR_212,task07/lat/images/DR_212.jpg,ac565d9fcdacb1401f46e6f3968594de719fe9263bb0ed08d6cefc97fa155280,train,case_group_connection,09,test,task09/images/DR_212_s3_e12.jpg,42adb3b6da70fe129848bf0626a6848bc359eb7e05299744414c1661333cdb51
07,DR_213,task07/lat/images/DR_213.jpg,a47e3d4daee90abb441b1329632c6b520d3229e39fcc6669d73e8a6256a4f0a1,train,case_group_connection,09,test,task09/images/DR_213_s4_e14.jpg,1a1a56a06784fd1c8f14a41a2116934e5f6fa479a54b956d51a204c081d90284
07,DR_224,task07/lat/images/DR_224.jpg,999d15a50d69f40203e35aad0504155ed458ea2cfdf30a90b0c96812fd22a41c,train,case_group_connection,09,val,task09/images/DR_224_s3_e15.jpg,ece6d7797e4afc3088777712f75596845c9824be12ad262a0c9359356743c200
07,DR_227,task07/lat/images/DR_227.jpg,1a2168659d9dcb7921a815f8411cf3352d8743dd6561f9107474dfc40fcc934f,train,case_group_connection,09,val,task09/images/DR_227_s3_e15.jpg,e19cb0c5243ff696542cae5bbd7d641bffdd9ef08018527d72b8eb9679414527
07,DR_229,task07/lat/images/DR_229.jpg,baec56beb0abd7a967332104405961a389e02eced53031bbb6fd0acb56901744,train,case_group_connection,09,test,task09/images/DR_229_s3_e15.jpg,e5920b0e354708394058e0c3f34675bdf077950e5a13c98fd03f0785774a8e0c
07,DR_23,task07/lat/images/DR_23.jpg,8c2f4ef85a688d5a6b851224e976c57b63d6e7df66c16136a989298b34689179,train,case_group_connection,09,val,task09/images/DR_23_s1_e12.jpg,a8bd8ec0d70d9269e6015a115fe27bed7ceb31bd14c2889c4b09d8023fe1718e
07,DR_236,task07/lat/images/DR_236.jpg,3ab4516648a44bbb39dc26e00c65b1a02ddf6f7c612758251f7dfa423e99ebc2,train,case_group_connection,09,test,task09/images/DR_236_s2_e15.jpg,3ae505ac43354820f175a6a189cb6665e45d3fdddd469ae06ea11f466d9f217a
07,DR_257,task07/lat/images/DR_257.jpg,620b4d2bd267d2ab45fc54812547f578640d1953eb84381b0e58462189c95eaa,train,case_group_connection,09,val,task09/images/DR_257_s2_e13.jpg,0e2d46c5e79522b9b7d85b6850f640aa9e649fcbc1acf2496ebc61f54b6faa3c
07,DR_26,task07/lat/images/DR_26.jpg,0086a01f0aa022ffc68e7cb2c3b5665b8e791b5db9cdddd97ab6cd606c408e90,train,case_group_connection,09,test,task09/images/DR_26_s3_e14.jpg,b071cb63b2ba898aa13696be718dafdbe6df994a94d00f10e7707e8e993bd803
07,DR_261,task07/lat/images/DR_261.jpg,330c7d7d30dd459be5e86cafe47ef23b5f7724279550c8da619fc8f735cfad2c,train,case_group_connection,09,val,task09/images/DR_261_s3_e14.jpg,da764df97327968e35c23d273e640037be1ea3372a843b3f8127051b7dc6d7b3
07,DR_277,task07/lat/images/DR_277.jpg,825d025f1f73febc4d2028ee08031cc3f74ec1b83148e963e4bef24dfbcc6966,train,case_group_connection,09,val,task09/images/DR_277_s4_e14.jpg,ac266c2b3579b3359c7bd2e5879b3c70303c98446295fec713eacc1062e38249
07,DR_281,task07/lat/images/DR_281.jpg,0c0e5aa77aae4aeb0f6802ec592a4917059ef3d0f27bf02466f4e4895139d01b,train,case_group_connection,09,val,task09/images/DR_281_s2_e15.jpg,013842d872b7ec6e546b8276fd58e1e6e74326b15c281aa8a713cf9d7163cae9
07,DR_282,task07/lat/images/DR_282.jpg,22ee1697819197dbf335ade088a6f72507115a1bb3a30292ba33ba3fc6ffde75,train,case_group_connection,09,val,task09/images/DR_282_s4_e13.jpg,c3a14ce098d1a135d9407abc0177d98b8f1933297e06fb54bf648c1ca2843928
07,DR_285,task07/lat/images/DR_285.jpg,717cd21d317ba465e5784a79665598dab0823c33e681cd4848150623b8f0e9a9,train,case_group_connection,09,test,task09/images/DR_285_s2_e14.jpg,43445af83578defa6c9366c65b3184b36e6994aa49c6ee8fe6b7c5ee63fe1f33
07,DR_29,task07/lat/images/DR_29.jpg,80d8604f58c1befc89be30b0952ed944ed45e35b6570a13f1eafbb874d526c8f,train,case_group_connection,09,val,task09/images/DR_29_s4_e14.jpg,3f1b4321fde3151f91df11f491c77a4530e31e9640243d7e6c489aa76f689e18
07,DR_293,task07/lat/images/DR_293.jpg,0ff79afa841d0a20e3cde1350e2cb501f592b90c56077798b445ff72d54c4f97,train,case_group_connection,09,test,task09/images/DR_293_s3_e15.jpg,f217d3bc9ba80a07d7bbc7e413a911cad57872d2c95d1bb2157b9ed1342f3864
07,DR_297,task07/lat/images/DR_297.jpg,6bef47887b3e682549f8059e140f5e1dae1d4895c7abcedeadf08eb854e1ae6e,train,case_group_connection,09,val,task09/images/DR_297_s2_e14.jpg,f599e93194ef19691f6f96528ef367ccdcfbd7ab3e3e660dc341a10c70cdb46d
07,DR_3,task07/lat/images/DR_3.jpg,4baf96538f01ba93b89961a27c20a2045b9c81fccc07d1997f1bb9e4c065008e,train,case_group_connection,09,val,task09/images/DR_3_s1_e13.jpg,630511ff7a9897d91effd32ed41bfb33a5dfc7272c3bc8a1174147025e1101c3
07,DR_303,task07/lat/images/DR_303.jpg,4063a1d00b5bd2d024c0082c7572be044bf0185e8974888f82173b19dfb1c7eb,train,case_group_connection,09,val,task09/images/DR_303_s4_e13.jpg,2b2f449a14c45e75ffa372d9d1f4099623f80c5773378c29983ab4c7f8b84b8c
07,DR_304,task07/lat/images/DR_304.jpg,103525b22d6bd2788782b1fec89b97d56e17be928a0ee83fb95f62671352da23,train,case_group_connection,09,val,task09/images/DR_304_s1_e13.jpg,ff3ddb3e33b7351d4aac8dea56287bbce287d569eac7dcd96fecfc8d432179c9
07,DR_317,task07/lat/images/DR_317.jpg,2e3359708a9fb507366bb68a3446fcee1cd74af48c51c93547635b56ac60f652,train,case_group_connection,09,val,task09/images/DR_317_s2_e12.jpg,c387c51967c4f7ff9fb10fdab51cf6696be58efe7e9196d9ff8af67657518028
07,DR_324,task07/lat/images/DR_324.jpg,93b7557da7dcbcde6985cdd00e77a08e875560bae76ebd3492c53edf22ceccda,train,case_group_connection,09,test,task09/images/DR_324_s2_e15.jpg,66587953b35053ed2c264c10b45af2abd47209e26c9a4d591593c1124ca656f6
07,DR_334,task07/lat/images/DR_334.jpg,1f75234ef6eb19ef5cedb916fa4b14829c7f74487c3d1f88b803588e898ec45f,train,case_group_connection,09,val,task09/images/DR_334_s3_e12.jpg,af462a647848169884190c4dea953b3edc7f15c87e2d1d09ba768ab39bdd6b37
07,DR_335,task07/lat/images/DR_335.jpg,31d2257c25a48fd5bad127f788d83cdd47b611abb7c4b473309e360d09b5d62c,train,case_group_connection,09,test,task09/images/DR_335_s3_e15.jpg,de5a4a68fd6d664ee1be621d822719b60d35586c323b509d6b3a73d713fa096a
07,DR_340,task07/lat/images/DR_340.jpg,ae0f323fc0cbcf2a7c2c52591d28e1b74252d58eacf76909d3671d2326e33a70,train,case_group_connection,09,val,task09/images/DR_340_s1_e13.jpg,55a4809ce323b0e2764414fa6c938f232af90f6387e3529a1a7517f80800322b
07,DR_341,task07/lat/images/DR_341.jpg,444f0e50457faa21a3adbb5b8a17545e5ee5f03dbf77b9a9d2df896d2b0e6c55,train,case_group_connection,09,val,task09/images/DR_341_s3_e12.jpg,91689380bde0c255c20b03e33c4fd72fac1b8027566dfed0d14990c663f11724
07,DR_346,task07/lat/images/DR_346.jpg,f85fa8a5bd1d430315b877565b11a0620303373f5c50984a3d66fb92c34c107a,train,case_group_connection,09,val,task09/images/DR_346_s3_e13.jpg,14baf400c5197e2774da6e3e2fcb60eca3bc7fa5594fbbeb1f26cc816bffb7b1
07,DR_35,task07/lat/images/DR_35.jpg,28e3672923bcd6bb110686ced239c70d924bb671175babd12613e53e9f734497,train,case_group_connection,09,test,task09/images/DR_35_s3_e15.jpg,0c8be274b2f4c08de7f96550f6ff6ba10c4ba15fae9aa5541295a94cba5b5936
07,DR_351,task07/lat/images/DR_351.jpg,7f75ddd9a3fde3054985c131a52bc9bb8adcd08a25d7042f2237c11112b24a3f,train,case_group_connection,09,test,task09/images/DR_351_s3_e13.jpg,83822a0f735183872a7be068246e3febab14ccb1aa1a6354f66b49a61bb39f47
07,DR_354,task07/lat/images/DR_354.jpg,9fe43fdb1128a204550d9179a06204bda15eba34fefe427bac1d73330dc962a5,train,case_group_connection,09,test,task09/images/DR_354_s4_e13.jpg,acb21d509dfbea8e04207be63949a598f3d99aee7648838609f9adc577fe67f7
07,DR_355,task07/lat/images/DR_355.jpg,3e767defbd1a041be8b462cdbe237d3c36da9002179ddbf3aa58303287db96dc,train,case_group_connection,09,val,task09/images/DR_355_s4_e14.jpg,188140b9be594e724e6ed5217dce85268b789f6db232ffee48d1439ea8264dfc
07,DR_36,task07/lat/images/DR_36.jpg,33323e7a11dd5e1619db04ec929295f9e0a5c79a40645bf899fbda9641f35fc2,train,case_group_connection,09,val,task09/images/DR_36_s2_e13.jpg,6c259324caf6d9430d66408300aba08c0505ec0447794d15c7cacf0e075cdd71
07,DR_37,task07/lat/images/DR_37.jpg,55e65ab3ebe34cd32bb1ed6fbd1630f4122b4e33e5385391ffbd974d15a0e982,train,case_group_connection,09,val,task09/images/DR_37_s1_e13.jpg,195198749a4e139d3b8087603a913d88ddd99926e0213dd395ca5a889649bc68
07,DR_374,task07/lat/images/DR_374.jpg,9017917ad71f37e256a2a4c220d4001d33eb26d4851f7b3c90ae4710689da259,train,case_group_connection,09,test,task09/images/DR_374_s2_e13.jpg,c274a7f2a45889ba228ac3dd10fb7a6be35f3112ca5131b79ed1021c2486924a
07,DR_375,task07/lat/images/DR_375.jpg,e21ea87d20699dc2118850eb8e2c98cedc839caf20046ecbbc3b895098f292bd,train,case_group_connection,09,test,task09/images/DR_375_s1_e13.jpg,4f76e6b179b7458cd3f98eadf3f5848b8066472a31c2af425d5595250801cee4
07,DR_380,task07/lat/images/DR_380.jpg,e6e6c83dfb7fa578751a77bd13342b0d5a4695cea1877744cb51954f540d3762,train,case_group_connection,09,val,task09/images/DR_380_s2_e14.jpg,5fb1c630ead0ff6d67efeb995ff7da6031048feb4ee7c37917a13310ece7a167
07,DR_383,task07/lat/images/DR_383.jpg,86f09f4e2acc66427df85731fc064f77a3393ba7149b7264440f5b467f9bb9ec,train,case_group_connection,09,val,task09/images/DR_383_s4_e14.jpg,8de064413c99e357e160eac8ea5f3c35de85e5528d7f522c3eba8f508a56ec2d
07,DR_390,task07/lat/images/DR_390.jpg,5c438081b10188e0166b8da23968e74297d6b514700f434d130ed3fdfa6083d7,train,case_group_connection,09,val,task09/images/DR_390_s2_e14.jpg,9731e3ce22f7f177bbbf9d5b4e72bd28fad99927d4d9c7e5fcb433c43cc3e3e0
07,DR_398,task07/lat/images/DR_398.jpg,03d10ac6af5eb9822c41cd0c71f72fc95805e3ff6ef0c91924d0bfe8a10d0672,train,case_group_connection,09,test,task09/images/DR_398_s2_e14.jpg,e4f1e191b65f3ccd82e162d03cf8163a9a57e10af3b411c575ba0bf011d3193c
07,DR_401,task07/lat/images/DR_401.jpg,be14279129ea0fba856749b9f6d9a65994bc7ac3ab6a2ae18afc14befe8c44cd,train,case_group_connection,09,test,task09/images/DR_401_s3_e12.jpg,a56cc7c5d1118baf3b7d4ed87275c3f499ca508fe99b92d168fb695cf26fa07e
07,DR_407,task07/lat/images/DR_407.jpg,bdf95b126305f8902e826f5a5d9fd3b451a738158911cc44d00126c620fa6241,train,case_group_connection,09,val,task09/images/DR_407_s2_e15.jpg,52bf93636330f2f09875e533fc8c5499b6cd4d2b397a2747ebc402bcd4964a60
07,DR_411,task07/lat/images/DR_411.jpg,672c36dbb55adfee41b7013af64ad338f01421019c3867595f63f4feeced9b3f,train,case_group_connection,09,test,task09/images/DR_411_s1_e12.jpg,8b41430196d0535cec803f86beba23a00e4630458a99dcaee5dd995f29ea8d85
07,DR_426,task07/lat/images/DR_426.jpg,2fd5514c68c0682f73ddd986f9f991b8e87fb93a7eb867368d2df35d43071552,train,case_group_connection,09,val,task09/images/DR_426_s3_e12.jpg,e6a5b02f0a64632fa9e9aa5827714c0d60020253d6bf21833ac0782dcee3b647
07,DR_427,task07/lat/images/DR_427.jpg,14fcaa7b96d1f295bff420a4f9a8c768c22577737c69348c6874d524a2497243,train,case_group_connection,09,test,task09/images/DR_427_s4_e14.jpg,0d33833f09adb5225078c203a1854bd9e8b4ebc355e93896d482095e77ee4fa6
07,DR_428,task07/lat/images/DR_428.jpg,2e2f45df7cee8a1f42b3ff9f230b1bdd0b6c62ae93c66f2c5afb6ffe83a5ee08,train,case_group_connection,09,val,task09/images/DR_428_s2_e12.jpg,1911374ad020a61a2b5620c181c443a2943e8d2634cd32b3da1c6d024b7f12ad
07,DR_43,task07/lat/images/DR_43.jpg,024d719dcecd4d7d78d38a99b15fd2e290ebf107839ae1588d7265ceaa6115a0,train,case_group_connection,09,val,task09/images/DR_43_s3_e12.jpg,b4f1d7409b45ee66a94998472eae250cfcd7cc58908f83d65365436368492a44
07,DR_444,task07/lat/images/DR_444.jpg,39270308c35c8366b0fdfe4e1421b262e7559f11cd0523f023ade374c3a17dd2,train,case_group_connection,09,val,task09/images/DR_444_s2_e14.jpg,e506ddf96ed526aa5bdddbd13f49ed769ff404e4e8041bd77d1c429418f8a743
07,DR_449,task07/lat/images/DR_449.jpg,e0cb384f84c9f1d0903cf02847e23771a4cedaa89fd3c23ab88fea6a1b1219ec,train,case_group_connection,09,val,task09/images/DR_449_s3_e14.jpg,c85103f65dcbfaa560799a836d40e523e3e29829d4531856f09ee542c4d82936
07,DR_453,task07/lat/images/DR_453.jpg,6b568cd8ecf02d878e9301c379558de1b9cea65ba64fb779cc89d2ab361455da,train,case_group_connection,09,test,task09/images/DR_453_s2_e15.jpg,10e9a181aaba937095a0497291965894bb8b288ee88f6b296491b20c50679e52
07,DR_457,task07/lat/images/DR_457.jpg,dfeb4651579412c614fbcce66fa5fc2180f1d55c11398eb98cd30fcd74964ad8,train,case_group_connection,09,val,task09/images/DR_457_s3_e15.jpg,1e992a8e9b0c4802d4ea88fea70fe8d255ec6e9fcc5f53e391dc749fcda8b8d1
07,DR_464,task07/lat/images/DR_464.jpg,c8ebbb6ee74a3fc53b47695c8b010be7d097fa1ab1eda75611238aa68f892d29,train,case_group_connection,09,val,task09/images/DR_464_s3_e14.jpg,6543870948648c6bc8587b32f1b7c2952dd3cb14eed8dda4527d04e5efd55560
07,DR_47,task07/lat/images/DR_47.jpg,f9b7f6c7a00dff71a34f1ffa86868413ffaaf8e743c872300b6ece49f874824b,train,case_group_connection,09,test,task09/images/DR_47_s1_e13.jpg,d0bcefe7c1aecde9b56f9097fd918a546ae902f770da6698bed09b40ce7632cc
07,DR_473,task07/lat/images/DR_473.jpg,32c1da532c2925411173c028259df16899b3445599d26bbfd2f26ebd4bc9e682,train,case_group_connection,09,val,task09/images/DR_473_s3_e14.jpg,7d8cadd152c2c608e6a52866ba3629a9c6634240a7da032d34325c6650c21463
07,DR_477,task07/lat/images/DR_477.jpg,0fd9d6c4a93a31d9ebadb06f8c3ccefe5cc28fee9af10265623ea34becf6d41b,train,case_group_connection,09,val,task09/images/DR_477_s2_e15.jpg,5eb3b59b74733596a0eb68e4a2f1d2d3fa5d49c1f3c77881e23bb34f47dea004
07,DR_48,task07/lat/images/DR_48.jpg,868b02fb35ee09f26822228d3023279e73ea13c83dc3b4a4f95e3ec8310c9d85,train,case_group_connection,09,val,task09/images/DR_48_s2_e15.jpg,3063348a3853c7748edd58843878bfc50a87e1d76a7fd7a89a3d9e08a6a6285e
07,DR_482,task07/lat/images/DR_482.jpg,f78c2743c2cf222e8943ad7d9b102529bbebdbda726260d770f4f80ba65b492a,train,case_group_connection,09,val,task09/images/DR_482_s3_e15.jpg,109ed1df2d33afb556332b26ba02e95524a34c4f7de78e2f549a4ecde0c87fb0
07,DR_484,task07/lat/images/DR_484.jpg,9db73922424f27e42d70b174d13d027f30a0049e37b4dc12a3f1a0f0e37cd09a,train,case_group_connection,09,test,task09/images/DR_484_s3_e15.jpg,f7169ba574e9acec46755d8119b42df43eaa24bc8c8f40fda87a518565ca73c1
07,DR_487,task07/lat/images/DR_487.jpg,f5e011a21f9a735430d95541bf022f681f6413ab9d94a03d3e85d8f1308a0a8d,train,case_group_connection,09,val,task09/images/DR_487_s4_e13.jpg,bb96c0cea32b94299b930c100b34adc2fb7db0d67a789e0132b2c57a82ef820c
07,DR_488,task07/lat/images/DR_488.jpg,d45d98b8dfd28ff44b140c01b714089ea5a70ffb7a83148b8f23f7029e7c12ba,train,case_group_connection,09,test,task09/images/DR_488_s3_e14.jpg,c023a5be32d19af8e75c1bfeda68b7aae8a96fb097af64cb73133d72f4bd26a9
07,DR_494,task07/lat/images/DR_494.jpg,7179daf4c8e9bf1c0bc982aefaf34e9acd86aa003a55f0847d76bcb024414d00,train,case_group_connection,09,val,task09/images/DR_494_s1_e12.jpg,6bd3677b46378a953c7013310553187e4ff3f048544b466bf4dbab7a5a926f3c
07,DR_495,task07/lat/images/DR_495.jpg,cd75fd9de069a9b3830dae1f66055ba96e1896197f5ba9f1a0280e3a3cb8940f,train,case_group_connection,09,val,task09/images/DR_495_s3_e15.jpg,34cf596fb763cda4e851a3d22fd6d33f75e03b2499482dfea97eb93870cc0e7e
07,DR_498,task07/lat/images/DR_498.jpg,f13e9ae54ab9be9eaf0ff55fe9268e3578095c5bb0b7f76fff1a9c0340799ff0,train,case_group_connection,09,test,task09/images/DR_498_s4_e13.jpg,151e52b3e35cdd3fe2de6b44968ef32af2c6bbd3739de212abad132d09073b33
07,DR_502,task07/lat/images/DR_502.jpg,23ebe7e89e1645b22899a6b5bd1e5a69d25e862fc87d404d1e6ec94b9a84d1c7,train,case_group_connection,09,test,task09/images/DR_502_s3_e14.jpg,7f293d3522b690bda8290523a4e0c1b9b766543f287c28e75bac40ba7e31229b
07,DR_508,task07/lat/images/DR_508.JPG,15d02235855978a9c78050cb7baba3cd3c88588a3002cf9211e60df660f12420,train,case_group_connection,09,val,task09/images/DR_508_s4_e13.jpg,9a58a4393f43ac86b594a273c4c098339a365bfc06db713cace67e89db4b383d
07,DR_52,task07/lat/images/DR_52.jpg,2a77bd1c7fad655616f4a675b25ed35e6ad9e657c82b0aa048e01986eabed53f,train,case_group_connection,09,val,task09/images/DR_52_s3_e15.jpg,d75ad9cc4d924f71a9b02f0275bbba272ae59e2c52f58e09ed4db926d61e5344
07,DR_56,task07/lat/images/DR_56.jpg,acaae45f69b0bb139916d02befeb311af6e914170e613166a10f8412225ef2fb,train,case_group_connection,09,test,task09/images/DR_56_s3_e12.jpg,eb8a31663012f7b7b2a45da145cf91e0b44865c3bbc622915af99ed1193c5599
07,DR_61,task07/lat/images/DR_61.jpg,03192ff5af29ebd81578b3449b05106456b1c17d8a4783f516145cbc2495715e,train,case_group_connection,09,test,task09/images/DR_61_s4_e14.jpg,5f3084b1a2eaf56d3d079c034bc1ebf85f5fd8a98d1853e82c660949bffc96d7
07,DR_64,task07/lat/images/DR_64.jpg,20b0d47d6fca8c004465d4c243236ef047907ca5dc0077cf8d874ceac7c91161,train,case_group_connection,09,test,task09/images/DR_64_s3_e14.jpg,90e492586e6a6ffa333dbe49b29dc3768bf47f68863c6a2a34ee18807b095ebe
07,DR_69,task07/lat/images/DR_69.jpg,bc3d00effadcee245cf4913644c7a771399b21b156224be537c5e7a3b62cbd13,train,case_group_connection,09,val,task09/images/DR_69_s1_e12.jpg,5b6fa8d8bc65684dabba47d987169a2138e71270603dad1c81ba2c95378bb90b
07,DR_72,task07/lat/images/DR_72.jpg,7aa969924dd0eb09d8cc27f6ec7b084ff6a9ccc61092967c7cc897c19f561fa0,train,case_group_connection,09,test,task09/images/DR_72_s3_e15.jpg,8331640c4b2cd24de1c6235255202c036fee7a0c63c888144cc3e51addcdff19
07,DR_76,task07/lat/images/DR_76.jpg,a77a6560186cda49fe431daa9b61ee98dda9280cee19ee1075dc33d9368fc3e7,train,case_group_connection,09,val,task09/images/DR_76_s4_e13.jpg,cc1a530f99cf399f9beeaa298c3235027d80012ea86700a96f1cfbf29996010c
07,DR_82,task07/lat/images/DR_82.jpg,35b5e7cc02c48065980907563abce1baf13c829f7585da1026d781c84eeafe43,train,case_group_connection,09,val,task09/images/DR_82_s3_e14.jpg,731038e9e95c6a8bf818d9719fbd1976e1b3a305b414ebb8f4fd0104a024da8d
07,DR_83,task07/lat/images/DR_83.jpg,d74a652ac3a04bc809c5f11c31f82c1d47a17854c38c6f4c1f9ba6b7e134f53c,train,case_group_connection,09,test,task09/images/DR_83_s4_e13.jpg,6d7a72ce4e88f99c96056e3f9939a6636e3768e4e32be776769a6ef3b220de13
07,DR_85,task07/lat/images/DR_85.jpg,98b9a54d15660b5dc56ef251f682b2788f6ee59ac9889262f72ad2affa349dab,train,case_group_connection,09,val,task09/images/DR_85_s1_e13.jpg,fec7160dfc83bc3324c835e9a7de872a4c0737e3c73d1f60d09fd3bdbe3f253a
07,DR_88,task07/lat/images/DR_88.jpg,f0995d52e27aa529d250cf66f4e014f05c2ebbf8101790a194dfb11041a7d6c4,train,case_group_connection,09,val,task09/images/DR_88_s1_e13.jpg,21e291061fee0de93757c740ddb3c06dc1cba8db4e4b582f6b9563f33be45622
07,DR_91,task07/lat/images/DR_91.jpg,b0c01d467aff647b1987a58417768b9dd18f8b5d0df1db7db160b589430cb3fe,train,case_group_connection,09,val,task09/images/DR_91_s3_e12.jpg,9cf6185594e8380d3dad5786ef6416781da89dd63e7d3b898ed5784f0a1c6d3e
07,DR_92,task07/lat/images/DR_92.jpg,65cb692ccdafd175d389061070db0e061bc5f58d42fd7343a6c3446703a3b2a7,train,case_group_connection,09,test,task09/images/DR_92_s1_e12.jpg,a34f1ed316d353ce6dd593807a5da59dd4cf8d59b62c700424cba24c2a4f0f9c
07,DR_95,task07/lat/images/DR_95.jpg,92943290e4293fff525d7cf5b7a1e873466400dd6d49af08c7035c67a93b6589,train,case_group_connection,09,test,task09/images/DR_95_s4_e13.jpg,ef395d048414e137dabe30e76a2f868c9ab99f09d79dff8edd4bd78127b8ec0e
07,DR_96,task07/lat/images/DR_96.jpg,477459d45891cd422b6a1a4f0c3b45714b91833d63af387237631e9ac5260a92,train,case_group_connection,09,test,task09/images/DR_96_s2_e13.jpg,bec900f4a46ff3c0a9fb00fdeb741c00ff6d0bce022e8e48c325b44d67c25995
07,DR_97,task07/lat/images/DR_97.jpg,69ce048b272359ad07074356ef34faa4b11743c9e4cd330a5c39de9e4b79cc95,train,case_group_connection,09,val,task09/images/DR_97_s3_e13.jpg,698d024f49c27f2d4f05bbdd3b4dcc34b01415e2441a398f3f7cd80cb0e6e93a
08,10,task08/images/10.png,08d18129c7e3f0ab076b1c5272aa27d392cd357dec5feb28bb3b0e6cd489cc95,train,case_group_connection,09,test,task08/images/gs10.png,b9f3f2823245a991bd03d16f8b03d7d087bc8e53d23bde15fb0eef2e0377f79d
08,103,task08/images/103.png,339253824e78fc807a39f71506b79604867f17dcb61c550b3d944ea502e2586f,train,case_group_connection,08,excluded,task08/images/gq103.png,89ee6db404190a0c8146de94f260a8bac69cf37185928a6020f50ef092c549e6
08,104,task08/images/104.png,badcbcf9f16c35f0739619c457d68cf4911afe95fdb6aee7f07a359299a2b6d4,train,identical_sha256,08,test,task08/images/22.png,badcbcf9f16c35f0739619c457d68cf4911afe95fdb6aee7f07a359299a2b6d4
08,11,task08/images/11.png,a65a6717b8c5ab3a6907a8caf0a1fb87fd9a02149f552c702c3e9dd1422f36f9,train,case_group_connection,09,test,task08/images/gs11.png,8ad8045c0e1ce0cb43aaac6ac9088cfae3bce7104054d86561692829d841e0cd
08,110,task08/images/110.png,d29817a6f0eba50facc5252e37b6cd94be2f4318ad21dc01c31d8e3db9ef9e67,train,identical_sha256,09,val,task08/images/425.png,d29817a6f0eba50facc5252e37b6cd94be2f4318ad21dc01c31d8e3db9ef9e67
08,120,task08/images/120.png,3ef8669fbfbfadacb27f974015366a78d72495c19751ce5f6b450c0fd06ed464,train,case_group_connection,08,excluded,task08/images/gq120.png,0a221b12d5375ad6d06dffcc56cf9607a0c983fdd1b0d56cc331fde3dd95b914
08,13,task08/images/13.png,9a0f86f525c33129e790424acd8672eef3577b182f09c4b942bcf838edf1a9a5,train,case_group_connection,09,test,task08/images/gs13.png,ee98cc509a5f60e80e7432685d9ddd1f346f2dfaa8cc7bfc59ea1e58844762f4
08,130,task08/images/130.png,ed3f91cb608e7796b57c6e43989e17be9606fec29577d3e0a383627b6438ff55,train,identical_sha256,08,test,task08/images/62.png,ed3f91cb608e7796b57c6e43989e17be9606fec29577d3e0a383627b6438ff55
08,14,task08/images/14.png,0250b5e968d94a0285b9708c1068a06bdc047c8008ea9054ed43e679f9d9b1e7,train,case_group_connection,09,test,task08/images/gs14.png,61387b5495abbf18c41e9f04e32ab3383a41fb795c04f69baa016044e216af61
08,15,task08/images/15.png,3dc6c9fbb9880d33c9dd3d6180d557240880abd204d331147667f1a8c56c9704,train,case_group_connection,09,test,task08/images/gs15.png,c8ec00f3a16d85663b3fd35d1c9a981704128fb2af5e50828cb8d922df6930fa
08,150,task08/images/150.png,73342d53b51c765f8a467710383ef3e9853f73343a3e92a659cc268b1fe9417a,train,identical_sha256,09,val,task08/images/463.png,73342d53b51c765f8a467710383ef3e9853f73343a3e92a659cc268b1fe9417a
08,16,task08/images/16.png,f28471a8d42f49cae6efb63d7a6b6ad2e894c9ed0027bc01a80064f5c549ac2a,train,case_group_connection,09,test,task08/images/gs16.png,be675f55dd083a35950eff2b03d78239967ffa5a35824df2a4328210c2fc7459
08,164,task08/images/164.png,a586c398f525815f112dab0d83c59e244600a280633edbfbfef08232d425a4db,train,identical_sha256,08,test,task08/images/315.png,a586c398f525815f112dab0d83c59e244600a280633edbfbfef08232d425a4db
08,168,task08/images/168.png,465c43d81346288dfcb86f8ac0131b20aa0633260d3cb0114b75445d977cdaa3,train,case_group_connection,09,test,task08/images/gq323.png,8721ebc7e3b93f68987d2dad1bab775bb0a4262b33b01ab3ee31e1cacb0740e1
08,169,task08/images/169.png,eda6705e5786b93a5eae7ac56edb666a81ae0cb1272723732fe305904115b718,train,identical_sha256,09,test,task08/images/325.png,eda6705e5786b93a5eae7ac56edb666a81ae0cb1272723732fe305904115b718
08,17,task08/images/17.png,32283ced5f1b06a0dcbf4b8effcaa50573021b4ec769a7b201b8efe1f1e2c0ca,train,case_group_connection,09,test,task08/images/gs17.png,a9658ac18bb80a6d9f55d829cbf240f0f435288be5059d980d715c06fd6d59e5
08,171,task08/images/171.png,59744a74a75409ea41400844c8835ba7fadec760cd14622bbe5549b8738b4ab7,train,identical_sha256,09,test,task08/images/328.png,59744a74a75409ea41400844c8835ba7fadec760cd14622bbe5549b8738b4ab7
08,172,task08/images/172.png,b5e32dc60785bcc93186e0f0e4456ab6234d7079815f92c7d9a2c513ce0341aa,train,identical_sha256,09,test,task08/images/333.png,b5e32dc60785bcc93186e0f0e4456ab6234d7079815f92c7d9a2c513ce0341aa
08,173,task08/images/173.png,2f46c399bb3aa5d6530a739e42b5b8ff12e4011d2af1894525403f06b7eaca00,train,identical_sha256,09,test,task08/images/334.png,2f46c399bb3aa5d6530a739e42b5b8ff12e4011d2af1894525403f06b7eaca00
08,174,task08/images/174.png,d99c3396c2fd95f9f6270aa104608a09efcab57581af7c1cb544d915dbec2223,train,identical_sha256,08,test,task08/images/335.png,d99c3396c2fd95f9f6270aa104608a09efcab57581af7c1cb544d915dbec2223
08,176,task08/images/176.png,6865f8371e3ef1a6b09c1b5de2983cb30a5c9492af4f27b95d833517ba7940f4,train,identical_sha256,09,test,task08/images/338.png,6865f8371e3ef1a6b09c1b5de2983cb30a5c9492af4f27b95d833517ba7940f4
08,177,task08/images/177.png,b8da4d815a5660fed2e1e869250a46b2e89a9ae1267206deabd023f686664a2d,train,identical_sha256,09,test,task08/images/339.png,b8da4d815a5660fed2e1e869250a46b2e89a9ae1267206deabd023f686664a2d
08,178,task08/images/178.png,9ae7ada833e409942c0cad392babd9b22bf8a32a4f6f54e77a5aa4998d584ae0,train,identical_sha256,09,test,task08/images/342.png,9ae7ada833e409942c0cad392babd9b22bf8a32a4f6f54e77a5aa4998d584ae0
08,179,task08/images/179.png,ba7a9dde8b614d058175da36ea68e526733566616ed9ff3cc37cee9b71121644,train,identical_sha256,09,test,task08/images/345.png,ba7a9dde8b614d058175da36ea68e526733566616ed9ff3cc37cee9b71121644
08,18,task08/images/18.png,fdd3479dabf97a5ece152c1a06502e99430224f0d5d9cc97d879cb819a7cdae1,train,case_group_connection,09,test,task08/images/gs18.png,f8235bbb4cd1c34c0e11f36c6eba400d99d6a8671d55bfbe5176ab1a27585cf3
08,183,task08/images/183.png,c681873d6d7314b5dc70f001351f2a7f4227068a9832c2ea328593a15db9acf2,train,identical_sha256,09,val,task08/images/357.png,c681873d6d7314b5dc70f001351f2a7f4227068a9832c2ea328593a15db9acf2
08,184,task08/images/184.png,699384cc90a943bbbd144e71dc52a71dc94923deefbe80051a5dc22ab342fe25,train,identical_sha256,08,val,task08/images/361.png,699384cc90a943bbbd144e71dc52a71dc94923deefbe80051a5dc22ab342fe25
08,186,task08/images/186.png,e346766b4247ffcb668c4b91fd82448b2ff02a5dcbe6400859693a9f805aaa1f,train,identical_sha256,09,val,task08/images/363.png,e346766b4247ffcb668c4b91fd82448b2ff02a5dcbe6400859693a9f805aaa1f
08,187,task08/images/187.png,e1b5444f59983f6d2d1d3046485518c22b01119fc5ade2075bb6ec4b1b914edd,train,identical_sha256,09,val,task08/images/364.png,e1b5444f59983f6d2d1d3046485518c22b01119fc5ade2075bb6ec4b1b914edd
08,188,task08/images/188.png,8312e298037fa2058784eeffa5cee95706114d2a2fa05d1df0b172ba5b3dc9e1,train,identical_sha256,09,val,task08/images/365.png,8312e298037fa2058784eeffa5cee95706114d2a2fa05d1df0b172ba5b3dc9e1
08,189,task08/images/189.png,0f2efb84696591172d69f8f906586467d579b1759345f8e4bc8dd982cf6ca784,train,identical_sha256,08,test,task08/images/366.png,0f2efb84696591172d69f8f906586467d579b1759345f8e4bc8dd982cf6ca784
08,19,task08/images/19.png,46f0ffdb8d9d9c4a612a71d721f1ea2b07bb6979bcd9403ab7d354029d741214,train,case_group_connection,09,test,task08/images/gs19.png,f7226700a321b2d3cbacae9c5ca6a71170d497aaec18ec664d33300090d2322d
08,191,task08/images/191.png,700851a4ccdaf38a7d31d391b35c777b9589a7bf09cff48d916690d59f349b1e,train,identical_sha256,09,val,task08/images/371.png,700851a4ccdaf38a7d31d391b35c777b9589a7bf09cff48d916690d59f349b1e
08,193,task08/images/193.png,281b4d8b878cc926f013d3d00e7515a4b941308246fef02837dfdfbfa4b3b52c,train,identical_sha256,08,test,task08/images/372.png,281b4d8b878cc926f013d3d00e7515a4b941308246fef02837dfdfbfa4b3b52c
08,196,task08/images/196.png,bc85fca10c9088f829e43fedf578d6c9dc257bdf9db179e106fdd44d24a0e844,train,case_group_connection,08,excluded,task08/images/gs196.png,a8053febca3f62783c023159fd267d9a2069cfc10c8dfdfa70946a34ad042483
08,197,task08/images/197.png,b0407c60763edde22c8f2541a23c11598186a47b3fe69b5d4768d682b0f22b0d,train,identical_sha256,09,val,task08/images/378.png,b0407c60763edde22c8f2541a23c11598186a47b3fe69b5d4768d682b0f22b0d
08,198,task08/images/198.png,118c75888fcbc593ab513d195b271fab7228554b6c6070a1930fca5d84ccb0df,train,identical_sha256,09,val,task08/images/380.png,118c75888fcbc593ab513d195b271fab7228554b6c6070a1930fca5d84ccb0df
08,199,task08/images/199.png,082c594bc19fbeda26a924abc5121cd536dd2a82c6ad5acc709165cde2c7d93b,train,identical_sha256,09,val,task08/images/381.png,082c594bc19fbeda26a924abc5121cd536dd2a82c6ad5acc709165cde2c7d93b
08,20,task08/images/20.png,7993bf03082ee5013b44914d42647284287346054c5b978788a9b52069b057a7,train,case_group_connection,09,test,task08/images/gs20.png,7c5f924e05d067270f72298dab1cff5c070f72c8587495f3c857cf2824081342
08,200,task08/images/200.png,1244900e603e83df3a98c28faef76f6d4b84e336388748de17ae7cc9d84d4f6c,train,identical_sha256,09,val,task08/images/384.png,1244900e603e83df3a98c28faef76f6d4b84e336388748de17ae7cc9d84d4f6c
08,203,task08/images/203.png,2fbd7346fa7bcae914e4fbb703fea754633325a996b9bdb2cfcd63afe0affd26,train,identical_sha256,09,val,task08/images/387.png,2fbd7346fa7bcae914e4fbb703fea754633325a996b9bdb2cfcd63afe0affd26
08,209,task08/images/209.png,43c0d83f2ab4d90c6cfe67a876c5819bbbee8f7b3bf45f386d16fee20360274f,train,identical_sha256,09,val,task08/images/390.png,43c0d83f2ab4d90c6cfe67a876c5819bbbee8f7b3bf45f386d16fee20360274f
08,21,task08/images/21.png,c1fd7457eba1cba5829cc5d2a167b339f3aad5a8c96f7d537dca4927a31d402f,train,case_group_connection,09,test,task08/images/gs21.png,7f237ba57227a915afc7806278142d685cbaf332a7d6c766f4f376541e218bef
08,210,task08/images/210.png,9cad8050165052021d85007f8b4f2e5e33512ebda8c5482a7b3b5a32dd8d1d57,train,identical_sha256,08,val,task08/images/391.png,9cad8050165052021d85007f8b4f2e5e33512ebda8c5482a7b3b5a32dd8d1d57
08,213,task08/images/213.png,10b7d9e01532513182f35edb8531f80dffb253bd2b01454b3c3e7f26d3e2582a,train,identical_sha256,08,val,task08/images/299.png,10b7d9e01532513182f35edb8531f80dffb253bd2b01454b3c3e7f26d3e2582a
08,220,task08/images/220.png,cd3c24e923f9d38272dbfeb4c2462840a1ca0f3b3916b01efd5a6eae2b6de5a2,train,identical_sha256,09,val,task08/images/355.png,cd3c24e923f9d38272dbfeb4c2462840a1ca0f3b3916b01efd5a6eae2b6de5a2
08,225,task08/images/225.png,976160a92d44dd3607ac90818b1bd6d03b9e88250e6c14ac3cc0dcc19923c34b,train,identical_sha256,08,test,task08/images/394.png,976160a92d44dd3607ac90818b1bd6d03b9e88250e6c14ac3cc0dcc19923c34b
08,226,task08/images/226.png,82e8855c1ca0b569e607eed699ab22f694e6efbc6ace001b474ad5f806ee86ea,train,identical_sha256,09,val,task08/images/395.png,82e8855c1ca0b569e607eed699ab22f694e6efbc6ace001b474ad5f806ee86ea
08,227,task08/images/227.png,cf693b08c25b4e3923cb3f9d6484a8be51afc5a04e14ea2bf62a4184a9618a99,train,identical_sha256,09,val,task08/images/398.png,cf693b08c25b4e3923cb3f9d6484a8be51afc5a04e14ea2bf62a4184a9618a99
08,230,task08/images/230.png,957b58433eb49ca352ce7a42be7aa8172bbebc4e56271316a506e2e55e3964f3,train,identical_sha256,09,val,task08/images/402.png,957b58433eb49ca352ce7a42be7aa8172bbebc4e56271316a506e2e55e3964f3
08,233,task08/images/233.png,84cf5631c9fff962b9ed26c820a9ae491a5f8c6bb2eb74307610f00f6d57cd10,train,identical_sha256,09,val,task08/images/406.png,84cf5631c9fff962b9ed26c820a9ae491a5f8c6bb2eb74307610f00f6d57cd10
08,234,task08/images/234.png,5460261be905bc0662b19f576dd3f2a13a66bac4d15935e9bcff4bc424469ae4,train,identical_sha256,09,val,task08/images/410.png,5460261be905bc0662b19f576dd3f2a13a66bac4d15935e9bcff4bc424469ae4
08,236,task08/images/236.png,9cfcb9365d95d8e483bff0976356f5d99537103c8eb6f79ed3523ab171b0fd9a,train,identical_sha256,09,val,task08/images/414.png,9cfcb9365d95d8e483bff0976356f5d99537103c8eb6f79ed3523ab171b0fd9a
08,238,task08/images/238.png,98e780c9c35d3311257c4a4ced043202915bb3d111296c9a08726335c2613b3e,train,identical_sha256,08,test,task08/images/418.png,98e780c9c35d3311257c4a4ced043202915bb3d111296c9a08726335c2613b3e
08,24,task08/images/24.png,010ce77682c1fe1ef36e88725126a785978465ff534f5ea72ffec413049edfad,train,case_group_connection,09,test,task08/images/gs24.png,d2da300b161c82daec6d40e7844c2de37d9266d7225a5a95f2ca572edb8f0e8d
08,243,task08/images/243.png,d18c8c4e4cd9e9cd0178747b8d30035d32a943930f04b023ee0a0ab499d08f71,train,identical_sha256,09,val,task08/images/419.png,d18c8c4e4cd9e9cd0178747b8d30035d32a943930f04b023ee0a0ab499d08f71
08,246,task08/images/246.png,2352e5a41b1db2bc764dc739143199a875659ffde5e6f9e2c72771a069d1c161,train,identical_sha256,09,val,task08/images/421.png,2352e5a41b1db2bc764dc739143199a875659ffde5e6f9e2c72771a069d1c161
08,248,task08/images/248.png,1a883725ededf4db666e97f5a9bab45ecfb571abfa68faec7a6c9b6fe4c3e72c,train,identical_sha256,09,val,task08/images/424.png,1a883725ededf4db666e97f5a9bab45ecfb571abfa68faec7a6c9b6fe4c3e72c
08,25,task08/images/25.png,8365662439cca995ee92cd276943c70d458fafb89bfac5235c9d71c00422def7,train,case_group_connection,09,test,task08/images/gs25.png,4a5d604e097ce95bc5224f97dfe13b0c007cd0ac4a097e970dd8f5d2372e0900
08,252,task08/images/252.png,aef256842c3db03dced7ba9851fbae446c6b36cc9e149b13db4bf641a6801f2a,train,identical_sha256,09,val,task08/images/428.png,aef256842c3db03dced7ba9851fbae446c6b36cc9e149b13db4bf641a6801f2a
08,26,task08/images/26.png,1fc03a60b6c45a668637f5c2bbafb336dded80f9a4042375ec0f48dda66a7b30,train,case_group_connection,09,test,task08/images/gs26.png,989787fbe8b1d6537bb21890c44e30a9093183af1c2c5dd2bda98907617c1ca9
08,263,task08/images/263.png,f778c5739c47acf260417b5d8120e19c06330b48f29a62af4168a3575e755bca,train,identical_sha256,09,val,task08/images/444.png,f778c5739c47acf260417b5d8120e19c06330b48f29a62af4168a3575e755bca
08,266,task08/images/266.png,8fb440ba6c12506c4e4731a7be69b0bb2c8dd875e19b14f53dcc8fa1d215fa51,train,identical_sha256,08,val,task08/images/446.png,8fb440ba6c12506c4e4731a7be69b0bb2c8dd875e19b14f53dcc8fa1d215fa51
08,270,task08/images/270.png,51cbe21f6e4e2ec8a038c078f769ee57497a586f3816ebbac12fb997e0a0bffe,train,identical_sha256,09,val,task08/images/449.png,51cbe21f6e4e2ec8a038c078f769ee57497a586f3816ebbac12fb997e0a0bffe
08,276,task08/images/276.png,a58bcccd09be1931b67606c38d686e2c14d36105eacd9957b55e14e6707c97b4,train,identical_sha256,09,val,task08/images/452.png,a58bcccd09be1931b67606c38d686e2c14d36105eacd9957b55e14e6707c97b4
08,28,task08/images/28.png,ecc562c15778c92d990c1ac3fea62e297b91666c684ded688f4d6c33c7f97b61,train,case_group_connection,09,test,task08/images/gs28.png,4e152a2a399e0a5cc130fd6ed50c9783fc5f569d42d8f9b27767d70fef8a7128
08,281,task08/images/281.png,7cf5b95d067f01854e53f500c00c2911b69e5e77125fa5b7cc58f7ca89a12530,train,identical_sha256,09,val,task08/images/455.png,7cf5b95d067f01854e53f500c00c2911b69e5e77125fa5b7cc58f7ca89a12530
08,282,task08/images/282.png,dfc3c956dd53d2f9901a5aa20b57426c800979089785e2c204fca25ea78f2afd,train,identical_sha256,09,val,task08/images/457.png,dfc3c956dd53d2f9901a5aa20b57426c800979089785e2c204fca25ea78f2afd
08,287,task08/images/287.png,4436895572a5da4c33751b29440ee5f51cc4b4fab53f9dc4098f56e1792002be,train,identical_sha256,09,val,task08/images/461.png,4436895572a5da4c33751b29440ee5f51cc4b4fab53f9dc4098f56e1792002be
08,29,task08/images/29.png,07aa3955b0f28f8135af0a0ff7d7a7feb2b775b73cc03c15dd6174113618d061,train,case_group_connection,09,test,task08/images/gs29.png,13291564d1a0a4f3eddbced0147edd6441994a43c95e10101db1d6e483127c3c
08,291,task08/images/291.png,7815fc41b656bba9174bc664a91172efb97a4b8fda37a6282d670bc4bb974da6,train,identical_sha256,09,val,task08/images/464.png,7815fc41b656bba9174bc664a91172efb97a4b8fda37a6282d670bc4bb974da6
08,292,task08/images/292.png,0be554ecc8edd8263a5d047add50c7bb669ffaa6b1c80c73c90ef155d1564f86,train,identical_sha256,08,test,task08/images/212.png,0be554ecc8edd8263a5d047add50c7bb669ffaa6b1c80c73c90ef155d1564f86
08,293,task08/images/293.png,035b642622cab065adac34df2fb200462e66389919038a0744de1d3ebae40de2,train,identical_sha256,08,excluded,task08/images/151.png,035b642622cab065adac34df2fb200462e66389919038a0744de1d3ebae40de2
08,294,task08/images/294.png,e624160ab0968293bd4d53fe744118b79298cb255143351ff8513270e46d110b,train,identical_sha256,08,test,task08/images/152.png,e624160ab0968293bd4d53fe744118b79298cb255143351ff8513270e46d110b
08,30,task08/images/30.png,cb21c2b13a0c6012add33d619900c61146e620aa4d75d3b3a5921a05657f1752,train,case_group_connection,09,val,task08/images/gs30.png,401ba3c3c33c572491645b593688430509afa3eda36523122898f9c7e5ef1492
08,300,task08/images/300.png,8264b05c8060feeaa04b25b4a807bd062418d776e16382e123d1d054f7dc15dc,train,identical_sha256,08,test,task08/images/154.png,8264b05c8060feeaa04b25b4a807bd062418d776e16382e123d1d054f7dc15dc
08,304,task08/images/304.png,deadccf001978534d8d201b3ff76a6d4a8d7ebd05a60293f16f1293a8111d367,train,identical_sha256,08,test,task08/images/156.png,deadccf001978534d8d201b3ff76a6d4a8d7ebd05a60293f16f1293a8111d367
08,305,task08/images/305.png,49902cfa0d3dd7f49a8e4c02467a99ee29c9396342549c3c1e4b7921fb74a0bd,train,identical_sha256,08,test,task08/images/158.png,49902cfa0d3dd7f49a8e4c02467a99ee29c9396342549c3c1e4b7921fb74a0bd
08,308,task08/images/308.png,a9f3625d5328744736acb6c8435f0bfc05e4ee26160e26bd49290153efabdfb2,train,identical_sha256,08,test,task08/images/159.png,a9f3625d5328744736acb6c8435f0bfc05e4ee26160e26bd49290153efabdfb2
08,31,task08/images/31.png,11ec76b1ab5a214bb3c60e200f2c09f222f1c9d115b661383ad17977654e9af1,train,case_group_connection,09,val,task08/images/gs31.png,14afcf9220841c94d931dd249f784ef1ae6957dec84ef15353850e46dd2a173e
08,314,task08/images/314.png,0a3eb7306f246dd419798d2cefb314225c0767b277e0d053767e36e98e61dc14,train,identical_sha256,08,test,task08/images/163.png,0a3eb7306f246dd419798d2cefb314225c0767b277e0d053767e36e98e61dc14
08,317,task08/images/317.png,29e83c0a042fdb3ed0379e47a8181f18bb7d10b1022391d140aff3f21c0145d7,train,identical_sha256,08,test,task08/images/165.png,29e83c0a042fdb3ed0379e47a8181f18bb7d10b1022391d140aff3f21c0145d7
08,320,task08/images/320.png,1946bcd98b6d629b20942529e0d2f9e4a0d1cb9f6308c1b9392c90aa5dffb038,train,identical_sha256,08,test,task08/images/167.png,1946bcd98b6d629b20942529e0d2f9e4a0d1cb9f6308c1b9392c90aa5dffb038
08,321,task08/images/321.png,76b0000f5f04e2933b04687acc923d6903ae81bc83e1753003771719e99d778d,train,case_group_connection,09,test,task08/images/gq321.png,f5f493676772bd6196d826ba44e7d9e11ef4950dc8391d24695a06988026bf3d
08,322,task08/images/322.png,cd0943fa5312a2cdf5d2a6ef3f17f493f5d60384fa0bf0d326cb5f83f3e38e46,train,case_group_connection,09,test,task08/images/gq322.png,07b891b19d63475bca38610129da3ae92f558dea265948087b8ade6279ec76f0
08,323,task08/images/323.png,465c43d81346288dfcb86f8ac0131b20aa0633260d3cb0114b75445d977cdaa3,train,case_group_connection,09,test,task08/images/gq323.png,8721ebc7e3b93f68987d2dad1bab775bb0a4262b33b01ab3ee31e1cacb0740e1
08,325,task08/images/325.png,eda6705e5786b93a5eae7ac56edb666a81ae0cb1272723732fe305904115b718,train,identical_sha256,09,test,task08/images/325.png,eda6705e5786b93a5eae7ac56edb666a81ae0cb1272723732fe305904115b718
08,326,task08/images/326.png,ab135a375d5a4ba30ad6e91b4bcf5e41152d6b50e54ca19e697ae10585b60e35,train,identical_sha256,09,test,task08/images/326.png,ab135a375d5a4ba30ad6e91b4bcf5e41152d6b50e54ca19e697ae10585b60e35
08,327,task08/images/327.png,cb7d7ee707e1c1c06ac372aba1706a6fe5c04bfc3ec2ce08638228d3b811844c,train,identical_sha256,09,test,task08/images/327.png,cb7d7ee707e1c1c06ac372aba1706a6fe5c04bfc3ec2ce08638228d3b811844c
08,328,task08/images/328.png,59744a74a75409ea41400844c8835ba7fadec760cd14622bbe5549b8738b4ab7,train,identical_sha256,09,test,task08/images/328.png,59744a74a75409ea41400844c8835ba7fadec760cd14622bbe5549b8738b4ab7
08,329,task08/images/329.png,ffb4bf4ec64f94331117c5baf47bfe0e553cfe36352ce2c829c2d62d19622331,train,identical_sha256,09,test,task08/images/329.png,ffb4bf4ec64f94331117c5baf47bfe0e553cfe36352ce2c829c2d62d19622331
08,33,task08/images/33.png,74e6a68b1ac223c25a968a3cee5e347c1231a30076950deee1778955b97473cd,train,case_group_connection,09,val,task08/images/gs33.png,9ad6e31ad8d931f65e90a2f8f80fea3718486b70f8a5a2664d5b38ec6c278a79
08,330,task08/images/330.png,48056e5e96222a1e469a3c6777189afa46127dfae2b6191d8c2ec1345005a20f,train,identical_sha256,09,test,task08/images/330.png,48056e5e96222a1e469a3c6777189afa46127dfae2b6191d8c2ec1345005a20f
08,332,task08/images/332.png,4d16f89ae5d6cea16db8de7a5d42491c2285eda74d7f87f6d7e918d7a5188f05,train,identical_sha256,09,test,task08/images/332.png,4d16f89ae5d6cea16db8de7a5d42491c2285eda74d7f87f6d7e918d7a5188f05
08,333,task08/images/333.png,b5e32dc60785bcc93186e0f0e4456ab6234d7079815f92c7d9a2c513ce0341aa,train,identical_sha256,09,test,task08/images/333.png,b5e32dc60785bcc93186e0f0e4456ab6234d7079815f92c7d9a2c513ce0341aa
08,334,task08/images/334.png,2f46c399bb3aa5d6530a739e42b5b8ff12e4011d2af1894525403f06b7eaca00,train,identical_sha256,09,test,task08/images/334.png,2f46c399bb3aa5d6530a739e42b5b8ff12e4011d2af1894525403f06b7eaca00
08,336,task08/images/336.png,f9b194694e9eef0db9673fdc16de85a64cb5822b826878d5ac2c596193bd69f6,train,identical_sha256,09,test,task08/images/336.png,f9b194694e9eef0db9673fdc16de85a64cb5822b826878d5ac2c596193bd69f6
08,337,task08/images/337.png,916552fc61047053b539db8045be1f900a93b003901eeed67fae1e4470b513fe,train,identical_sha256,09,test,task08/images/337.png,916552fc61047053b539db8045be1f900a93b003901eeed67fae1e4470b513fe
08,338,task08/images/338.png,6865f8371e3ef1a6b09c1b5de2983cb30a5c9492af4f27b95d833517ba7940f4,train,identical_sha256,09,test,task08/images/338.png,6865f8371e3ef1a6b09c1b5de2983cb30a5c9492af4f27b95d833517ba7940f4
08,339,task08/images/339.png,b8da4d815a5660fed2e1e869250a46b2e89a9ae1267206deabd023f686664a2d,train,identical_sha256,09,test,task08/images/339.png,b8da4d815a5660fed2e1e869250a46b2e89a9ae1267206deabd023f686664a2d
08,34,task08/images/34.png,d29817a6f0eba50facc5252e37b6cd94be2f4318ad21dc01c31d8e3db9ef9e67,train,identical_sha256,09,val,task08/images/425.png,d29817a6f0eba50facc5252e37b6cd94be2f4318ad21dc01c31d8e3db9ef9e67
08,340,task08/images/340.png,b4dab7a9f87ca57cad52395a1c38a2b34f3fc6dd88c43def28bd4570de0baa0a,train,identical_sha256,09,test,task08/images/340.png,b4dab7a9f87ca57cad52395a1c38a2b34f3fc6dd88c43def28bd4570de0baa0a
08,341,task08/images/341.png,727114d1f3c6eddf3b116abf339690ecb318f5a10dfe72dc1cf878ce74f00ca7,train,identical_sha256,09,test,task08/images/341.png,727114d1f3c6eddf3b116abf339690ecb318f5a10dfe72dc1cf878ce74f00ca7
08,343,task08/images/343.png,af19a808dd49f9e0825997f65a69bc6592ad4c78228a2ebe10dda2dc33eb166b,train,identical_sha256,09,test,task08/images/343.png,af19a808dd49f9e0825997f65a69bc6592ad4c78228a2ebe10dda2dc33eb166b
08,345,task08/images/345.png,ba7a9dde8b614d058175da36ea68e526733566616ed9ff3cc37cee9b71121644,train,identical_sha256,09,test,task08/images/345.png,ba7a9dde8b614d058175da36ea68e526733566616ed9ff3cc37cee9b71121644
08,346,task08/images/346.png,3fa14394129d56802a22ec524e9627c640ac6a189b001b1d3b37543b6210ce6c,train,identical_sha256,09,test,task08/images/346.png,3fa14394129d56802a22ec524e9627c640ac6a189b001b1d3b37543b6210ce6c
08,348,task08/images/348.png,fe96939d21e711f10c48029b30aea530699dfb4399cb7f276cd2b688d6385746,train,identical_sha256,09,test,task08/images/348.png,fe96939d21e711f10c48029b30aea530699dfb4399cb7f276cd2b688d6385746
08,349,task08/images/349.png,f898bc412375b67799ee3ab1048f04b93454286b11e90bdd0cbc34db97338754,train,identical_sha256,09,test,task08/images/349.png,f898bc412375b67799ee3ab1048f04b93454286b11e90bdd0cbc34db97338754
08,350,task08/images/350.png,1649a555387fdf6c0566988622a61c8a8e424f821f1263e77429f778d9f02e63,train,identical_sha256,09,test,task08/images/350.png,1649a555387fdf6c0566988622a61c8a8e424f821f1263e77429f778d9f02e63
08,351,task08/images/351.png,37f5bbc1b65bf0ed6c8432d40c335500443fa8dc7a2f6f406604e4ea0ba3cdd5,train,identical_sha256,09,val,task08/images/351.png,37f5bbc1b65bf0ed6c8432d40c335500443fa8dc7a2f6f406604e4ea0ba3cdd5
08,352,task08/images/352.png,327df0ca66a16ea19fc77e1de40963eb85d2cc72f81f6378d3e8a71d5810d96d,train,identical_sha256,09,val,task08/images/352.png,327df0ca66a16ea19fc77e1de40963eb85d2cc72f81f6378d3e8a71d5810d96d
08,353,task08/images/353.png,643db4bf190bcaa813e888ef42707700ffbeb46d792b11d9fc80b665a3702016,train,identical_sha256,08,val,task08/images/181.png,643db4bf190bcaa813e888ef42707700ffbeb46d792b11d9fc80b665a3702016
08,354,task08/images/354.png,8b94847fc00565d1cf6608f3047d62953a7f375a5dd81676977b3e29e99943a8,train,identical_sha256,08,test,task08/images/182.png,8b94847fc00565d1cf6608f3047d62953a7f375a5dd81676977b3e29e99943a8
08,356,task08/images/356.png,710a33717253fd38a50589bd20a97ae13b9e4ae46ceb5538efe62e661d219745,train,identical_sha256,09,val,task08/images/356.png,710a33717253fd38a50589bd20a97ae13b9e4ae46ceb5538efe62e661d219745
08,357,task08/images/357.png,c681873d6d7314b5dc70f001351f2a7f4227068a9832c2ea328593a15db9acf2,train,identical_sha256,09,val,task08/images/357.png,c681873d6d7314b5dc70f001351f2a7f4227068a9832c2ea328593a15db9acf2
08,358,task08/images/358.png,8c74835c02c71bd3af99feead7d428cecaa45000d2505f8eb3c43a78efc9f54f,train,identical_sha256,09,val,task08/images/358.png,8c74835c02c71bd3af99feead7d428cecaa45000d2505f8eb3c43a78efc9f54f
08,36,task08/images/36.png,7ee53b5963c856db99fa02645c2ba4ef3f3c40bfbff4e8598c54d779dd1bd538,train,case_group_connection,09,val,task08/images/gs36.png,cb6483605bfeb9932d579f30e952760165dfbc2dfefb2459116d5116216b390d
08,362,task08/images/362.png,26cef42b8017a32c2b08135ddfa45b1e85372b781320483167c2bea0908a8a21,train,identical_sha256,08,test,task08/images/185.png,26cef42b8017a32c2b08135ddfa45b1e85372b781320483167c2bea0908a8a21
08,363,task08/images/363.png,e346766b4247ffcb668c4b91fd82448b2ff02a5dcbe6400859693a9f805aaa1f,train,identical_sha256,09,val,task08/images/363.png,e346766b4247ffcb668c4b91fd82448b2ff02a5dcbe6400859693a9f805aaa1f
08,364,task08/images/364.png,e1b5444f59983f6d2d1d3046485518c22b01119fc5ade2075bb6ec4b1b914edd,train,identical_sha256,09,val,task08/images/364.png,e1b5444f59983f6d2d1d3046485518c22b01119fc5ade2075bb6ec4b1b914edd
08,365,task08/images/365.png,8312e298037fa2058784eeffa5cee95706114d2a2fa05d1df0b172ba5b3dc9e1,train,identical_sha256,09,val,task08/images/365.png,8312e298037fa2058784eeffa5cee95706114d2a2fa05d1df0b172ba5b3dc9e1
08,369,task08/images/369.png,cad6090439affd5e0f2b3ece1e16509f379d5446f8f9d026f4f03cb3d194961b,train,identical_sha256,09,val,task08/images/369.png,cad6090439affd5e0f2b3ece1e16509f379d5446f8f9d026f4f03cb3d194961b
08,37,task08/images/37.png,d9cc6bd9eae5c405569c61eed562c6f4be2cd094bd903be249ec1f0a6f289072,train,case_group_connection,09,val,task08/images/gs37.png,6501e9e7eac3cda46470e0aff3aa8cb524465f8ddd31817f5980998fde83bdde
08,371,task08/images/371.png,700851a4ccdaf38a7d31d391b35c777b9589a7bf09cff48d916690d59f349b1e,train,identical_sha256,09,val,task08/images/371.png,700851a4ccdaf38a7d31d391b35c777b9589a7bf09cff48d916690d59f349b1e
08,375,task08/images/375.png,bf66af1aec22491d1c427611bfbdbe2ccda3c21e07236df7eab5faf41bb71993,train,identical_sha256,08,test,task08/images/195.png,bf66af1aec22491d1c427611bfbdbe2ccda3c21e07236df7eab5faf41bb71993
08,376,task08/images/376.png,5c1d4d87f41d5f39a5f33db8e926e361ca2381c8b5f52467c2c408d06d49f032,train,identical_sha256,09,val,task08/images/376.png,5c1d4d87f41d5f39a5f33db8e926e361ca2381c8b5f52467c2c408d06d49f032
08,378,task08/images/378.png,b0407c60763edde22c8f2541a23c11598186a47b3fe69b5d4768d682b0f22b0d,train,identical_sha256,09,val,task08/images/378.png,b0407c60763edde22c8f2541a23c11598186a47b3fe69b5d4768d682b0f22b0d
08,380,task08/images/380.png,118c75888fcbc593ab513d195b271fab7228554b6c6070a1930fca5d84ccb0df,train,identical_sha256,09,val,task08/images/380.png,118c75888fcbc593ab513d195b271fab7228554b6c6070a1930fca5d84ccb0df
08,381,task08/images/381.png,082c594bc19fbeda26a924abc5121cd536dd2a82c6ad5acc709165cde2c7d93b,train,identical_sha256,09,val,task08/images/381.png,082c594bc19fbeda26a924abc5121cd536dd2a82c6ad5acc709165cde2c7d93b
08,382,task08/images/382.png,b27b6ad6da145b523ad593d651d7a0e026e9a2333bad5d7373cd9303237e58f8,train,identical_sha256,09,val,task08/images/382.png,b27b6ad6da145b523ad593d651d7a0e026e9a2333bad5d7373cd9303237e58f8
08,383,task08/images/383.png,9cde9239c733629b3db3bed935e8b729e991a1811e6b6fa8510d92e660a78008,train,identical_sha256,09,val,task08/images/383.png,9cde9239c733629b3db3bed935e8b729e991a1811e6b6fa8510d92e660a78008
08,384,task08/images/384.png,1244900e603e83df3a98c28faef76f6d4b84e336388748de17ae7cc9d84d4f6c,train,identical_sha256,09,val,task08/images/384.png,1244900e603e83df3a98c28faef76f6d4b84e336388748de17ae7cc9d84d4f6c
08,385,task08/images/385.png,0a4b8f8a35f19fdea57b92d7f6f2c53c3a2c7fe354d2b52ce6c938444cab4fab,train,identical_sha256,08,test,task08/images/202.png,0a4b8f8a35f19fdea57b92d7f6f2c53c3a2c7fe354d2b52ce6c938444cab4fab
08,387,task08/images/387.png,2fbd7346fa7bcae914e4fbb703fea754633325a996b9bdb2cfcd63afe0affd26,train,identical_sha256,09,val,task08/images/387.png,2fbd7346fa7bcae914e4fbb703fea754633325a996b9bdb2cfcd63afe0affd26
08,388,task08/images/388.png,f77ef341195fbbbfefb19bcc550b9e319ccdc0235a7f88636451fff9bc35a672,train,identical_sha256,09,val,task08/images/388.png,f77ef341195fbbbfefb19bcc550b9e319ccdc0235a7f88636451fff9bc35a672
08,389,task08/images/389.png,4a276ec433fead6222f2d2a8cf71d9597c3a6efef2bab8c05bc7984b04990c15,train,identical_sha256,08,test,task08/images/207.png,4a276ec433fead6222f2d2a8cf71d9597c3a6efef2bab8c05bc7984b04990c15
08,390,task08/images/390.png,43c0d83f2ab4d90c6cfe67a876c5819bbbee8f7b3bf45f386d16fee20360274f,train,identical_sha256,09,val,task08/images/390.png,43c0d83f2ab4d90c6cfe67a876c5819bbbee8f7b3bf45f386d16fee20360274f
08,392,task08/images/392.png,f297642bf7d9c2418aff81b349eed19a6d11d6e12af373e2486178b4d7449868,train,identical_sha256,09,val,task08/images/392.png,f297642bf7d9c2418aff81b349eed19a6d11d6e12af373e2486178b4d7449868
08,393,task08/images/393.png,446e48a942df0bcc9fcf5c7d23de43c7fb9e864ecc930df141d57c9abf064e39,train,identical_sha256,08,val,task08/images/211.png,446e48a942df0bcc9fcf5c7d23de43c7fb9e864ecc930df141d57c9abf064e39
08,395,task08/images/395.png,82e8855c1ca0b569e607eed699ab22f694e6efbc6ace001b474ad5f806ee86ea,train,identical_sha256,09,val,task08/images/395.png,82e8855c1ca0b569e607eed699ab22f694e6efbc6ace001b474ad5f806ee86ea
08,396,task08/images/396.png,151ddc1b215970bcf321430dfc4ded0480cdaf38a46b4c0fafa9952e3241c9fa,train,identical_sha256,09,val,task08/images/396.png,151ddc1b215970bcf321430dfc4ded0480cdaf38a46b4c0fafa9952e3241c9fa
08,397,task08/images/397.png,5acf15b1580af349f0cb4ecd420f2e19fbb8518fffb3126037ee2373230de7df,train,identical_sha256,09,val,task08/images/397.png,5acf15b1580af349f0cb4ecd420f2e19fbb8518fffb3126037ee2373230de7df
08,398,task08/images/398.png,cf693b08c25b4e3923cb3f9d6484a8be51afc5a04e14ea2bf62a4184a9618a99,train,identical_sha256,09,val,task08/images/398.png,cf693b08c25b4e3923cb3f9d6484a8be51afc5a04e14ea2bf62a4184a9618a99
08,4,task08/images/4.png,af6fd8feba625373296f79df47829df6c08d2682151660cf5e45298a0d0529a4,train,case_group_connection,09,test,task08/images/gs4.png,802167485c3baaa813e2bb2144d8e760876ea4a3dec00d5a74943f77e2a33e54
08,40,task08/images/40.png,7c6ce738b57a3e23667729a42a8c9cedbd3f1c9d93e4dcfe329ceb031edee8d1,train,case_group_connection,09,val,task08/images/gs40.png,5032c7209112387f698e24ecba30bafea431306ea1cafc7ce5c38c018dc07a48
08,400,task08/images/400.png,60b73fa1f140951b59bc46d76238a2039795f846d48b5edb496a759dee18b605,train,identical_sha256,09,val,task08/images/9.png,60b73fa1f140951b59bc46d76238a2039795f846d48b5edb496a759dee18b605
08,402,task08/images/402.png,957b58433eb49ca352ce7a42be7aa8172bbebc4e56271316a506e2e55e3964f3,train,identical_sha256,09,val,task08/images/402.png,957b58433eb49ca352ce7a42be7aa8172bbebc4e56271316a506e2e55e3964f3
08,404,task08/images/404.png,b436abbeb996367fc96faea000fc67f13fd6112f326f47dc1ab2d485e348139f,train,identical_sha256,08,test,task08/images/231.png,b436abbeb996367fc96faea000fc67f13fd6112f326f47dc1ab2d485e348139f
08,405,task08/images/405.png,b4fa9fa3d236752a659f62e63c62af5190c9775944ff8e3d5ca2eb79cf255c91,train,identical_sha256,08,test,task08/images/232.png,b4fa9fa3d236752a659f62e63c62af5190c9775944ff8e3d5ca2eb79cf255c91
08,406,task08/images/406.png,84cf5631c9fff962b9ed26c820a9ae491a5f8c6bb2eb74307610f00f6d57cd10,train,identical_sha256,09,val,task08/images/406.png,84cf5631c9fff962b9ed26c820a9ae491a5f8c6bb2eb74307610f00f6d57cd10
08,407,task08/images/407.png,62311483123e423e1b04ed03c78c4afb6b7b07aba2dd23f2eb35701cb8483dc6,train,identical_sha256,09,val,task08/images/407.png,62311483123e423e1b04ed03c78c4afb6b7b07aba2dd23f2eb35701cb8483dc6
08,409,task08/images/409.png,085b2e2fe208e0f04c1bda911db6d3a9ba20edb5170e7d77d9c219fdd1d2776f,train,identical_sha256,09,val,task08/images/409.png,085b2e2fe208e0f04c1bda911db6d3a9ba20edb5170e7d77d9c219fdd1d2776f
08,41,task08/images/41.png,2e20ad6b8f4b173db0e35cb6bfbcf2c77dddc5703d636685aa9a56bd9a703517,train,case_group_connection,09,val,task08/images/gs41.png,fe4acba8beb6dd0fe6a9a73fcda2135e28175fbe46c0e2afd5a6d135d389e153
08,410,task08/images/410.png,5460261be905bc0662b19f576dd3f2a13a66bac4d15935e9bcff4bc424469ae4,train,identical_sha256,09,val,task08/images/410.png,5460261be905bc0662b19f576dd3f2a13a66bac4d15935e9bcff4bc424469ae4
08,413,task08/images/413.png,f551f1911fef6b71bcec8abf2f5d02b49ba44e86a83461a9ed50cf6db434b2e5,train,identical_sha256,09,val,task08/images/413.png,f551f1911fef6b71bcec8abf2f5d02b49ba44e86a83461a9ed50cf6db434b2e5
08,414,task08/images/414.png,9cfcb9365d95d8e483bff0976356f5d99537103c8eb6f79ed3523ab171b0fd9a,train,identical_sha256,09,val,task08/images/414.png,9cfcb9365d95d8e483bff0976356f5d99537103c8eb6f79ed3523ab171b0fd9a
08,415,task08/images/415.png,b81f469ca9fbf5d9365ee3dbae60e9c13b4bb0a2e68fdc204d45fc16dd410033,train,identical_sha256,09,val,task08/images/415.png,b81f469ca9fbf5d9365ee3dbae60e9c13b4bb0a2e68fdc204d45fc16dd410033
08,417,task08/images/417.png,280b2886281046a476768637cd5f362a86dc772d76924a81f84172264ca19b67,train,identical_sha256,09,val,task08/images/417.png,280b2886281046a476768637cd5f362a86dc772d76924a81f84172264ca19b67
08,419,task08/images/419.png,d18c8c4e4cd9e9cd0178747b8d30035d32a943930f04b023ee0a0ab499d08f71,train,identical_sha256,09,val,task08/images/419.png,d18c8c4e4cd9e9cd0178747b8d30035d32a943930f04b023ee0a0ab499d08f71
08,421,task08/images/421.png,2352e5a41b1db2bc764dc739143199a875659ffde5e6f9e2c72771a069d1c161,train,identical_sha256,09,val,task08/images/421.png,2352e5a41b1db2bc764dc739143199a875659ffde5e6f9e2c72771a069d1c161
08,422,task08/images/422.png,32db58344aef95ecf162e302a48d028dbd281db8f9d004450bd9fae7bff32d35,train,identical_sha256,09,val,task08/images/422.png,32db58344aef95ecf162e302a48d028dbd281db8f9d004450bd9fae7bff32d35
08,423,task08/images/423.png,42f7b0727b80c1d2be345d94d06da35018c8c2173fbdc66ce55237c42ab12075,train,identical_sha256,09,val,task08/images/423.png,42f7b0727b80c1d2be345d94d06da35018c8c2173fbdc66ce55237c42ab12075
08,424,task08/images/424.png,1a883725ededf4db666e97f5a9bab45ecfb571abfa68faec7a6c9b6fe4c3e72c,train,identical_sha256,09,val,task08/images/424.png,1a883725ededf4db666e97f5a9bab45ecfb571abfa68faec7a6c9b6fe4c3e72c
08,425,task08/images/425.png,d29817a6f0eba50facc5252e37b6cd94be2f4318ad21dc01c31d8e3db9ef9e67,train,identical_sha256,09,val,task08/images/425.png,d29817a6f0eba50facc5252e37b6cd94be2f4318ad21dc01c31d8e3db9ef9e67
08,426,task08/images/426.png,86199fea0a46ccdcd0e884793682a4d524db81f45f860e48d6dc629c03fd09bb,train,identical_sha256,09,val,task08/images/426.png,86199fea0a46ccdcd0e884793682a4d524db81f45f860e48d6dc629c03fd09bb
08,427,task08/images/427.png,691e534556b6b9ce785be5252b931312fce3c73bddb3b9ce0a28d215dbdf7fb4,train,identical_sha256,09,val,task08/images/427.png,691e534556b6b9ce785be5252b931312fce3c73bddb3b9ce0a28d215dbdf7fb4
08,428,task08/images/428.png,aef256842c3db03dced7ba9851fbae446c6b36cc9e149b13db4bf641a6801f2a,train,identical_sha256,09,val,task08/images/428.png,aef256842c3db03dced7ba9851fbae446c6b36cc9e149b13db4bf641a6801f2a
08,43,task08/images/43.png,986acea4eeebbc67128b5d3898e34e830b753620b20a8e4bcb7ea769bfa23c4f,train,case_group_connection,09,val,task08/images/gs43.png,9b6d2c040991af91304c0980f44f4641508a74707647816d179ccec5a1001421
08,430,task08/images/430.png,147148824d502937b1d21eea13852a691229000ee0c82edb09e62629448d2315,train,identical_sha256,08,val,task08/images/255.png,147148824d502937b1d21eea13852a691229000ee0c82edb09e62629448d2315
08,431,task08/images/431.png,5213d1a02da76f67b3f7884bf6274e88b1b3beccc1bf8c2dc08a303f3a3a6716,train,identical_sha256,09,val,task08/images/431.png,5213d1a02da76f67b3f7884bf6274e88b1b3beccc1bf8c2dc08a303f3a3a6716
08,432,task08/images/432.png,6c14a7c9e4c35baf187f7226e5eb0197d7aeb2761705174e9edd325e4a1d74c8,train,identical_sha256,09,val,task08/images/432.png,6c14a7c9e4c35baf187f7226e5eb0197d7aeb2761705174e9edd325e4a1d74c8
08,433,task08/images/433.png,ac2c692040dc31c7ffc8500e78f8e3978ae77d55b8ae982f245fd6f4d3228e69,train,identical_sha256,09,val,task08/images/433.png,ac2c692040dc31c7ffc8500e78f8e3978ae77d55b8ae982f245fd6f4d3228e69
08,434,task08/images/434.png,a591983284f76cdf0f041587bafebd01af88f91a75875b67beceaf3dcfc7f865,train,identical_sha256,09,val,task08/images/434.png,a591983284f76cdf0f041587bafebd01af88f91a75875b67beceaf3dcfc7f865
08,436,task08/images/436.png,448fb88654383509d88bdbdacda147f06219040bee510ccd1007c15399bab679,train,identical_sha256,09,val,task08/images/436.png,448fb88654383509d88bdbdacda147f06219040bee510ccd1007c15399bab679
08,437,task08/images/437.png,283407a16005360e53fee731d9b4e04c0e92f71d81b2741dee938f68ca5a81db,train,identical_sha256,09,val,task08/images/437.png,283407a16005360e53fee731d9b4e04c0e92f71d81b2741dee938f68ca5a81db
08,438,task08/images/438.png,83fa6c039228590a1e739e55bb4e9a6f0477fa4fc576150e240fc5bc7518b1db,train,identical_sha256,09,val,task08/images/438.png,83fa6c039228590a1e739e55bb4e9a6f0477fa4fc576150e240fc5bc7518b1db
08,44,task08/images/44.png,dccb1ccf238a822342d149bacde5329e70923f1a504f0e60167b4f184b0b0bc5,train,case_group_connection,09,val,task08/images/gs44.png,a9eea8c027c2cd6d3a52a2c73cc9d05c36435c11f1d2364f23a82a32bc36f527
08,440,task08/images/440.png,8c0c37fa53ca4cba5692c802aba53efd08251be0c30a90c99b11ee20f5594ddb,train,identical_sha256,09,val,task08/images/440.png,8c0c37fa53ca4cba5692c802aba53efd08251be0c30a90c99b11ee20f5594ddb
08,441,task08/images/441.png,8b389cfeff391baaf3aff6b497e9c3ae8082e3637c60db2d6587fd989eb06089,train,identical_sha256,09,val,task08/images/441.png,8b389cfeff391baaf3aff6b497e9c3ae8082e3637c60db2d6587fd989eb06089
08,442,task08/images/442.png,965c8a96d4042c3dc6ded7946fcc16502dd05400b03b58a2e21931f79bf9ed3e,train,identical_sha256,09,val,task08/images/442.png,965c8a96d4042c3dc6ded7946fcc16502dd05400b03b58a2e21931f79bf9ed3e
08,443,task08/images/443.png,7eb8c68263bbb49d76dc9900314480b116a270512bfeabe551a2d1f0969ba01c,train,identical_sha256,09,val,task08/images/443.png,7eb8c68263bbb49d76dc9900314480b116a270512bfeabe551a2d1f0969ba01c
08,444,task08/images/444.png,f778c5739c47acf260417b5d8120e19c06330b48f29a62af4168a3575e755bca,train,identical_sha256,09,val,task08/images/444.png,f778c5739c47acf260417b5d8120e19c06330b48f29a62af4168a3575e755bca
08,445,task08/images/445.png,a4a21016a4c84a9e91ac00d415f31755f23d2f3595825d488a9421e98e84de5f,train,identical_sha256,09,val,task08/images/445.png,a4a21016a4c84a9e91ac00d415f31755f23d2f3595825d488a9421e98e84de5f
08,447,task08/images/447.png,61169adfab4d67d5e69397a33a1e28dddf2d86f265813949c07211ebe680eabc,train,identical_sha256,08,test,task08/images/267.png,61169adfab4d67d5e69397a33a1e28dddf2d86f265813949c07211ebe680eabc
08,449,task08/images/449.png,51cbe21f6e4e2ec8a038c078f769ee57497a586f3816ebbac12fb997e0a0bffe,train,identical_sha256,09,val,task08/images/449.png,51cbe21f6e4e2ec8a038c078f769ee57497a586f3816ebbac12fb997e0a0bffe
08,45,task08/images/45.png,8f432507fb5dbc2eb597c1545a6a3c32889d18d06fbfa9a9890be5c9cba998bf,train,case_group_connection,09,val,task08/images/gs45.png,c6e037cecdae8479f2130a6002eae8da6d13ced153352c0e9c35067480cc7a2f
08,450,task08/images/450.png,ecba8cd4e268f2bfcca595167d6f0da93898153cebd892f362e6c9bc72caf7df,train,identical_sha256,09,val,task08/images/450.png,ecba8cd4e268f2bfcca595167d6f0da93898153cebd892f362e6c9bc72caf7df
08,451,task08/images/451.png,3592af1d4ab92377c6b931cd6ad765f3667cd821603dc168d6f520f7ad8ff08b,train,identical_sha256,08,test,task08/images/272.png,3592af1d4ab92377c6b931cd6ad765f3667cd821603dc168d6f520f7ad8ff08b
08,452,task08/images/452.png,a58bcccd09be1931b67606c38d686e2c14d36105eacd9957b55e14e6707c97b4,train,identical_sha256,09,val,task08/images/452.png,a58bcccd09be1931b67606c38d686e2c14d36105eacd9957b55e14e6707c97b4
08,454,task08/images/454.png,74beb7ea2edc3f9ae6c354e1934a1d25e3200b64e42e04de9c11e258af9081a7,train,identical_sha256,09,val,task08/images/454.png,74beb7ea2edc3f9ae6c354e1934a1d25e3200b64e42e04de9c11e258af9081a7
08,455,task08/images/455.png,7cf5b95d067f01854e53f500c00c2911b69e5e77125fa5b7cc58f7ca89a12530,train,identical_sha256,09,val,task08/images/455.png,7cf5b95d067f01854e53f500c00c2911b69e5e77125fa5b7cc58f7ca89a12530
08,457,task08/images/457.png,dfc3c956dd53d2f9901a5aa20b57426c800979089785e2c204fca25ea78f2afd,train,identical_sha256,09,val,task08/images/457.png,dfc3c956dd53d2f9901a5aa20b57426c800979089785e2c204fca25ea78f2afd
08,458,task08/images/458.png,88e0efe662afb1a0ea96a3ebd28b085370c17c1e3cf4f353708ed3e6a9450e0a,train,identical_sha256,09,val,task08/images/458.png,88e0efe662afb1a0ea96a3ebd28b085370c17c1e3cf4f353708ed3e6a9450e0a
08,459,task08/images/459.png,be1e17fa8199b638b9875c6cf8eea4c853abe7281982b5be668ccb92785db2e8,train,identical_sha256,09,val,task08/images/459.png,be1e17fa8199b638b9875c6cf8eea4c853abe7281982b5be668ccb92785db2e8
08,460,task08/images/460.png,c25b5a39e740931c18e6248350995ef51243a6c7b7b8cebaf00297ab751dc786,train,identical_sha256,09,val,task08/images/460.png,c25b5a39e740931c18e6248350995ef51243a6c7b7b8cebaf00297ab751dc786
08,461,task08/images/461.png,4436895572a5da4c33751b29440ee5f51cc4b4fab53f9dc4098f56e1792002be,train,identical_sha256,09,val,task08/images/461.png,4436895572a5da4c33751b29440ee5f51cc4b4fab53f9dc4098f56e1792002be
08,462,task08/images/462.png,80e766377fec7d3f91da05bbd331e8d90a65b852a2f64eac54d796f7940d1c2c,train,identical_sha256,09,val,task08/images/462.png,80e766377fec7d3f91da05bbd331e8d90a65b852a2f64eac54d796f7940d1c2c
08,463,task08/images/463.png,73342d53b51c765f8a467710383ef3e9853f73343a3e92a659cc268b1fe9417a,train,identical_sha256,09,val,task08/images/463.png,73342d53b51c765f8a467710383ef3e9853f73343a3e92a659cc268b1fe9417a
08,464,task08/images/464.png,7815fc41b656bba9174bc664a91172efb97a4b8fda37a6282d670bc4bb974da6,train,identical_sha256,09,val,task08/images/464.png,7815fc41b656bba9174bc664a91172efb97a4b8fda37a6282d670bc4bb974da6
08,465,task08/images/465.png,37bcc65dea5c3251be7482e92e0cd9f93ff34ca26d35de45950ff3fa774a6cf4,train,identical_sha256,09,val,task08/images/465.png,37bcc65dea5c3251be7482e92e0cd9f93ff34ca26d35de45950ff3fa774a6cf4
08,466,task08/images/466.png,81ec7a83ac3e3e92d3c3a92978ced82d79bb8367a9bd946d9ed9bc65e7372dc7,train,identical_sha256,09,val,task08/images/466.png,81ec7a83ac3e3e92d3c3a92978ced82d79bb8367a9bd946d9ed9bc65e7372dc7
08,47,task08/images/47.png,4e545044823e68acfe0376b8c4680df520f237f5e571c5531ae8401d6ac7c938,train,case_group_connection,09,val,task08/images/gs47.png,f2ac7db017bd4bdd463c86c3674c378d61ef5588c2049d058c7e3fa37303b4e7
08,48,task08/images/48.png,c0838b3edc67ce0cce8a975b25d37fb55c6923dffb58c8b790fef0962b98c8ee,train,case_group_connection,09,val,task08/images/gs48.png,5bdeac8c5babb2c6783517c8c58d56f27c6a22c67ae4645117089634ddf87907
08,49,task08/images/49.png,457c1341bec859d8880e7175a4630f53630c06d3ac60a46bd0d68d59bb6e6eb5,train,case_group_connection,09,val,task08/images/gs49.png,7933d0cda7105b7fc683bc0fb30e0d37e71b1a3ca1c708ad546daa4d7b84d59f
08,50,task08/images/50.png,86318e20f424637f3e1c4cba481e9b164efd03d960d4d35ddc89eab3207fd260,train,case_group_connection,09,val,task08/images/gs50.png,7933129689bd09375c4f3d9ab21d60f811b19ec864dcf5353fba215e3795a2a6
08,54,task08/images/54.png,ba96dd1c4d946f353458b96cf79204458d38f1cdb94b13b677d5d1989108d84b,train,identical_sha256,08,val,task08/images/122.png,ba96dd1c4d946f353458b96cf79204458d38f1cdb94b13b677d5d1989108d84b
08,6,task08/images/6.png,4857520f2cfb2d7facc1f28027c8e589dbb4e53636b1fc8906cc0fe5471b2183,train,case_group_connection,09,test,task08/images/gs6.png,36c84255ac523534ad00e8e1f21d9c957393fa43063cc88ac2ecbee140700ce1
08,9,task08/images/9.png,60b73fa1f140951b59bc46d76238a2039795f846d48b5edb496a759dee18b605,train,identical_sha256,09,val,task08/images/9.png,60b73fa1f140951b59bc46d76238a2039795f846d48b5edb496a759dee18b605
08,99,task08/images/99.png,07201dc764909235752dab7ca70dc1b75d7aa901065a5b90a1f428aaf091f48d,train,identical_sha256,08,test,task08/images/411.png,07201dc764909235752dab7ca70dc1b75d7aa901065a5b90a1f428aaf091f48d
08,gq10,task08/images/gq10.png,786c98dbff705ab3d86c1b8802c654b6fd9031acb596af4f5c46a9106c39ef44,train,case_group_connection,09,test,task08/images/gs10.png,b9f3f2823245a991bd03d16f8b03d7d087bc8e53d23bde15fb0eef2e0377f79d
08,gq104,task08/images/gq104.png,30ba0f6f115175caf6367914833d36670d6f4b73bb6875be83beb996fe26a3d1,train,identical_sha256,08,test,task08/images/gq22.png,30ba0f6f115175caf6367914833d36670d6f4b73bb6875be83beb996fe26a3d1
08,gq11,task08/images/gq11.png,b158b9c957f764d64ab4f015b06f49f5574812fb0a13317bfa6653b4aeec2760,train,case_group_connection,09,test,task08/images/gs11.png,8ad8045c0e1ce0cb43aaac6ac9088cfae3bce7104054d86561692829d841e0cd
08,gq110,task08/images/gq110.png,03d784b5f1d9dbfd822db186399caf1d5dded61b197f428309637dcf572214b3,train,case_group_connection,09,val,task08/images/425.png,d29817a6f0eba50facc5252e37b6cd94be2f4318ad21dc01c31d8e3db9ef9e67
08,gq124,task08/images/gq124.png,9b15cb884c244f9397ead28bafdd9d8d73b8a13d4f66d1da3a72f120f2137992,train,case_group_connection,08,excluded,task08/images/124.png,ce89851bb75e45ac59ffd623ce848fdcc2b7262c03d7b36062d1240cdc4d00cd
08,gq13,task08/images/gq13.png,02e107f5f16b5ecf29ed15c8a4dabab5363cd33caa1320ee4aa6f2594e361959,train,case_group_connection,09,test,task08/images/gs13.png,ee98cc509a5f60e80e7432685d9ddd1f346f2dfaa8cc7bfc59ea1e58844762f4
08,gq130,task08/images/gq130.png,6a716d6cd2461b9efe3b7812fe45ad5ad6474beaf9c14f827444f79899d92f51,train,identical_sha256,08,test,task08/images/gq62.png,6a716d6cd2461b9efe3b7812fe45ad5ad6474beaf9c14f827444f79899d92f51
08,gq138,task08/images/gq138.png,75c8a62fb1a4fd20e91beae6542e83cd2b0c688db3052016242fae320791da8f,train,case_group_connection,08,excluded,task08/images/138.png,8a105e1933a5c5a8b83b8169feaa397faae477351a1a190660e247bd030cf8af
08,gq14,task08/images/gq14.png,cd194b5ad2048053de5aa8f67dda9cf974ffbea15b33eab9c22d7ad7f139fe79,train,case_group_connection,09,test,task08/images/gs14.png,61387b5495abbf18c41e9f04e32ab3383a41fb795c04f69baa016044e216af61
08,gq15,task08/images/gq15.png,a77f22e95b04d2f8d5d6d5eb783dfd29e751bb723187e990d8fa13d6083afc6c,train,case_group_connection,09,test,task08/images/gs15.png,c8ec00f3a16d85663b3fd35d1c9a981704128fb2af5e50828cb8d922df6930fa
08,gq151,task08/images/gq151.png,2f3b75cd6a03e14428e366768fbd0f8d4b881532fcea4ab5a4c49dd4d57f6c79,train,case_group_connection,08,excluded,task08/images/151.png,035b642622cab065adac34df2fb200462e66389919038a0744de1d3ebae40de2
08,gq16,task08/images/gq16.png,e6795f084dbbc07200f4c31c0a177be5d28dcbaad688ba257a22338784b86a62,train,case_group_connection,09,test,task08/images/gs16.png,be675f55dd083a35950eff2b03d78239967ffa5a35824df2a4328210c2fc7459
08,gq164,task08/images/gq164.png,fc93fab09f79ea76039e6733d93e8ea704cd5fbc6ad0fa66e0eed8561f6885eb,train,identical_sha256,08,test,task08/images/gq315.png,fc93fab09f79ea76039e6733d93e8ea704cd5fbc6ad0fa66e0eed8561f6885eb
08,gq168,task08/images/gq168.png,8721ebc7e3b93f68987d2dad1bab775bb0a4262b33b01ab3ee31e1cacb0740e1,train,identical_sha256,09,test,task08/images/gq323.png,8721ebc7e3b93f68987d2dad1bab775bb0a4262b33b01ab3ee31e1cacb0740e1
08,gq169,task08/images/gq169.png,fb3217603aab7e2093fd9f8447313502eb4eac45c726b74edc896b38500b2ded,train,identical_sha256,09,test,task08/images/gq325.png,fb3217603aab7e2093fd9f8447313502eb4eac45c726b74edc896b38500b2ded
08,gq17,task08/images/gq17.png,99e325124c56ebd81ea97fc45472c2396a744ad2e38bb11662d4f62181daf2fb,train,case_group_connection,09,test,task08/images/gs17.png,a9658ac18bb80a6d9f55d829cbf240f0f435288be5059d980d715c06fd6d59e5
08,gq171,task08/images/gq171.png,b8ff469b296d8cab5e7ca9618d0e9e3c42492ea4f3c2546add330b07284ea4dc,train,identical_sha256,09,test,task08/images/gq328.png,b8ff469b296d8cab5e7ca9618d0e9e3c42492ea4f3c2546add330b07284ea4dc
08,gq172,task08/images/gq172.png,49315e6bc7a0f1cfccfc05cf7d59dfc710b2e2b4c2805844d544621e41573f02,train,identical_sha256,09,test,task08/images/gq333.png,49315e6bc7a0f1cfccfc05cf7d59dfc710b2e2b4c2805844d544621e41573f02
08,gq173,task08/images/gq173.png,adc754d03a8ce922776ef281262485c936c7b740a81f6262194db8df516ecba1,train,identical_sha256,09,test,task08/images/gq334.png,adc754d03a8ce922776ef281262485c936c7b740a81f6262194db8df516ecba1
08,gq174,task08/images/gq174.png,a3372df9b56031bd0b5bf9037e27a7f88dc57104095e07c8d93b1ffd80175431,train,identical_sha256,08,test,task08/images/gq335.png,a3372df9b56031bd0b5bf9037e27a7f88dc57104095e07c8d93b1ffd80175431
08,gq176,task08/images/gq176.png,5add1c6acfd0159238c36ef3293d3bb53b69da3175e9894bf2abe519a62cbff7,train,identical_sha256,09,test,task08/images/gq338.png,5add1c6acfd0159238c36ef3293d3bb53b69da3175e9894bf2abe519a62cbff7
08,gq177,task08/images/gq177.png,72192773b2203c900920f7be340d8e41d3fd6f112c5ee47f3ce4dbce282a65d1,train,identical_sha256,09,test,task08/images/gq339.png,72192773b2203c900920f7be340d8e41d3fd6f112c5ee47f3ce4dbce282a65d1
08,gq178,task08/images/gq178.png,f0808f78d2733dafa8154eed1871168a00bf2f8ecdd2fef52d801b179df11b01,train,identical_sha256,09,test,task08/images/gq342.png,f0808f78d2733dafa8154eed1871168a00bf2f8ecdd2fef52d801b179df11b01
08,gq179,task08/images/gq179.png,9be2fe6ef389042f1046d0d0660e5a08e5043910a42b465622c1b790bd8f723f,train,identical_sha256,09,test,task08/images/gq345.png,9be2fe6ef389042f1046d0d0660e5a08e5043910a42b465622c1b790bd8f723f
08,gq18,task08/images/gq18.png,bad20b0a41bce23351b2a5ad064f14a13dab885d95a34f05f9ab119da9747a04,train,case_group_connection,09,test,task08/images/gs18.png,f8235bbb4cd1c34c0e11f36c6eba400d99d6a8671d55bfbe5176ab1a27585cf3
08,gq184,task08/images/gq184.png,05ad73bcfeef7b699888559d3f45176cd646954d94aed84b851bf42bdee023cb,train,identical_sha256,08,val,task08/images/gq361.png,05ad73bcfeef7b699888559d3f45176cd646954d94aed84b851bf42bdee023cb
08,gq19,task08/images/gq19.png,fea044f2f1e74aab8d8fa342f6eb7cd1c29bd9808b809edcfb0722ccb97af6cc,train,case_group_connection,09,test,task08/images/gs19.png,f7226700a321b2d3cbacae9c5ca6a71170d497aaec18ec664d33300090d2322d
08,gq191,task08/images/gq191.png,a8e94ae88a1d3cc4f5ad32614ee8e4cec05df1360fd550fbf395e2299bde1cad,train,case_group_connection,09,val,task08/images/371.png,700851a4ccdaf38a7d31d391b35c777b9589a7bf09cff48d916690d59f349b1e
08,gq193,task08/images/gq193.png,8f7068417b193192c352aad4c332942f9ada9c0b30febd3f85c710b5083434f8,train,identical_sha256,08,test,task08/images/gq372.png,8f7068417b193192c352aad4c332942f9ada9c0b30febd3f85c710b5083434f8
08,gq196,task08/images/gq196.png,55b340496511c107b5ac7f85dace1a4a42dd408014b353d6f41965e6d41b6050,train,case_group_connection,08,excluded,task08/images/gs196.png,a8053febca3f62783c023159fd267d9a2069cfc10c8dfdfa70946a34ad042483
08,gq197,task08/images/gq197.png,8cffb4f9fa5589468d7e812f27acb3dea16317db4702ab1e620787d6e785d487,train,case_group_connection,09,val,task08/images/378.png,b0407c60763edde22c8f2541a23c11598186a47b3fe69b5d4768d682b0f22b0d
08,gq198,task08/images/gq198.png,e06ae692d5d2eade6c79f196b7967ef87216acc98d6c43920c55fa824f50c34d,train,case_group_connection,09,val,task08/images/380.png,118c75888fcbc593ab513d195b271fab7228554b6c6070a1930fca5d84ccb0df
08,gq199,task08/images/gq199.png,b16e9937af7ad440e12519a86c183cfec71d8b16da537bf831bda88bbb05b768,train,case_group_connection,09,val,task08/images/381.png,082c594bc19fbeda26a924abc5121cd536dd2a82c6ad5acc709165cde2c7d93b
08,gq20,task08/images/gq20.png,f2c2cd6f145b23615e2f2c0e20bef7765848a08f86ec99f175ca20a749265d90,train,case_group_connection,09,test,task08/images/gs20.png,7c5f924e05d067270f72298dab1cff5c070f72c8587495f3c857cf2824081342
08,gq21,task08/images/gq21.png,3a8e5be563652a8e76abf4510e0c2c32f5e74bdb6b19db52069683cf4298a4af,train,case_group_connection,09,test,task08/images/gs21.png,7f237ba57227a915afc7806278142d685cbaf332a7d6c766f4f376541e218bef
08,gq213,task08/images/gq213.png,c1b7fc599b9b5c9106aecbd024bd366d2c539a7efeabbf4505f48d694f7158a5,train,identical_sha256,08,val,task08/images/gq299.png,c1b7fc599b9b5c9106aecbd024bd366d2c539a7efeabbf4505f48d694f7158a5
08,gq220,task08/images/gq220.png,bd17060a52512daa4b25acbb9f76b0675e4bdb0bd25c2d195042402e647ceebd,train,identical_sha256,09,val,task08/images/gq355.png,bd17060a52512daa4b25acbb9f76b0675e4bdb0bd25c2d195042402e647ceebd
08,gq225,task08/images/gq225.png,41d0258b2fd64f7c148a473b772fcc1aba37be072f4bd5cda35bc19bd67950e9,train,identical_sha256,08,test,task08/images/gq394.png,41d0258b2fd64f7c148a473b772fcc1aba37be072f4bd5cda35bc19bd67950e9
08,gq226,task08/images/gq226.png,38f326e27239c50cac2e3adcb9099fc3b143bc7f8d5a3cac1707faed61be2746,train,case_group_connection,09,val,task08/images/395.png,82e8855c1ca0b569e607eed699ab22f694e6efbc6ace001b474ad5f806ee86ea
08,gq227,task08/images/gq227.png,52e1ced91e27bf455cabb3815543e58b84eb15a3595a8ced95d59d37465eacf3,train,case_group_connection,09,val,task08/images/398.png,cf693b08c25b4e3923cb3f9d6484a8be51afc5a04e14ea2bf62a4184a9618a99
08,gq23,task08/images/gq23.png,34be82ea1eda70e1f7d8201fde8aef2386d09f9ca63aee8491704b81007ed41f,train,case_group_connection,09,test,task08/images/gs23.png,6dc8493d569a9c5dcdb50a65d5285a8c25eaa6242640c62f2a63906a1fbddacd
08,gq230,task08/images/gq230.png,29e986ffa9bb937254383fc3208054ee7bd9ec934fc3aa74ad797e8f470b20b1,train,case_group_connection,09,val,task08/images/402.png,957b58433eb49ca352ce7a42be7aa8172bbebc4e56271316a506e2e55e3964f3
08,gq233,task08/images/gq233.png,b8e9db2ca23ee30fbd642d814d405d63d8a5b8e37e3fcb7e728390354ec4ba14,train,case_group_connection,09,val,task08/images/406.png,84cf5631c9fff962b9ed26c820a9ae491a5f8c6bb2eb74307610f00f6d57cd10
08,gq234,task08/images/gq234.png,c3f6407230af283fbf805380a26f8729e9de5ffb9b33e3875804cb10a2791205,train,case_group_connection,09,val,task08/images/410.png,5460261be905bc0662b19f576dd3f2a13a66bac4d15935e9bcff4bc424469ae4
08,gq236,task08/images/gq236.png,dbe07a0fde018ba0e6d837bfad36d0faba93679baa9ee45bc06afc8a7eb4c0d0,train,case_group_connection,09,val,task08/images/414.png,9cfcb9365d95d8e483bff0976356f5d99537103c8eb6f79ed3523ab171b0fd9a
08,gq238,task08/images/gq238.png,50abb368f91d19d1b8d5ca0154ab5fae6af1bef1d9a183e2a2d572de77ab2118,train,case_group_connection,08,test,task08/images/418.png,98e780c9c35d3311257c4a4ced043202915bb3d111296c9a08726335c2613b3e
08,gq24,task08/images/gq24.png,1481e0142b3e3ffc3dbcca1fbd64a2f5f6c339d64f6bce192ce917d3a2359009,train,case_group_connection,09,test,task08/images/gs24.png,d2da300b161c82daec6d40e7844c2de37d9266d7225a5a95f2ca572edb8f0e8d
08,gq243,task08/images/gq243.png,aaef7a0dad21ec2c81de2228460fbbeb1e99ac13a64806c84319bde7ec710fae,train,case_group_connection,09,val,task08/images/419.png,d18c8c4e4cd9e9cd0178747b8d30035d32a943930f04b023ee0a0ab499d08f71
08,gq246,task08/images/gq246.png,25ca5e899e61f726dadd80b44fe1845e8954efbeb258581badc15f3bf38b2e9f,train,case_group_connection,09,val,task08/images/421.png,2352e5a41b1db2bc764dc739143199a875659ffde5e6f9e2c72771a069d1c161
08,gq248,task08/images/gq248.png,5245834b73f52cf93e67695328217123e1e01078e5170668d78bdb67b34217f3,train,case_group_connection,09,val,task08/images/424.png,1a883725ededf4db666e97f5a9bab45ecfb571abfa68faec7a6c9b6fe4c3e72c
08,gq25,task08/images/gq25.png,f74368d9df6800104b671958a1cbc102fce484b80dc9fba067b4b9d7d1ed501d,train,case_group_connection,09,test,task08/images/gs25.png,4a5d604e097ce95bc5224f97dfe13b0c007cd0ac4a097e970dd8f5d2372e0900
08,gq252,task08/images/gq252.png,2d977922c20bc0c72ae0953482e67464aec7156f3f9fb66cc1fcb7d922602b24,train,case_group_connection,09,val,task08/images/428.png,aef256842c3db03dced7ba9851fbae446c6b36cc9e149b13db4bf641a6801f2a
08,gq26,task08/images/gq26.png,2adb97bc2fb4ddc4563eee8a32121cd171c880a79e11c79ce969487f1df46420,train,case_group_connection,09,test,task08/images/gs26.png,989787fbe8b1d6537bb21890c44e30a9093183af1c2c5dd2bda98907617c1ca9
08,gq260,task08/images/gq260.png,06adde8cb695d1131d026042dc35c67b2ed45190dc01189f61954343ad69b190,train,case_group_connection,08,excluded,task08/images/260.png,ce8488b1d00af9df1c29f805380349f828f09d83d50bec285ad57a3f387e2614
08,gq263,task08/images/gq263.png,f3be9cc1cd40547992df28330ac890289590a30f78fe311982e7e09bd67bae27,train,case_group_connection,09,val,task08/images/444.png,f778c5739c47acf260417b5d8120e19c06330b48f29a62af4168a3575e755bca
08,gq266,task08/images/gq266.png,ebcd6d4b3c7285db88c813686e17c0298c48100d7fdfb038b8959bcc7c21b3c2,train,case_group_connection,08,val,task08/images/446.png,8fb440ba6c12506c4e4731a7be69b0bb2c8dd875e19b14f53dcc8fa1d215fa51
08,gq270,task08/images/gq270.png,c519377fd83ded141e6fd6dc82e31613794ad02367486541bda0eb226f0f2a39,train,case_group_connection,09,val,task08/images/449.png,51cbe21f6e4e2ec8a038c078f769ee57497a586f3816ebbac12fb997e0a0bffe
08,gq276,task08/images/gq276.png,f488106119dc73ff232dc8e18d285224d0c9feab04dd20b3f9ec4945af00792f,train,case_group_connection,09,val,task08/images/452.png,a58bcccd09be1931b67606c38d686e2c14d36105eacd9957b55e14e6707c97b4
08,gq28,task08/images/gq28.png,a1ddde580951baf494231595b9afae4499b56bfe1fbed539c26efbacc0a709b1,train,case_group_connection,09,test,task08/images/gs28.png,4e152a2a399e0a5cc130fd6ed50c9783fc5f569d42d8f9b27767d70fef8a7128
08,gq281,task08/images/gq281.png,46d88792f5552d75e7cfc8e7ca81421833f2a10894c5fa54eb08f6f3f0d6bfd5,train,case_group_connection,09,val,task08/images/455.png,7cf5b95d067f01854e53f500c00c2911b69e5e77125fa5b7cc58f7ca89a12530
08,gq282,task08/images/gq282.png,f7007ef2a5da256eae22f53fe9b9ee6c5554eaa3548cea78e3af81f2b3102ec1,train,case_group_connection,09,val,task08/images/457.png,dfc3c956dd53d2f9901a5aa20b57426c800979089785e2c204fca25ea78f2afd
08,gq287,task08/images/gq287.png,d82b0a2c595f2ece10b464223ed9aa8f8c632716b4b8bfedced2e74e093bcc74,train,case_group_connection,09,val,task08/images/461.png,4436895572a5da4c33751b29440ee5f51cc4b4fab53f9dc4098f56e1792002be
08,gq29,task08/images/gq29.png,7274214801d757481acc21aa0ba97862097b0fc59f5e838f5b1e9c8fbe27d29d,train,case_group_connection,09,test,task08/images/gs29.png,13291564d1a0a4f3eddbced0147edd6441994a43c95e10101db1d6e483127c3c
08,gq291,task08/images/gq291.png,4f27d1655f431de4621075028441134226c0c951c334a710f007152f15360d4c,train,case_group_connection,09,val,task08/images/464.png,7815fc41b656bba9174bc664a91172efb97a4b8fda37a6282d670bc4bb974da6
08,gq292,task08/images/gq292.png,bffeccf0301bde4542dfc7e1aba7e7bab4d2b15e213d669cba569273d619ff8c,train,identical_sha256,08,test,task08/images/gq212.png,bffeccf0301bde4542dfc7e1aba7e7bab4d2b15e213d669cba569273d619ff8c
08,gq293,task08/images/gq293.png,2f3b75cd6a03e14428e366768fbd0f8d4b881532fcea4ab5a4c49dd4d57f6c79,train,case_group_connection,08,excluded,task08/images/151.png,035b642622cab065adac34df2fb200462e66389919038a0744de1d3ebae40de2
08,gq294,task08/images/gq294.png,0953d6a5c345bbc1fc1446d3ada64fed38ce509bd53efbc2377b64e59f060ec3,train,identical_sha256,08,test,task08/images/gq152.png,0953d6a5c345bbc1fc1446d3ada64fed38ce509bd53efbc2377b64e59f060ec3
08,gq30,task08/images/gq30.png,5f8f36a0c260b79bc12d927e4a5c7d8eec6bfad6445c1756227ca80e290e1f95,train,case_group_connection,09,val,task08/images/gs30.png,401ba3c3c33c572491645b593688430509afa3eda36523122898f9c7e5ef1492
08,gq300,task08/images/gq300.png,55edb2fe30aa9939515137a11ac3e9ae1abab501e9621ca2dff1594b2e979901,train,identical_sha256,08,test,task08/images/gq154.png,55edb2fe30aa9939515137a11ac3e9ae1abab501e9621ca2dff1594b2e979901
08,gq304,task08/images/gq304.png,30853a86ba4de2722e5515870b3ccbee3f05fbdb8ba1ae7d55dfafb62c811ba0,train,identical_sha256,08,test,task08/images/gq156.png,30853a86ba4de2722e5515870b3ccbee3f05fbdb8ba1ae7d55dfafb62c811ba0
08,gq305,task08/images/gq305.png,d5cd376d19a890533aed05b6eb66c9549822606797f0bcfe6f255273fed694af,train,identical_sha256,08,test,task08/images/gq158.png,d5cd376d19a890533aed05b6eb66c9549822606797f0bcfe6f255273fed694af
08,gq308,task08/images/gq308.png,d7f99add4ea93512c97ab7588d2a5318ee95c8f2643a99dc6db9935791f829fb,train,identical_sha256,08,test,task08/images/gq159.png,d7f99add4ea93512c97ab7588d2a5318ee95c8f2643a99dc6db9935791f829fb
08,gq31,task08/images/gq31.png,cab944b299352fb17dd5e5f22ce4ca5f0a46434a9cc0a82f586e0aa3db854cf1,train,case_group_connection,09,val,task08/images/gs31.png,14afcf9220841c94d931dd249f784ef1ae6957dec84ef15353850e46dd2a173e
08,gq311,task08/images/gq311.png,423fcb97365987d921babde0f0806b638db5bf5e85d52c1c1747d7a016ed261e,train,case_group_connection,08,excluded,task08/images/311.png,e2d27fa19ac50efaa5138f3cc07562c0fc3a8feafd600e58d6af77ff298878f7
08,gq313,task08/images/gq313.png,7ec06ec17f330f99f2b75dcf480aa6445cfea72e99adf1655f9fd1623bf44197,train,case_group_connection,08,excluded,task08/images/313.png,c50ce450b5a2bb50d9338ff8cc811968a5f17bcb9616ef929175bc0624e90b2c
08,gq314,task08/images/gq314.png,cec7876616e6a26cbd838d301fe8adf883bd521cdfcb1a8e6e4764695a37235c,train,identical_sha256,08,test,task08/images/gq163.png,cec7876616e6a26cbd838d301fe8adf883bd521cdfcb1a8e6e4764695a37235c
08,gq317,task08/images/gq317.png,40fac05875139429d440886ca295f37b593f6a7fbf0e8c1070a21ea1004f8751,train,identical_sha256,08,test,task08/images/gq165.png,40fac05875139429d440886ca295f37b593f6a7fbf0e8c1070a21ea1004f8751
08,gq320,task08/images/gq320.png,72b7e25c2d8e01c674953cc82201c1029d1ec3fbcb6d108015198e5bce8c9e34,train,identical_sha256,08,test,task08/images/gq167.png,72b7e25c2d8e01c674953cc82201c1029d1ec3fbcb6d108015198e5bce8c9e34
08,gq321,task08/images/gq321.png,f5f493676772bd6196d826ba44e7d9e11ef4950dc8391d24695a06988026bf3d,train,identical_sha256,09,test,task08/images/gq321.png,f5f493676772bd6196d826ba44e7d9e11ef4950dc8391d24695a06988026bf3d
08,gq322,task08/images/gq322.png,07b891b19d63475bca38610129da3ae92f558dea265948087b8ade6279ec76f0,train,identical_sha256,09,test,task08/images/gq322.png,07b891b19d63475bca38610129da3ae92f558dea265948087b8ade6279ec76f0
08,gq323,task08/images/gq323.png,8721ebc7e3b93f68987d2dad1bab775bb0a4262b33b01ab3ee31e1cacb0740e1,train,identical_sha256,09,test,task08/images/gq323.png,8721ebc7e3b93f68987d2dad1bab775bb0a4262b33b01ab3ee31e1cacb0740e1
08,gq325,task08/images/gq325.png,fb3217603aab7e2093fd9f8447313502eb4eac45c726b74edc896b38500b2ded,train,identical_sha256,09,test,task08/images/gq325.png,fb3217603aab7e2093fd9f8447313502eb4eac45c726b74edc896b38500b2ded
08,gq326,task08/images/gq326.png,bd81b68551863d351dda97817acdb74e685da5bd451108e3ce6c2170d4447d53,train,identical_sha256,09,test,task08/images/gq326.png,bd81b68551863d351dda97817acdb74e685da5bd451108e3ce6c2170d4447d53
08,gq327,task08/images/gq327.png,1e356379c8e9e8547d8ea3cfd6f56c0bb1c84ea21de377a228d8d846ff38754f,train,identical_sha256,09,test,task08/images/gq327.png,1e356379c8e9e8547d8ea3cfd6f56c0bb1c84ea21de377a228d8d846ff38754f
08,gq328,task08/images/gq328.png,b8ff469b296d8cab5e7ca9618d0e9e3c42492ea4f3c2546add330b07284ea4dc,train,identical_sha256,09,test,task08/images/gq328.png,b8ff469b296d8cab5e7ca9618d0e9e3c42492ea4f3c2546add330b07284ea4dc
08,gq329,task08/images/gq329.png,a3eba82a68340f0f380382327e69fda5657d34bc75ad1d9a94bd667c6cc80927,train,identical_sha256,09,test,task08/images/gq329.png,a3eba82a68340f0f380382327e69fda5657d34bc75ad1d9a94bd667c6cc80927
08,gq33,task08/images/gq33.png,1df6444dab7b0f58e8bce9ff1ab109596839d70ad6e11ae0f75ca232cefb91f7,train,case_group_connection,09,val,task08/images/gs33.png,9ad6e31ad8d931f65e90a2f8f80fea3718486b70f8a5a2664d5b38ec6c278a79
08,gq330,task08/images/gq330.png,fc7172ae7a9533dec4fe160e0cdc255f12b9f74a2c5205490599a14d1dd436a7,train,identical_sha256,09,test,task08/images/gq330.png,fc7172ae7a9533dec4fe160e0cdc255f12b9f74a2c5205490599a14d1dd436a7
08,gq332,task08/images/gq332.png,7fd23bbb57dfb293eb7dc3a96e6b2d2e246c9e49f672476e137ffb2eb6d2b9a7,train,identical_sha256,09,test,task08/images/gq332.png,7fd23bbb57dfb293eb7dc3a96e6b2d2e246c9e49f672476e137ffb2eb6d2b9a7
08,gq333,task08/images/gq333.png,49315e6bc7a0f1cfccfc05cf7d59dfc710b2e2b4c2805844d544621e41573f02,train,identical_sha256,09,test,task08/images/gq333.png,49315e6bc7a0f1cfccfc05cf7d59dfc710b2e2b4c2805844d544621e41573f02
08,gq334,task08/images/gq334.png,adc754d03a8ce922776ef281262485c936c7b740a81f6262194db8df516ecba1,train,identical_sha256,09,test,task08/images/gq334.png,adc754d03a8ce922776ef281262485c936c7b740a81f6262194db8df516ecba1
08,gq336,task08/images/gq336.png,4f5aed1d3387ba479685fca4f7c410b3cde315eb48192e1c77f56f350f2b61df,train,identical_sha256,09,test,task08/images/gq336.png,4f5aed1d3387ba479685fca4f7c410b3cde315eb48192e1c77f56f350f2b61df
08,gq337,task08/images/gq337.png,f00609eb57cff2931aa8db1e5cdeb33b24fa2c6a7d6bdb545e20d99948f71029,train,identical_sha256,09,test,task08/images/gq337.png,f00609eb57cff2931aa8db1e5cdeb33b24fa2c6a7d6bdb545e20d99948f71029
08,gq338,task08/images/gq338.png,5add1c6acfd0159238c36ef3293d3bb53b69da3175e9894bf2abe519a62cbff7,train,identical_sha256,09,test,task08/images/gq338.png,5add1c6acfd0159238c36ef3293d3bb53b69da3175e9894bf2abe519a62cbff7
08,gq339,task08/images/gq339.png,72192773b2203c900920f7be340d8e41d3fd6f112c5ee47f3ce4dbce282a65d1,train,identical_sha256,09,test,task08/images/gq339.png,72192773b2203c900920f7be340d8e41d3fd6f112c5ee47f3ce4dbce282a65d1
08,gq34,task08/images/gq34.png,03d784b5f1d9dbfd822db186399caf1d5dded61b197f428309637dcf572214b3,train,case_group_connection,09,val,task08/images/425.png,d29817a6f0eba50facc5252e37b6cd94be2f4318ad21dc01c31d8e3db9ef9e67
08,gq340,task08/images/gq340.png,5732dfaac8dac8eb4a441032ea7dc9aaa816e7ab2b882634ead1d3b03b120c56,train,identical_sha256,09,test,task08/images/gq340.png,5732dfaac8dac8eb4a441032ea7dc9aaa816e7ab2b882634ead1d3b03b120c56
08,gq341,task08/images/gq341.png,95174598fa38ffc57850fecb85708f3a44f8af5b2817693ec1e40d71f25ccc5c,train,identical_sha256,09,test,task08/images/gq341.png,95174598fa38ffc57850fecb85708f3a44f8af5b2817693ec1e40d71f25ccc5c
08,gq343,task08/images/gq343.png,463429bbf0fc11d813f71ff777e659d4cfa7d75c6a273a31e6e2c54a2c56b6a3,train,identical_sha256,09,test,task08/images/gq343.png,463429bbf0fc11d813f71ff777e659d4cfa7d75c6a273a31e6e2c54a2c56b6a3
08,gq345,task08/images/gq345.png,9be2fe6ef389042f1046d0d0660e5a08e5043910a42b465622c1b790bd8f723f,train,identical_sha256,09,test,task08/images/gq345.png,9be2fe6ef389042f1046d0d0660e5a08e5043910a42b465622c1b790bd8f723f
08,gq346,task08/images/gq346.png,5dd94f91efd6abe88084b20dffa2fc60c3896339d3c665fd9603fa9dca5c4f43,train,identical_sha256,09,val,task08/images/gq346.png,5dd94f91efd6abe88084b20dffa2fc60c3896339d3c665fd9603fa9dca5c4f43
08,gq348,task08/images/gq348.png,aeedf311352c361ac973d53aa6f8a00204df1c77e95317b368f64f9a3c481a66,train,identical_sha256,09,val,task08/images/gq348.png,aeedf311352c361ac973d53aa6f8a00204df1c77e95317b368f64f9a3c481a66
08,gq349,task08/images/gq349.png,120dd16fe4e5dcb86360fbe45d0773dfbcecdaf1ecd726ff5629ceaf93c964ef,train,identical_sha256,09,val,task08/images/gq349.png,120dd16fe4e5dcb86360fbe45d0773dfbcecdaf1ecd726ff5629ceaf93c964ef
08,gq350,task08/images/gq350.png,a4f214bb38f61175652e197ca47735f2ba7f14c58009c0c5ddc9e5a16e2f71f2,train,identical_sha256,09,val,task08/images/gq350.png,a4f214bb38f61175652e197ca47735f2ba7f14c58009c0c5ddc9e5a16e2f71f2
08,gq351,task08/images/gq351.png,deecfac2e2b940be1ef62f6f52915d0ddb2a0cf6c204740cf497fe5ddee9457d,train,identical_sha256,09,val,task08/images/gq351.png,deecfac2e2b940be1ef62f6f52915d0ddb2a0cf6c204740cf497fe5ddee9457d
08,gq352,task08/images/gq352.png,754a2b136eda950994fd363f225c17ac5dced093335f1b8f4288f27222f38231,train,identical_sha256,09,val,task08/images/gq352.png,754a2b136eda950994fd363f225c17ac5dced093335f1b8f4288f27222f38231
08,gq353,task08/images/gq353.png,9073d53b67ea204a7c6528620653c0f82f2a8859e6ead4e9c8b9d7fa33dc4e4b,train,identical_sha256,08,val,task08/images/gq181.png,9073d53b67ea204a7c6528620653c0f82f2a8859e6ead4e9c8b9d7fa33dc4e4b
08,gq354,task08/images/gq354.png,9a5ac1662f7851881f48f403a4245aa8c468030f1a0fdf87cbca0669147decc1,train,identical_sha256,08,test,task08/images/gq182.png,9a5ac1662f7851881f48f403a4245aa8c468030f1a0fdf87cbca0669147decc1
08,gq355,task08/images/gq355.png,bd17060a52512daa4b25acbb9f76b0675e4bdb0bd25c2d195042402e647ceebd,train,identical_sha256,09,val,task08/images/gq355.png,bd17060a52512daa4b25acbb9f76b0675e4bdb0bd25c2d195042402e647ceebd
08,gq356,task08/images/gq356.png,e825a7c182064b53b57bbe188699fd3b1c744a6552f5bc246ba28510d65e727a,train,identical_sha256,09,val,task08/images/gq356.png,e825a7c182064b53b57bbe188699fd3b1c744a6552f5bc246ba28510d65e727a
08,gq357,task08/images/gq357.png,67b96de0fbd69ad7b374b7f43582bf8fea724e3610e148f7660c59d1b0ecf91c,train,identical_sha256,09,val,task08/images/gq357.png,67b96de0fbd69ad7b374b7f43582bf8fea724e3610e148f7660c59d1b0ecf91c
08,gq358,task08/images/gq358.png,0f13f81faf68f6c847167d7d2c5df1b0047d2b6e9d5314da129339291a23068a,train,identical_sha256,09,val,task08/images/gq358.png,0f13f81faf68f6c847167d7d2c5df1b0047d2b6e9d5314da129339291a23068a
08,gq36,task08/images/gq36.png,85dc9165ebbb6e6ca237c1baea8720fd22c956089f166576707084e41005dee0,train,case_group_connection,09,val,task08/images/gs36.png,cb6483605bfeb9932d579f30e952760165dfbc2dfefb2459116d5116216b390d
08,gq362,task08/images/gq362.png,05d43ee028d4a3325674f41120df42203fd32a182ecbd3b19d72aac1894230f4,train,identical_sha256,08,test,task08/images/gq185.png,05d43ee028d4a3325674f41120df42203fd32a182ecbd3b19d72aac1894230f4
08,gq363,task08/images/gq363.png,14ff99b11954851c5ce8481783541288d6ffd073f5b00665e53c113e1305a12c,train,identical_sha256,09,val,task08/images/gq363.png,14ff99b11954851c5ce8481783541288d6ffd073f5b00665e53c113e1305a12c
08,gq364,task08/images/gq364.png,df7a9cef196ef3051610ccbb26d8197e13865b056c9aa0a8753944bd7f9f2167,train,identical_sha256,09,val,task08/images/gq364.png,df7a9cef196ef3051610ccbb26d8197e13865b056c9aa0a8753944bd7f9f2167
08,gq365,task08/images/gq365.png,664b94300466808eba395ec19c569b7c3cf95d28d86b4ad71199b8c9db0da9a1,train,identical_sha256,09,val,task08/images/gq365.png,664b94300466808eba395ec19c569b7c3cf95d28d86b4ad71199b8c9db0da9a1
08,gq369,task08/images/gq369.png,bee5d8e64241dbe9c65dc238bd97bd3b9fa375eacccb9bb90fa65ddbddffcc45,train,case_group_connection,09,val,task08/images/369.png,cad6090439affd5e0f2b3ece1e16509f379d5446f8f9d026f4f03cb3d194961b
08,gq37,task08/images/gq37.png,d70cb0e9aca11d9440ea21209692ebd026fc8531390dd17bac41336f8f3590a6,train,case_group_connection,09,val,task08/images/gs37.png,6501e9e7eac3cda46470e0aff3aa8cb524465f8ddd31817f5980998fde83bdde
08,gq371,task08/images/gq371.png,a8e94ae88a1d3cc4f5ad32614ee8e4cec05df1360fd550fbf395e2299bde1cad,train,case_group_connection,09,val,task08/images/371.png,700851a4ccdaf38a7d31d391b35c777b9589a7bf09cff48d916690d59f349b1e
08,gq375,task08/images/gq375.png,833f5ac4c18a210d1081c469c29325dea7efadc6116243bf19d1d008045bcb36,train,identical_sha256,08,test,task08/images/gq195.png,833f5ac4c18a210d1081c469c29325dea7efadc6116243bf19d1d008045bcb36
08,gq376,task08/images/gq376.png,d2b3be973c8ebd968566a007edfeb859aef2119953dba445c02472ed16f22a78,train,case_group_connection,09,val,task08/images/376.png,5c1d4d87f41d5f39a5f33db8e926e361ca2381c8b5f52467c2c408d06d49f032
08,gq378,task08/images/gq378.png,8cffb4f9fa5589468d7e812f27acb3dea16317db4702ab1e620787d6e785d487,train,case_group_connection,09,val,task08/images/378.png,b0407c60763edde22c8f2541a23c11598186a47b3fe69b5d4768d682b0f22b0d
08,gq380,task08/images/gq380.png,e06ae692d5d2eade6c79f196b7967ef87216acc98d6c43920c55fa824f50c34d,train,case_group_connection,09,val,task08/images/380.png,118c75888fcbc593ab513d195b271fab7228554b6c6070a1930fca5d84ccb0df
08,gq381,task08/images/gq381.png,b16e9937af7ad440e12519a86c183cfec71d8b16da537bf831bda88bbb05b768,train,case_group_connection,09,val,task08/images/381.png,082c594bc19fbeda26a924abc5121cd536dd2a82c6ad5acc709165cde2c7d93b
08,gq382,task08/images/gq382.png,2ed59c95bb5b382002d63708f10dfa0c45d2829cc176391c4421a2493b37386b,train,case_group_connection,09,val,task08/images/382.png,b27b6ad6da145b523ad593d651d7a0e026e9a2333bad5d7373cd9303237e58f8
08,gq383,task08/images/gq383.png,6f4a19a3ac436c4222da78c23c5ecaaf10c4096082e350941608cc02ac96f084,train,case_group_connection,09,val,task08/images/383.png,9cde9239c733629b3db3bed935e8b729e991a1811e6b6fa8510d92e660a78008
08,gq384,task08/images/gq384.png,c80624fba2d4284b4a47dbfafe7347bf479e58977be55d4f433fc440df28bfe8,train,case_group_connection,09,val,task08/images/384.png,1244900e603e83df3a98c28faef76f6d4b84e336388748de17ae7cc9d84d4f6c
08,gq385,task08/images/gq385.png,6a2bd9fa57e2fe0689929b86247f1e5931343f7a5bb8b5fc45e796570fb62643,train,case_group_connection,08,test,task08/images/202.png,0a4b8f8a35f19fdea57b92d7f6f2c53c3a2c7fe354d2b52ce6c938444cab4fab
08,gq387,task08/images/gq387.png,cf303eec58334ed8aa47b0f330f56aed278cfb16f59f0ca183f2a8e14aa9b474,train,case_group_connection,09,val,task08/images/387.png,2fbd7346fa7bcae914e4fbb703fea754633325a996b9bdb2cfcd63afe0affd26
08,gq388,task08/images/gq388.png,e1660e1b11783b6011c486c56f44d122de1b3e04169cec580cc5a539726ad304,train,case_group_connection,09,val,task08/images/388.png,f77ef341195fbbbfefb19bcc550b9e319ccdc0235a7f88636451fff9bc35a672
08,gq389,task08/images/gq389.png,5e0925f7a79d4040905d936d5c113152de1b25fc1cd179ccbe6ae30696bfa41f,train,case_group_connection,08,test,task08/images/207.png,4a276ec433fead6222f2d2a8cf71d9597c3a6efef2bab8c05bc7984b04990c15
08,gq390,task08/images/gq390.png,1b14aaa12afb962b28ee5acc20a34df7e18e6eb586f0a6f101b4b3bfa6b97f14,train,case_group_connection,09,val,task08/images/390.png,43c0d83f2ab4d90c6cfe67a876c5819bbbee8f7b3bf45f386d16fee20360274f
08,gq393,task08/images/gq393.png,e0ea630bfcb0a6ce45c2bc2c3692396c47741d6fc9779fe63122ddfd2601d524,train,case_group_connection,08,val,task08/images/211.png,446e48a942df0bcc9fcf5c7d23de43c7fb9e864ecc930df141d57c9abf064e39
08,gq395,task08/images/gq395.png,38f326e27239c50cac2e3adcb9099fc3b143bc7f8d5a3cac1707faed61be2746,train,case_group_connection,09,val,task08/images/395.png,82e8855c1ca0b569e607eed699ab22f694e6efbc6ace001b474ad5f806ee86ea
08,gq396,task08/images/gq396.png,bd2f37ba27eaa03ce9306b73cdd15af9fff4ff205ee9c3f403ea433f47a34203,train,case_group_connection,09,val,task08/images/396.png,151ddc1b215970bcf321430dfc4ded0480cdaf38a46b4c0fafa9952e3241c9fa
08,gq397,task08/images/gq397.png,11340c8b666ce84d79c72c0c5a0e025d33152a17b0c5bb8396ddd07d226064dc,train,case_group_connection,09,val,task08/images/397.png,5acf15b1580af349f0cb4ecd420f2e19fbb8518fffb3126037ee2373230de7df
08,gq398,task08/images/gq398.png,52e1ced91e27bf455cabb3815543e58b84eb15a3595a8ced95d59d37465eacf3,train,case_group_connection,09,val,task08/images/398.png,cf693b08c25b4e3923cb3f9d6484a8be51afc5a04e14ea2bf62a4184a9618a99
08,gq4,task08/images/gq4.png,68045b53ebbe4c9c5af5c0e9c5dda996c549b738605e79fbc78d8c05cb001791,train,case_group_connection,09,test,task08/images/gs4.png,802167485c3baaa813e2bb2144d8e760876ea4a3dec00d5a74943f77e2a33e54
08,gq40,task08/images/gq40.png,6192ffecaa3754d89fd0446228219b055cae00282026f4d16433a5f983fc3435,train,case_group_connection,09,val,task08/images/gs40.png,5032c7209112387f698e24ecba30bafea431306ea1cafc7ce5c38c018dc07a48
08,gq400,task08/images/gq400.png,d66757c2861f75ce5be453046333450de6a0651f30f18052111be3b454c63f00,train,case_group_connection,09,test,task08/images/gs9.png,d9f217f12c057028b3a0b3ab18d613716591bb3f81968b0b5d2a2a3792dbbff5
08,gq402,task08/images/gq402.png,29e986ffa9bb937254383fc3208054ee7bd9ec934fc3aa74ad797e8f470b20b1,train,case_group_connection,09,val,task08/images/402.png,957b58433eb49ca352ce7a42be7aa8172bbebc4e56271316a506e2e55e3964f3
08,gq404,task08/images/gq404.png,52f2fd44836d8dda13a4a9dc72bf23c402f4393f8d5591080e7a92b5c268772d,train,identical_sha256,08,test,task08/images/gq231.png,52f2fd44836d8dda13a4a9dc72bf23c402f4393f8d5591080e7a92b5c268772d
08,gq405,task08/images/gq405.png,2fa880f87f102694038cdd20e563031f79146954c91b57beea8dfd95489fe466,train,identical_sha256,08,test,task08/images/gq232.png,2fa880f87f102694038cdd20e563031f79146954c91b57beea8dfd95489fe466
08,gq406,task08/images/gq406.png,b8e9db2ca23ee30fbd642d814d405d63d8a5b8e37e3fcb7e728390354ec4ba14,train,case_group_connection,09,val,task08/images/406.png,84cf5631c9fff962b9ed26c820a9ae491a5f8c6bb2eb74307610f00f6d57cd10
08,gq407,task08/images/gq407.png,6ddf97314e416301ab23ba7c4c2531d322779c3849f7c6824bb3e246e47782f8,train,case_group_connection,09,val,task08/images/407.png,62311483123e423e1b04ed03c78c4afb6b7b07aba2dd23f2eb35701cb8483dc6
08,gq409,task08/images/gq409.png,b182cf476ce89c666d7e8da68e5cd6f38a043aeff709f0aa01a25c86a771cfb7,train,case_group_connection,09,val,task08/images/409.png,085b2e2fe208e0f04c1bda911db6d3a9ba20edb5170e7d77d9c219fdd1d2776f
08,gq410,task08/images/gq410.png,c3f6407230af283fbf805380a26f8729e9de5ffb9b33e3875804cb10a2791205,train,case_group_connection,09,val,task08/images/410.png,5460261be905bc0662b19f576dd3f2a13a66bac4d15935e9bcff4bc424469ae4
08,gq413,task08/images/gq413.png,82240cd271c34926f5b25c118c7aff3803923be10bfeab8a8c8cfbf19ebd4fcd,train,case_group_connection,09,val,task08/images/413.png,f551f1911fef6b71bcec8abf2f5d02b49ba44e86a83461a9ed50cf6db434b2e5
08,gq414,task08/images/gq414.png,dbe07a0fde018ba0e6d837bfad36d0faba93679baa9ee45bc06afc8a7eb4c0d0,train,case_group_connection,09,val,task08/images/414.png,9cfcb9365d95d8e483bff0976356f5d99537103c8eb6f79ed3523ab171b0fd9a
08,gq415,task08/images/gq415.png,4719c5c58df8dc968d9a5e9b09f66dfa02967996afa396d54502c1abb0290bdb,train,case_group_connection,09,val,task08/images/415.png,b81f469ca9fbf5d9365ee3dbae60e9c13b4bb0a2e68fdc204d45fc16dd410033
08,gq43,task08/images/gq43.png,ad9f017a07dd7aae75b880e095d773f7274c874ccf9bc53857d0f320cb757f95,train,case_group_connection,09,val,task08/images/gs43.png,9b6d2c040991af91304c0980f44f4641508a74707647816d179ccec5a1001421
08,gq44,task08/images/gq44.png,bda0cb05ce299d0ae04bc4d7f7b6e08c627fe282ed617a4e2918ac203d509613,train,case_group_connection,09,val,task08/images/gs44.png,a9eea8c027c2cd6d3a52a2c73cc9d05c36435c11f1d2364f23a82a32bc36f527
08,gq45,task08/images/gq45.png,91936aba6caca1e629cec807cadf270022566ed4fd9ed602aa3ff17cff24f7af,train,case_group_connection,09,val,task08/images/gs45.png,c6e037cecdae8479f2130a6002eae8da6d13ced153352c0e9c35067480cc7a2f
08,gq47,task08/images/gq47.png,67c4bc1d8e5e180d6d292df2c91987bc10813925f06078cffba61f518a386dce,train,case_group_connection,09,val,task08/images/gs47.png,f2ac7db017bd4bdd463c86c3674c378d61ef5588c2049d058c7e3fa37303b4e7
08,gq48,task08/images/gq48.png,3047d07706c525337481ac587c737a87b84cd76c7827efa7dc8875fa8e727316,train,case_group_connection,09,val,task08/images/gs48.png,5bdeac8c5babb2c6783517c8c58d56f27c6a22c67ae4645117089634ddf87907
08,gq49,task08/images/gq49.png,3d33b859bc7b79d6c6c164b43ba6a53472d5442f9532a3ff78430520e046c0d9,train,case_group_connection,09,val,task08/images/gs49.png,7933d0cda7105b7fc683bc0fb30e0d37e71b1a3ca1c708ad546daa4d7b84d59f
08,gq50,task08/images/gq50.png,550542bac13ef8b92f0f2432e6df596a264d5f4de9948f692f6d126ab75f8f75,train,case_group_connection,09,val,task08/images/gs50.png,7933129689bd09375c4f3d9ab21d60f811b19ec864dcf5353fba215e3795a2a6
08,gq54,task08/images/gq54.png,284621730ec795f748a109af3ef559a97bebc3fe7e0a2bd3dd5c7a4ccfdd3e0e,train,identical_sha256,08,val,task08/images/gq122.png,284621730ec795f748a109af3ef559a97bebc3fe7e0a2bd3dd5c7a4ccfdd3e0e
08,gq9,task08/images/gq9.png,d66757c2861f75ce5be453046333450de6a0651f30f18052111be3b454c63f00,train,case_group_connection,09,test,task08/images/gs9.png,d9f217f12c057028b3a0b3ab18d613716591bb3f81968b0b5d2a2a3792dbbff5
08,gq99,task08/images/gq99.png,8df88f4144d85142fed5cd20343940f860468ddf9b38248d12077a1fd567a95f,train,identical_sha256,08,test,task08/images/gq411.png,8df88f4144d85142fed5cd20343940f860468ddf9b38248d12077a1fd567a95f
08,gs10,task08/images/gs10.png,b9f3f2823245a991bd03d16f8b03d7d087bc8e53d23bde15fb0eef2e0377f79d,train,identical_sha256,09,test,task08/images/gs10.png,b9f3f2823245a991bd03d16f8b03d7d087bc8e53d23bde15fb0eef2e0377f79d
08,gs103,task08/images/gs103.png,e10288e97df6f18a077162452c08b0bc24f577fdbafa9e7c7f74cd36d2d60763,train,case_group_connection,08,excluded,task08/images/gq103.png,89ee6db404190a0c8146de94f260a8bac69cf37185928a6020f50ef092c549e6
08,gs104,task08/images/gs104.png,8bcad4c2bbbab866d2e503ce87f8fae18c1adfe09fa6eae52dbe2429bf1beb27,train,identical_sha256,08,test,task08/images/gs22.png,8bcad4c2bbbab866d2e503ce87f8fae18c1adfe09fa6eae52dbe2429bf1beb27
08,gs11,task08/images/gs11.png,8ad8045c0e1ce0cb43aaac6ac9088cfae3bce7104054d86561692829d841e0cd,train,identical_sha256,09,test,task08/images/gs11.png,8ad8045c0e1ce0cb43aaac6ac9088cfae3bce7104054d86561692829d841e0cd
08,gs110,task08/images/gs110.png,5c12cbd1060cbd93f3261bb4a4c75d565fc472818e79bceb248d746b80db45f1,train,identical_sha256,09,val,task08/images/gs34.png,5c12cbd1060cbd93f3261bb4a4c75d565fc472818e79bceb248d746b80db45f1
08,gs120,task08/images/gs120.png,8caafdd14d22183126649b8ad3200af7ef5fd95cc10d03a8374fd243dd9acd0f,train,case_group_connection,08,excluded,task08/images/gq120.png,0a221b12d5375ad6d06dffcc56cf9607a0c983fdd1b0d56cc331fde3dd95b914
08,gs124,task08/images/gs124.png,7261035df822c4825601c34a59bc51a737d52364c02bbae28841fde993ff9c39,train,case_group_connection,08,excluded,task08/images/124.png,ce89851bb75e45ac59ffd623ce848fdcc2b7262c03d7b36062d1240cdc4d00cd
08,gs13,task08/images/gs13.png,ee98cc509a5f60e80e7432685d9ddd1f346f2dfaa8cc7bfc59ea1e58844762f4,train,identical_sha256,09,test,task08/images/gs13.png,ee98cc509a5f60e80e7432685d9ddd1f346f2dfaa8cc7bfc59ea1e58844762f4
08,gs130,task08/images/gs130.png,7518020289dfa6f5d770d334a36f1f3239a3317568928ae8e345eb13c4f6a3e6,train,identical_sha256,08,test,task08/images/gs62.png,7518020289dfa6f5d770d334a36f1f3239a3317568928ae8e345eb13c4f6a3e6
08,gs138,task08/images/gs138.png,54f6a257bff781a2c4b91701ec683c4d05acb7f3968302bcf0d518ad92f584b0,train,case_group_connection,08,excluded,task08/images/138.png,8a105e1933a5c5a8b83b8169feaa397faae477351a1a190660e247bd030cf8af
08,gs14,task08/images/gs14.png,61387b5495abbf18c41e9f04e32ab3383a41fb795c04f69baa016044e216af61,train,identical_sha256,09,test,task08/images/gs14.png,61387b5495abbf18c41e9f04e32ab3383a41fb795c04f69baa016044e216af61
08,gs15,task08/images/gs15.png,c8ec00f3a16d85663b3fd35d1c9a981704128fb2af5e50828cb8d922df6930fa,train,identical_sha256,09,test,task08/images/gs15.png,c8ec00f3a16d85663b3fd35d1c9a981704128fb2af5e50828cb8d922df6930fa
08,gs151,task08/images/gs151.png,9046eae89c063633bc63c588826b5b51312eee81ba92af1522616825d3e50867,train,case_group_connection,08,excluded,task08/images/151.png,035b642622cab065adac34df2fb200462e66389919038a0744de1d3ebae40de2
08,gs16,task08/images/gs16.png,be675f55dd083a35950eff2b03d78239967ffa5a35824df2a4328210c2fc7459,train,identical_sha256,09,test,task08/images/gs16.png,be675f55dd083a35950eff2b03d78239967ffa5a35824df2a4328210c2fc7459
08,gs164,task08/images/gs164.png,a3577ed2f63091ba5aa43cf50be4378f7123908c90176ff269a102e5a5b5cbdb,train,identical_sha256,08,test,task08/images/gs315.png,a3577ed2f63091ba5aa43cf50be4378f7123908c90176ff269a102e5a5b5cbdb
08,gs168,task08/images/gs168.png,12ecea4346292f1b7fa882441b47755c97906953cf94d71a717c393c43a76e45,train,case_group_connection,09,test,task08/images/gq323.png,8721ebc7e3b93f68987d2dad1bab775bb0a4262b33b01ab3ee31e1cacb0740e1
08,gs171,task08/images/gs171.png,73d44aa3c1f8f944d895f4028052801f3f089489780fa5ef36a7c1343ad1404a,train,case_group_connection,09,test,task08/images/328.png,59744a74a75409ea41400844c8835ba7fadec760cd14622bbe5549b8738b4ab7
08,gs172,task08/images/gs172.png,736364cdd69a54197358426eeb88b3c8128678071a00c0e16d2609f404a8394b,train,case_group_connection,09,test,task08/images/333.png,b5e32dc60785bcc93186e0f0e4456ab6234d7079815f92c7d9a2c513ce0341aa
08,gs173,task08/images/gs173.png,25ca237dfb2bf6ba9d969a8f75a46ef76a5ad214e128b9f151a5d2be1068f518,train,case_group_connection,09,test,task08/images/334.png,2f46c399bb3aa5d6530a739e42b5b8ff12e4011d2af1894525403f06b7eaca00
08,gs174,task08/images/gs174.png,198e8a4701a79cf25643109c7ce5586a2f01fe01aba263b0a8b05aa77f7f7ed6,train,identical_sha256,08,test,task08/images/gs335.png,198e8a4701a79cf25643109c7ce5586a2f01fe01aba263b0a8b05aa77f7f7ed6
08,gs176,task08/images/gs176.png,316b1520efbfecf6f80e16a10e8e70a2e9e98448941e480229f01e2b5ac2cfff,train,case_group_connection,09,test,task08/images/338.png,6865f8371e3ef1a6b09c1b5de2983cb30a5c9492af4f27b95d833517ba7940f4
08,gs177,task08/images/gs177.png,8102261313ae7578133a42c541a4dca64e7c012a91069ab7568368a076cca77b,train,case_group_connection,09,test,task08/images/339.png,b8da4d815a5660fed2e1e869250a46b2e89a9ae1267206deabd023f686664a2d
08,gs178,task08/images/gs178.png,2ec8dd4af164c451bed902f888d175f29368192c9723a43edb0f3150e1561d3d,train,identical_sha256,08,val,task08/images/gs342.png,2ec8dd4af164c451bed902f888d175f29368192c9723a43edb0f3150e1561d3d
08,gs179,task08/images/gs179.png,dfe58d113d2ff454bd196a1cdc0a13df67adae24ec3684b8fbd4fb663f930661,train,case_group_connection,09,test,task08/images/345.png,ba7a9dde8b614d058175da36ea68e526733566616ed9ff3cc37cee9b71121644
08,gs18,task08/images/gs18.png,f8235bbb4cd1c34c0e11f36c6eba400d99d6a8671d55bfbe5176ab1a27585cf3,train,identical_sha256,09,test,task08/images/gs18.png,f8235bbb4cd1c34c0e11f36c6eba400d99d6a8671d55bfbe5176ab1a27585cf3
08,gs183,task08/images/gs183.png,247cacf0ab81443c790bf516620c55e01d83790560d60df25d21d899bfef284b,train,case_group_connection,09,val,task08/images/357.png,c681873d6d7314b5dc70f001351f2a7f4227068a9832c2ea328593a15db9acf2
08,gs184,task08/images/gs184.png,0b5c9a0d2c9d512e69ba81f50e01a7fffa1558179cf23232ff8fd62e97f9b4c5,train,identical_sha256,08,val,task08/images/gs361.png,0b5c9a0d2c9d512e69ba81f50e01a7fffa1558179cf23232ff8fd62e97f9b4c5
08,gs19,task08/images/gs19.png,f7226700a321b2d3cbacae9c5ca6a71170d497aaec18ec664d33300090d2322d,train,identical_sha256,09,test,task08/images/gs19.png,f7226700a321b2d3cbacae9c5ca6a71170d497aaec18ec664d33300090d2322d
08,gs191,task08/images/gs191.png,81b2dfac572f11a467a7dec99db12974ab265099a18207cac1e28002e4983438,train,case_group_connection,09,val,task08/images/371.png,700851a4ccdaf38a7d31d391b35c777b9589a7bf09cff48d916690d59f349b1e
08,gs193,task08/images/gs193.png,f6eb4cbb2097a112d7c8e92a4e5849e6b8cac0ccf2ea97c3878fadeec10f9cc3,train,identical_sha256,08,test,task08/images/gs372.png,f6eb4cbb2097a112d7c8e92a4e5849e6b8cac0ccf2ea97c3878fadeec10f9cc3
08,gs197,task08/images/gs197.png,3169d531fc1262dbec0813780052cd4618deefda3a454ac1f89f83a13fafcdc5,train,case_group_connection,09,val,task08/images/378.png,b0407c60763edde22c8f2541a23c11598186a47b3fe69b5d4768d682b0f22b0d
08,gs198,task08/images/gs198.png,b87c0b59610d94fd2feb10191e89261659128f9eaebc1be2c4c28b2832dd1ed4,train,case_group_connection,09,val,task08/images/380.png,118c75888fcbc593ab513d195b271fab7228554b6c6070a1930fca5d84ccb0df
08,gs199,task08/images/gs199.png,546c1b68787b073f4ba9b886842733b0c3d3ffdd5d0e95dcb65814d7e4a6feac,train,case_group_connection,09,val,task08/images/381.png,082c594bc19fbeda26a924abc5121cd536dd2a82c6ad5acc709165cde2c7d93b
08,gs20,task08/images/gs20.png,7c5f924e05d067270f72298dab1cff5c070f72c8587495f3c857cf2824081342,train,identical_sha256,09,test,task08/images/gs20.png,7c5f924e05d067270f72298dab1cff5c070f72c8587495f3c857cf2824081342
08,gs21,task08/images/gs21.png,7f237ba57227a915afc7806278142d685cbaf332a7d6c766f4f376541e218bef,train,identical_sha256,09,test,task08/images/gs21.png,7f237ba57227a915afc7806278142d685cbaf332a7d6c766f4f376541e218bef
08,gs213,task08/images/gs213.png,b74617a97127226c78d7a75448f6769cfea0e750aea3455c0bdec4afeb4b99ab,train,identical_sha256,08,val,task08/images/gs299.png,b74617a97127226c78d7a75448f6769cfea0e750aea3455c0bdec4afeb4b99ab
08,gs220,task08/images/gs220.png,b94c1959742eb9160be00463388e9fdf9bb20d64d0c928c112b75867494e5634,train,case_group_connection,09,val,task08/images/355.png,cd3c24e923f9d38272dbfeb4c2462840a1ca0f3b3916b01efd5a6eae2b6de5a2
08,gs225,task08/images/gs225.png,6c03781ce28f1e7d277fc68b0265fdac5e47720c8c30780cfdf7a3774f68aaab,train,identical_sha256,08,test,task08/images/gs394.png,6c03781ce28f1e7d277fc68b0265fdac5e47720c8c30780cfdf7a3774f68aaab
08,gs226,task08/images/gs226.png,cb55986518157533971224941ff5b0b699fe3059a95f1062a14cc6ee04137221,train,case_group_connection,09,val,task08/images/395.png,82e8855c1ca0b569e607eed699ab22f694e6efbc6ace001b474ad5f806ee86ea
08,gs227,task08/images/gs227.png,7bcaa40e9d5378edb3096d955d8fa3b1af0ab85e6a41e1f550b09347d0087848,train,case_group_connection,09,val,task08/images/398.png,cf693b08c25b4e3923cb3f9d6484a8be51afc5a04e14ea2bf62a4184a9618a99
08,gs23,task08/images/gs23.png,6dc8493d569a9c5dcdb50a65d5285a8c25eaa6242640c62f2a63906a1fbddacd,train,identical_sha256,09,test,task08/images/gs23.png,6dc8493d569a9c5dcdb50a65d5285a8c25eaa6242640c62f2a63906a1fbddacd
08,gs230,task08/images/gs230.png,9c827a231d3d49aee319e977f6a3342469c9862c643c498ea3f5982ff286fc1c,train,case_group_connection,09,val,task08/images/402.png,957b58433eb49ca352ce7a42be7aa8172bbebc4e56271316a506e2e55e3964f3
08,gs233,task08/images/gs233.png,87327278ad2dea3539496bc826c1e2cdd087b0c3dd87c747daaeda7f32ffbe04,train,case_group_connection,09,val,task08/images/406.png,84cf5631c9fff962b9ed26c820a9ae491a5f8c6bb2eb74307610f00f6d57cd10
08,gs234,task08/images/gs234.png,a79cb4f967f6ca5fc40beee9429505623b3d5463311c5e986f67c12b0f89d69e,train,case_group_connection,09,val,task08/images/410.png,5460261be905bc0662b19f576dd3f2a13a66bac4d15935e9bcff4bc424469ae4
08,gs236,task08/images/gs236.png,9f407fa4cd4a1b7f43af71f7baf20457e3f14dedfc60c71f0bc3fd06ec3c9b50,train,case_group_connection,09,val,task08/images/414.png,9cfcb9365d95d8e483bff0976356f5d99537103c8eb6f79ed3523ab171b0fd9a
08,gs238,task08/images/gs238.png,1ae73c83c27f75ec1ecac0d4baef9cb8c7340df3ddd89a3ee6661cc1ff17b978,train,case_group_connection,08,test,task08/images/418.png,98e780c9c35d3311257c4a4ced043202915bb3d111296c9a08726335c2613b3e
08,gs24,task08/images/gs24.png,d2da300b161c82daec6d40e7844c2de37d9266d7225a5a95f2ca572edb8f0e8d,train,identical_sha256,09,test,task08/images/gs24.png,d2da300b161c82daec6d40e7844c2de37d9266d7225a5a95f2ca572edb8f0e8d
08,gs243,task08/images/gs243.png,d14095df03e3da9616f5d4f55c374ae50442b555d0cce1eaae6ce9af15632d2f,train,case_group_connection,09,val,task08/images/419.png,d18c8c4e4cd9e9cd0178747b8d30035d32a943930f04b023ee0a0ab499d08f71
08,gs246,task08/images/gs246.png,c29df04d549f466435a889cf50e50a1ffd63d6aa5c8fdf96bdd196340705b76b,train,case_group_connection,09,val,task08/images/421.png,2352e5a41b1db2bc764dc739143199a875659ffde5e6f9e2c72771a069d1c161
08,gs248,task08/images/gs248.png,001e42f61a42f87694f26e8e6c82b240b8338f69fa74bfbc721b9ddc8b0b0cd8,train,case_group_connection,09,val,task08/images/424.png,1a883725ededf4db666e97f5a9bab45ecfb571abfa68faec7a6c9b6fe4c3e72c
08,gs25,task08/images/gs25.png,4a5d604e097ce95bc5224f97dfe13b0c007cd0ac4a097e970dd8f5d2372e0900,train,identical_sha256,09,test,task08/images/gs25.png,4a5d604e097ce95bc5224f97dfe13b0c007cd0ac4a097e970dd8f5d2372e0900
08,gs252,task08/images/gs252.png,9a54267e2b1666dadb4436a067ca06a1978e0ce5a9f45a0c3e14712891e23fda,train,case_group_connection,09,val,task08/images/428.png,aef256842c3db03dced7ba9851fbae446c6b36cc9e149b13db4bf641a6801f2a
08,gs26,task08/images/gs26.png,989787fbe8b1d6537bb21890c44e30a9093183af1c2c5dd2bda98907617c1ca9,train,identical_sha256,09,test,task08/images/gs26.png,989787fbe8b1d6537bb21890c44e30a9093183af1c2c5dd2bda98907617c1ca9
08,gs260,task08/images/gs260.png,5bc4a1315f9b7b88468ef95ce979fbbddd62576be0b206a7d33e128fba541d77,train,case_group_connection,08,excluded,task08/images/260.png,ce8488b1d00af9df1c29f805380349f828f09d83d50bec285ad57a3f387e2614
08,gs263,task08/images/gs263.png,21a647f42aadb9bc77c61d4b62c24321a9c45910d5691ca5fa4d3aa8c2c5bc95,train,case_group_connection,09,val,task08/images/444.png,f778c5739c47acf260417b5d8120e19c06330b48f29a62af4168a3575e755bca
08,gs266,task08/images/gs266.png,0345ff5785f21bb09e4a568a2eae38edc880586ff027d4a7998777ae811253ae,train,case_group_connection,08,val,task08/images/446.png,8fb440ba6c12506c4e4731a7be69b0bb2c8dd875e19b14f53dcc8fa1d215fa51
08,gs270,task08/images/gs270.png,c5064a27cbbca2da617f59d6dda2dd6493479537c6fe73b74a037589cf6ce428,train,case_group_connection,09,val,task08/images/449.png,51cbe21f6e4e2ec8a038c078f769ee57497a586f3816ebbac12fb997e0a0bffe
08,gs276,task08/images/gs276.png,66a0a201dd90e6c17f20ffa1a3b5080a249396f36930e4a2f27c07e4c0fdc84b,train,case_group_connection,09,val,task08/images/452.png,a58bcccd09be1931b67606c38d686e2c14d36105eacd9957b55e14e6707c97b4
08,gs28,task08/images/gs28.png,4e152a2a399e0a5cc130fd6ed50c9783fc5f569d42d8f9b27767d70fef8a7128,train,identical_sha256,09,test,task08/images/gs28.png,4e152a2a399e0a5cc130fd6ed50c9783fc5f569d42d8f9b27767d70fef8a7128
08,gs281,task08/images/gs281.png,8d3eeaf01898accb1c33ae607560fe5229b46d73385e05e7d7b127bae33f5d03,train,case_group_connection,09,val,task08/images/455.png,7cf5b95d067f01854e53f500c00c2911b69e5e77125fa5b7cc58f7ca89a12530
08,gs282,task08/images/gs282.png,9588f83b6647eecbcf68bd32667770b42a2a3d13c5f8e6593af87479fbd6c21d,train,case_group_connection,09,val,task08/images/457.png,dfc3c956dd53d2f9901a5aa20b57426c800979089785e2c204fca25ea78f2afd
08,gs287,task08/images/gs287.png,52ed10a88ee159a7b0c66c49936b9b27b5059cb19fd4f2f12e5bdb6171a0015a,train,case_group_connection,09,val,task08/images/461.png,4436895572a5da4c33751b29440ee5f51cc4b4fab53f9dc4098f56e1792002be
08,gs29,task08/images/gs29.png,13291564d1a0a4f3eddbced0147edd6441994a43c95e10101db1d6e483127c3c,train,identical_sha256,09,test,task08/images/gs29.png,13291564d1a0a4f3eddbced0147edd6441994a43c95e10101db1d6e483127c3c
08,gs291,task08/images/gs291.png,f45af729d620b8e6bf5965c97dcd1477790644d0bb38f157bf99caf6c118bbca,train,case_group_connection,09,val,task08/images/464.png,7815fc41b656bba9174bc664a91172efb97a4b8fda37a6282d670bc4bb974da6
08,gs292,task08/images/gs292.png,2e192d18183f147b1dbf484f78e24b878427144e570f269781088e9c87626ba4,train,identical_sha256,08,test,task08/images/gs212.png,2e192d18183f147b1dbf484f78e24b878427144e570f269781088e9c87626ba4
08,gs293,task08/images/gs293.png,9046eae89c063633bc63c588826b5b51312eee81ba92af1522616825d3e50867,train,case_group_connection,08,excluded,task08/images/151.png,035b642622cab065adac34df2fb200462e66389919038a0744de1d3ebae40de2
08,gs294,task08/images/gs294.png,2672427444421b494ac1669484c1ff0495dfd16ae195456db9c3b047bf40a5e3,train,identical_sha256,08,test,task08/images/gs152.png,2672427444421b494ac1669484c1ff0495dfd16ae195456db9c3b047bf40a5e3
08,gs30,task08/images/gs30.png,401ba3c3c33c572491645b593688430509afa3eda36523122898f9c7e5ef1492,train,identical_sha256,09,val,task08/images/gs30.png,401ba3c3c33c572491645b593688430509afa3eda36523122898f9c7e5ef1492
08,gs300,task08/images/gs300.png,f92c5d5e7e7a3c4075d3f12a703588fd5e41c9185a93ff916c23b643a1d7aad3,train,identical_sha256,08,test,task08/images/gs154.png,f92c5d5e7e7a3c4075d3f12a703588fd5e41c9185a93ff916c23b643a1d7aad3
08,gs304,task08/images/gs304.png,76aa6391ec8ef149f8939c42d5f61915248fc67405b4da2d86ef47e2fa397242,train,identical_sha256,08,test,task08/images/gs156.png,76aa6391ec8ef149f8939c42d5f61915248fc67405b4da2d86ef47e2fa397242
08,gs305,task08/images/gs305.png,5f367b1d3792c238c070a075ac49bf0e1d87ffa3d97d76a4a1f056914fdb37eb,train,identical_sha256,08,test,task08/images/gs158.png,5f367b1d3792c238c070a075ac49bf0e1d87ffa3d97d76a4a1f056914fdb37eb
08,gs308,task08/images/gs308.png,9b28ac65c4e9401b4bb777087d7518eb550510def806e5edb890a0af2921c840,train,identical_sha256,08,test,task08/images/gs159.png,9b28ac65c4e9401b4bb777087d7518eb550510def806e5edb890a0af2921c840
08,gs31,task08/images/gs31.png,14afcf9220841c94d931dd249f784ef1ae6957dec84ef15353850e46dd2a173e,train,identical_sha256,09,val,task08/images/gs31.png,14afcf9220841c94d931dd249f784ef1ae6957dec84ef15353850e46dd2a173e
08,gs311,task08/images/gs311.png,9558424aebe48f1b6bf372545411c1cf9ecf110e4f1c5c2bdd5ab90d1954738b,train,case_group_connection,08,excluded,task08/images/311.png,e2d27fa19ac50efaa5138f3cc07562c0fc3a8feafd600e58d6af77ff298878f7
08,gs313,task08/images/gs313.png,8211631d9b80b3c199a5542da9f06a81cf7bcee782b5378fed09c5957306c281,train,case_group_connection,08,excluded,task08/images/313.png,c50ce450b5a2bb50d9338ff8cc811968a5f17bcb9616ef929175bc0624e90b2c
08,gs314,task08/images/gs314.png,4527353d3e437824d1311511ab8c86cfce3236d8e2894fe4c89b47b16b3fc192,train,identical_sha256,08,test,task08/images/gs163.png,4527353d3e437824d1311511ab8c86cfce3236d8e2894fe4c89b47b16b3fc192
08,gs317,task08/images/gs317.png,1f5ccf019c9b2ed1b8f7b7a43b81e159627c3935817678849c1f0ebe4e35fb43,train,identical_sha256,08,test,task08/images/gs165.png,1f5ccf019c9b2ed1b8f7b7a43b81e159627c3935817678849c1f0ebe4e35fb43
08,gs320,task08/images/gs320.png,9feb812b38eefadf576411b59685e2e1d5c07aa75762f5d1d45bb47e62872a68,train,identical_sha256,08,test,task08/images/gs167.png,9feb812b38eefadf576411b59685e2e1d5c07aa75762f5d1d45bb47e62872a68
08,gs321,task08/images/gs321.png,c0a4af9360aecbaf11dea5738c64f7fc7b262499f5627893c49a5f37e4f4f964,train,case_group_connection,09,test,task08/images/gq321.png,f5f493676772bd6196d826ba44e7d9e11ef4950dc8391d24695a06988026bf3d
08,gs322,task08/images/gs322.png,286c3a9ef52f59b8c8b3a0591f3a1f5470e781d6db6bb771e8390eb456db85e4,train,case_group_connection,09,test,task08/images/gq322.png,07b891b19d63475bca38610129da3ae92f558dea265948087b8ade6279ec76f0
08,gs323,task08/images/gs323.png,12ecea4346292f1b7fa882441b47755c97906953cf94d71a717c393c43a76e45,train,case_group_connection,09,test,task08/images/gq323.png,8721ebc7e3b93f68987d2dad1bab775bb0a4262b33b01ab3ee31e1cacb0740e1
08,gs325,task08/images/gs325.png,e8c19c9ddf912427cfb89ed6e4bc061f42a2cde57bce2b20456680f7b69d4c8a,train,identical_sha256,08,excluded,task08/images/gs169.png,e8c19c9ddf912427cfb89ed6e4bc061f42a2cde57bce2b20456680f7b69d4c8a
08,gs326,task08/images/gs326.png,5f1ff0adc50297837ac63236a95294599a18468fc395d0ef065847a7b374a545,train,case_group_connection,09,test,task08/images/326.png,ab135a375d5a4ba30ad6e91b4bcf5e41152d6b50e54ca19e697ae10585b60e35
08,gs327,task08/images/gs327.png,2484fc563ccd9ff1d2ec141e0627579f5dc2034925b4600b57f61aca3347f36b,train,case_group_connection,09,test,task08/images/327.png,cb7d7ee707e1c1c06ac372aba1706a6fe5c04bfc3ec2ce08638228d3b811844c
08,gs328,task08/images/gs328.png,73d44aa3c1f8f944d895f4028052801f3f089489780fa5ef36a7c1343ad1404a,train,case_group_connection,09,test,task08/images/328.png,59744a74a75409ea41400844c8835ba7fadec760cd14622bbe5549b8738b4ab7
08,gs329,task08/images/gs329.png,83e23036036c31c21f23a20c319b60025bbee4424e28a647263592fe4155f7dc,train,case_group_connection,09,test,task08/images/329.png,ffb4bf4ec64f94331117c5baf47bfe0e553cfe36352ce2c829c2d62d19622331
08,gs33,task08/images/gs33.png,9ad6e31ad8d931f65e90a2f8f80fea3718486b70f8a5a2664d5b38ec6c278a79,train,identical_sha256,09,val,task08/images/gs33.png,9ad6e31ad8d931f65e90a2f8f80fea3718486b70f8a5a2664d5b38ec6c278a79
08,gs330,task08/images/gs330.png,c3d76939b67b2d149f4330199a2010ba72917f4f61b21c99d4b68ee9c3d31a0b,train,case_group_connection,09,test,task08/images/330.png,48056e5e96222a1e469a3c6777189afa46127dfae2b6191d8c2ec1345005a20f
08,gs332,task08/images/gs332.png,00ea4c516df3c0c68a1979bdab6752abd687a535f4718cc9bc19cf2363c56e22,train,case_group_connection,09,test,task08/images/332.png,4d16f89ae5d6cea16db8de7a5d42491c2285eda74d7f87f6d7e918d7a5188f05
08,gs333,task08/images/gs333.png,736364cdd69a54197358426eeb88b3c8128678071a00c0e16d2609f404a8394b,train,case_group_connection,09,test,task08/images/333.png,b5e32dc60785bcc93186e0f0e4456ab6234d7079815f92c7d9a2c513ce0341aa
08,gs334,task08/images/gs334.png,25ca237dfb2bf6ba9d969a8f75a46ef76a5ad214e128b9f151a5d2be1068f518,train,case_group_connection,09,test,task08/images/334.png,2f46c399bb3aa5d6530a739e42b5b8ff12e4011d2af1894525403f06b7eaca00
08,gs336,task08/images/gs336.png,8e3084e94d6bbbfab69669697cf0eadb2e777ca4a3bf76728820708c0a689c40,train,case_group_connection,09,test,task08/images/336.png,f9b194694e9eef0db9673fdc16de85a64cb5822b826878d5ac2c596193bd69f6
08,gs337,task08/images/gs337.png,18e352c6d9456c9d4e4672c770cdaa522ffcfc0f557b3272b53756e4a7f535a3,train,case_group_connection,09,test,task08/images/337.png,916552fc61047053b539db8045be1f900a93b003901eeed67fae1e4470b513fe
08,gs338,task08/images/gs338.png,316b1520efbfecf6f80e16a10e8e70a2e9e98448941e480229f01e2b5ac2cfff,train,case_group_connection,09,test,task08/images/338.png,6865f8371e3ef1a6b09c1b5de2983cb30a5c9492af4f27b95d833517ba7940f4
08,gs339,task08/images/gs339.png,8102261313ae7578133a42c541a4dca64e7c012a91069ab7568368a076cca77b,train,case_group_connection,09,test,task08/images/339.png,b8da4d815a5660fed2e1e869250a46b2e89a9ae1267206deabd023f686664a2d
08,gs34,task08/images/gs34.png,5c12cbd1060cbd93f3261bb4a4c75d565fc472818e79bceb248d746b80db45f1,train,identical_sha256,09,val,task08/images/gs34.png,5c12cbd1060cbd93f3261bb4a4c75d565fc472818e79bceb248d746b80db45f1
08,gs340,task08/images/gs340.png,b0d247b4cf8902e0a8e2a39d3a32e4a582a68820b68ed4e9465f1379179e0c22,train,case_group_connection,09,test,task08/images/340.png,b4dab7a9f87ca57cad52395a1c38a2b34f3fc6dd88c43def28bd4570de0baa0a
08,gs341,task08/images/gs341.png,a4ee5a066b3a1643d9a05d4d37b3eea9be59e5398bb743a2f7e2955dd36750b2,train,case_group_connection,09,test,task08/images/341.png,727114d1f3c6eddf3b116abf339690ecb318f5a10dfe72dc1cf878ce74f00ca7
08,gs343,task08/images/gs343.png,b083237ecbb18c00d1c3f7a8dd506006155cc803e3767b293720bf7ae53ba519,train,case_group_connection,09,test,task08/images/343.png,af19a808dd49f9e0825997f65a69bc6592ad4c78228a2ebe10dda2dc33eb166b
08,gs345,task08/images/gs345.png,dfe58d113d2ff454bd196a1cdc0a13df67adae24ec3684b8fbd4fb663f930661,train,case_group_connection,09,test,task08/images/345.png,ba7a9dde8b614d058175da36ea68e526733566616ed9ff3cc37cee9b71121644
08,gs346,task08/images/gs346.png,209aa43f276a50b52cb48e67ec0353a9881d8bf4a8458dcbfac7ccb9b0a96909,train,case_group_connection,09,test,task08/images/346.png,3fa14394129d56802a22ec524e9627c640ac6a189b001b1d3b37543b6210ce6c
08,gs348,task08/images/gs348.png,10e658bd4b64c232e0d8b1d5803d7cef037d8184262fa170b1d86d5cfd9d2b9a,train,case_group_connection,09,test,task08/images/348.png,fe96939d21e711f10c48029b30aea530699dfb4399cb7f276cd2b688d6385746
08,gs349,task08/images/gs349.png,c55112adcb916ce7edbd948f4e261b422367696056ebd585bb364e105b794931,train,case_group_connection,09,test,task08/images/349.png,f898bc412375b67799ee3ab1048f04b93454286b11e90bdd0cbc34db97338754
08,gs350,task08/images/gs350.png,ff80cb430b231a7afd69dcfec25704aa22d08d62ef6cf6b4395b42cbb1e362b7,train,case_group_connection,09,test,task08/images/350.png,1649a555387fdf6c0566988622a61c8a8e424f821f1263e77429f778d9f02e63
08,gs351,task08/images/gs351.png,ecac63f02510cd49c819b1ca1a46afe2a792083db59bffa83a757fed8a32cb76,train,case_group_connection,09,val,task08/images/351.png,37f5bbc1b65bf0ed6c8432d40c335500443fa8dc7a2f6f406604e4ea0ba3cdd5
08,gs352,task08/images/gs352.png,63c6fdb2b711a230d18cd3724a3745c1483fbbf72ecdb4161ce8854c224c5811,train,case_group_connection,09,val,task08/images/352.png,327df0ca66a16ea19fc77e1de40963eb85d2cc72f81f6378d3e8a71d5810d96d
08,gs353,task08/images/gs353.png,027025d121efa9ed4ebbff754075279fb558cac5d05efa053543c24e32969b28,train,identical_sha256,08,val,task08/images/gs181.png,027025d121efa9ed4ebbff754075279fb558cac5d05efa053543c24e32969b28
08,gs355,task08/images/gs355.png,b94c1959742eb9160be00463388e9fdf9bb20d64d0c928c112b75867494e5634,train,case_group_connection,09,val,task08/images/355.png,cd3c24e923f9d38272dbfeb4c2462840a1ca0f3b3916b01efd5a6eae2b6de5a2
08,gs356,task08/images/gs356.png,3a58535357d310d6c0613df0e33d4cfa74199cd8a5726d81818836418dd44a48,train,case_group_connection,09,val,task08/images/356.png,710a33717253fd38a50589bd20a97ae13b9e4ae46ceb5538efe62e661d219745
08,gs357,task08/images/gs357.png,247cacf0ab81443c790bf516620c55e01d83790560d60df25d21d899bfef284b,train,case_group_connection,09,val,task08/images/357.png,c681873d6d7314b5dc70f001351f2a7f4227068a9832c2ea328593a15db9acf2
08,gs358,task08/images/gs358.png,8c8e63db9bcb10a7d38d3c94e714df8d22c2711ebf396800ce3c4929c53059db,train,case_group_connection,09,val,task08/images/358.png,8c74835c02c71bd3af99feead7d428cecaa45000d2505f8eb3c43a78efc9f54f
08,gs36,task08/images/gs36.png,cb6483605bfeb9932d579f30e952760165dfbc2dfefb2459116d5116216b390d,train,identical_sha256,09,val,task08/images/gs36.png,cb6483605bfeb9932d579f30e952760165dfbc2dfefb2459116d5116216b390d
08,gs362,task08/images/gs362.png,1f63886474eeef28e0fc962ac54df99bb025182dcfc5d71e1b810cab268a90ff,train,identical_sha256,08,test,task08/images/gs185.png,1f63886474eeef28e0fc962ac54df99bb025182dcfc5d71e1b810cab268a90ff
08,gs363,task08/images/gs363.png,c455eb0b1e5ef6d356ab3df1ad04c4c480a8b9f3f07183437538acd906f2dfa7,train,case_group_connection,09,val,task08/images/363.png,e346766b4247ffcb668c4b91fd82448b2ff02a5dcbe6400859693a9f805aaa1f
08,gs364,task08/images/gs364.png,192512e90cf639505e1af325c3eb007f7791f8a5e344d9dbb92c36a77ee4e12c,train,case_group_connection,09,val,task08/images/364.png,e1b5444f59983f6d2d1d3046485518c22b01119fc5ade2075bb6ec4b1b914edd
08,gs365,task08/images/gs365.png,2fe6dc5446cf97ce324633f4a81a59b2e1b8c52f003877f4be325a70ccd0d4fc,train,case_group_connection,09,val,task08/images/365.png,8312e298037fa2058784eeffa5cee95706114d2a2fa05d1df0b172ba5b3dc9e1
08,gs369,task08/images/gs369.png,9f3fa7485eb4b3d9221e923288725d43ec134034f4cd00cad327369c6f9331a3,train,case_group_connection,09,val,task08/images/369.png,cad6090439affd5e0f2b3ece1e16509f379d5446f8f9d026f4f03cb3d194961b
08,gs37,task08/images/gs37.png,6501e9e7eac3cda46470e0aff3aa8cb524465f8ddd31817f5980998fde83bdde,train,identical_sha256,09,val,task08/images/gs37.png,6501e9e7eac3cda46470e0aff3aa8cb524465f8ddd31817f5980998fde83bdde
08,gs371,task08/images/gs371.png,81b2dfac572f11a467a7dec99db12974ab265099a18207cac1e28002e4983438,train,case_group_connection,09,val,task08/images/371.png,700851a4ccdaf38a7d31d391b35c777b9589a7bf09cff48d916690d59f349b1e
08,gs375,task08/images/gs375.png,6f5de5c9ffe05644270263b6e5fc1194c5688bf167968abc27ab4e39a11fa13c,train,identical_sha256,08,test,task08/images/gs195.png,6f5de5c9ffe05644270263b6e5fc1194c5688bf167968abc27ab4e39a11fa13c
08,gs376,task08/images/gs376.png,d1c7fc7dbf3ad64d2b7cbb8a4936533bee6fc8c48713b7dffde2f42cf2f884fa,train,case_group_connection,09,val,task08/images/376.png,5c1d4d87f41d5f39a5f33db8e926e361ca2381c8b5f52467c2c408d06d49f032
08,gs378,task08/images/gs378.png,3169d531fc1262dbec0813780052cd4618deefda3a454ac1f89f83a13fafcdc5,train,case_group_connection,09,val,task08/images/378.png,b0407c60763edde22c8f2541a23c11598186a47b3fe69b5d4768d682b0f22b0d
08,gs380,task08/images/gs380.png,b87c0b59610d94fd2feb10191e89261659128f9eaebc1be2c4c28b2832dd1ed4,train,case_group_connection,09,val,task08/images/380.png,118c75888fcbc593ab513d195b271fab7228554b6c6070a1930fca5d84ccb0df
08,gs381,task08/images/gs381.png,546c1b68787b073f4ba9b886842733b0c3d3ffdd5d0e95dcb65814d7e4a6feac,train,case_group_connection,09,val,task08/images/381.png,082c594bc19fbeda26a924abc5121cd536dd2a82c6ad5acc709165cde2c7d93b
08,gs382,task08/images/gs382.png,7fdf8158c6f7c6ad51b0c50c5d30ae633a161b1e0db72aa83ac0c92e1fc1e29b,train,case_group_connection,09,val,task08/images/382.png,b27b6ad6da145b523ad593d651d7a0e026e9a2333bad5d7373cd9303237e58f8
08,gs383,task08/images/gs383.png,34fc86061cf19188b14cf08650b190f03ee624adafc61edbd9006986c3d8b642,train,case_group_connection,09,val,task08/images/383.png,9cde9239c733629b3db3bed935e8b729e991a1811e6b6fa8510d92e660a78008
08,gs384,task08/images/gs384.png,6f8bd75eed6c3744618a17d252d0b7c0151b656a112c8d82f6880657f23f4fd9,train,case_group_connection,09,val,task08/images/384.png,1244900e603e83df3a98c28faef76f6d4b84e336388748de17ae7cc9d84d4f6c
08,gs385,task08/images/gs385.png,6a326eef6c9fe38444af89983db0510db51a536df7705af17d86db885912f335,train,case_group_connection,08,test,task08/images/202.png,0a4b8f8a35f19fdea57b92d7f6f2c53c3a2c7fe354d2b52ce6c938444cab4fab
08,gs387,task08/images/gs387.png,88b13e0e56a51de8cef7b6994a4dc2b3306f108f789922b3ae231ef2a4ac4c97,train,case_group_connection,09,val,task08/images/387.png,2fbd7346fa7bcae914e4fbb703fea754633325a996b9bdb2cfcd63afe0affd26
08,gs388,task08/images/gs388.png,651d672f90ec3eb9c89fb8ce378d5a84e6eac81696497582ca83a4503bc3ed6e,train,case_group_connection,09,val,task08/images/388.png,f77ef341195fbbbfefb19bcc550b9e319ccdc0235a7f88636451fff9bc35a672
08,gs389,task08/images/gs389.png,746a2c4a388a6b7a0aaaf0a473b82d8e2d01b9f6daa5b5a84a6ada03c40d4241,train,case_group_connection,08,test,task08/images/207.png,4a276ec433fead6222f2d2a8cf71d9597c3a6efef2bab8c05bc7984b04990c15
08,gs390,task08/images/gs390.png,dced8ee59b2e8085281bcd47e718e6e2b42de809069798657540233ac773b53f,train,case_group_connection,09,val,task08/images/390.png,43c0d83f2ab4d90c6cfe67a876c5819bbbee8f7b3bf45f386d16fee20360274f
08,gs392,task08/images/gs392.png,2699976690df0b273a65a8c72569f386fff46c0b851e8f0e53024d563bb76eba,train,case_group_connection,09,val,task08/images/392.png,f297642bf7d9c2418aff81b349eed19a6d11d6e12af373e2486178b4d7449868
08,gs393,task08/images/gs393.png,4d25d62934b6898491153e5db6a2301c28677831bc541813f66ed24f5312176b,train,case_group_connection,08,val,task08/images/211.png,446e48a942df0bcc9fcf5c7d23de43c7fb9e864ecc930df141d57c9abf064e39
08,gs395,task08/images/gs395.png,cb55986518157533971224941ff5b0b699fe3059a95f1062a14cc6ee04137221,train,case_group_connection,09,val,task08/images/395.png,82e8855c1ca0b569e607eed699ab22f694e6efbc6ace001b474ad5f806ee86ea
08,gs396,task08/images/gs396.png,37744a67122090a358bbda70a6be7d27cf498ef491d66882bb4264e236d8a692,train,case_group_connection,09,val,task08/images/396.png,151ddc1b215970bcf321430dfc4ded0480cdaf38a46b4c0fafa9952e3241c9fa
08,gs397,task08/images/gs397.png,5fa4d8fc0ce79345f95a67cbded0591bbda84719bedc2b866dcdea6221d2f964,train,case_group_connection,09,val,task08/images/397.png,5acf15b1580af349f0cb4ecd420f2e19fbb8518fffb3126037ee2373230de7df
08,gs398,task08/images/gs398.png,7bcaa40e9d5378edb3096d955d8fa3b1af0ab85e6a41e1f550b09347d0087848,train,case_group_connection,09,val,task08/images/398.png,cf693b08c25b4e3923cb3f9d6484a8be51afc5a04e14ea2bf62a4184a9618a99
08,gs4,task08/images/gs4.png,802167485c3baaa813e2bb2144d8e760876ea4a3dec00d5a74943f77e2a33e54,train,identical_sha256,09,test,task08/images/gs4.png,802167485c3baaa813e2bb2144d8e760876ea4a3dec00d5a74943f77e2a33e54
08,gs40,task08/images/gs40.png,5032c7209112387f698e24ecba30bafea431306ea1cafc7ce5c38c018dc07a48,train,identical_sha256,09,val,task08/images/gs40.png,5032c7209112387f698e24ecba30bafea431306ea1cafc7ce5c38c018dc07a48
08,gs400,task08/images/gs400.png,d9f217f12c057028b3a0b3ab18d613716591bb3f81968b0b5d2a2a3792dbbff5,train,identical_sha256,09,test,task08/images/gs9.png,d9f217f12c057028b3a0b3ab18d613716591bb3f81968b0b5d2a2a3792dbbff5
08,gs402,task08/images/gs402.png,9c827a231d3d49aee319e977f6a3342469c9862c643c498ea3f5982ff286fc1c,train,case_group_connection,09,val,task08/images/402.png,957b58433eb49ca352ce7a42be7aa8172bbebc4e56271316a506e2e55e3964f3
08,gs404,task08/images/gs404.png,424aeed82b9c6c0635d67c8d3e5db49deaf9413e6129405bcae2e674873cc723,train,identical_sha256,08,test,task08/images/gs231.png,424aeed82b9c6c0635d67c8d3e5db49deaf9413e6129405bcae2e674873cc723
08,gs405,task08/images/gs405.png,342d0f6a41148fa1a640615e1c308fa75bc61cde2178cc7bf99017cc8690bad1,train,identical_sha256,08,test,task08/images/gs232.png,342d0f6a41148fa1a640615e1c308fa75bc61cde2178cc7bf99017cc8690bad1
08,gs406,task08/images/gs406.png,87327278ad2dea3539496bc826c1e2cdd087b0c3dd87c747daaeda7f32ffbe04,train,case_group_connection,09,val,task08/images/406.png,84cf5631c9fff962b9ed26c820a9ae491a5f8c6bb2eb74307610f00f6d57cd10
08,gs407,task08/images/gs407.png,6f28195755bd92de7447caedc62f89b863c04d140c0b93b8f073bc19002fd862,train,case_group_connection,09,val,task08/images/407.png,62311483123e423e1b04ed03c78c4afb6b7b07aba2dd23f2eb35701cb8483dc6
08,gs409,task08/images/gs409.png,d62ef6d456e86ae837ada15fde90067dad570af60c5e8917633fdaad2863e260,train,case_group_connection,09,val,task08/images/409.png,085b2e2fe208e0f04c1bda911db6d3a9ba20edb5170e7d77d9c219fdd1d2776f
08,gs41,task08/images/gs41.png,fe4acba8beb6dd0fe6a9a73fcda2135e28175fbe46c0e2afd5a6d135d389e153,train,identical_sha256,09,val,task08/images/gs41.png,fe4acba8beb6dd0fe6a9a73fcda2135e28175fbe46c0e2afd5a6d135d389e153
08,gs410,task08/images/gs410.png,a79cb4f967f6ca5fc40beee9429505623b3d5463311c5e986f67c12b0f89d69e,train,case_group_connection,09,val,task08/images/410.png,5460261be905bc0662b19f576dd3f2a13a66bac4d15935e9bcff4bc424469ae4
08,gs413,task08/images/gs413.png,801484085651bfee4120d542f512504a622b544f9db09dd734f72de7bd6e5551,train,case_group_connection,09,val,task08/images/413.png,f551f1911fef6b71bcec8abf2f5d02b49ba44e86a83461a9ed50cf6db434b2e5
08,gs414,task08/images/gs414.png,9f407fa4cd4a1b7f43af71f7baf20457e3f14dedfc60c71f0bc3fd06ec3c9b50,train,case_group_connection,09,val,task08/images/414.png,9cfcb9365d95d8e483bff0976356f5d99537103c8eb6f79ed3523ab171b0fd9a
08,gs415,task08/images/gs415.png,6aec64b9a43d2eedb8d456124579b483d043810310cc67e588e95cd39b163687,train,case_group_connection,09,val,task08/images/415.png,b81f469ca9fbf5d9365ee3dbae60e9c13b4bb0a2e68fdc204d45fc16dd410033
08,gs43,task08/images/gs43.png,9b6d2c040991af91304c0980f44f4641508a74707647816d179ccec5a1001421,train,identical_sha256,09,val,task08/images/gs43.png,9b6d2c040991af91304c0980f44f4641508a74707647816d179ccec5a1001421
08,gs44,task08/images/gs44.png,a9eea8c027c2cd6d3a52a2c73cc9d05c36435c11f1d2364f23a82a32bc36f527,train,identical_sha256,09,val,task08/images/gs44.png,a9eea8c027c2cd6d3a52a2c73cc9d05c36435c11f1d2364f23a82a32bc36f527
08,gs45,task08/images/gs45.png,c6e037cecdae8479f2130a6002eae8da6d13ced153352c0e9c35067480cc7a2f,train,identical_sha256,09,val,task08/images/gs45.png,c6e037cecdae8479f2130a6002eae8da6d13ced153352c0e9c35067480cc7a2f
08,gs47,task08/images/gs47.png,f2ac7db017bd4bdd463c86c3674c378d61ef5588c2049d058c7e3fa37303b4e7,train,identical_sha256,09,val,task08/images/gs47.png,f2ac7db017bd4bdd463c86c3674c378d61ef5588c2049d058c7e3fa37303b4e7
08,gs48,task08/images/gs48.png,5bdeac8c5babb2c6783517c8c58d56f27c6a22c67ae4645117089634ddf87907,train,identical_sha256,09,val,task08/images/gs48.png,5bdeac8c5babb2c6783517c8c58d56f27c6a22c67ae4645117089634ddf87907
08,gs49,task08/images/gs49.png,7933d0cda7105b7fc683bc0fb30e0d37e71b1a3ca1c708ad546daa4d7b84d59f,train,identical_sha256,09,val,task08/images/gs49.png,7933d0cda7105b7fc683bc0fb30e0d37e71b1a3ca1c708ad546daa4d7b84d59f
08,gs50,task08/images/gs50.png,7933129689bd09375c4f3d9ab21d60f811b19ec864dcf5353fba215e3795a2a6,train,identical_sha256,09,val,task08/images/gs50.png,7933129689bd09375c4f3d9ab21d60f811b19ec864dcf5353fba215e3795a2a6
08,gs54,task08/images/gs54.png,f3ca07f1e468f7db39255342287071d7e2aa560d654d5a6c68224e3cb75fe709,train,identical_sha256,08,val,task08/images/gs122.png,f3ca07f1e468f7db39255342287071d7e2aa560d654d5a6c68224e3cb75fe709
08,gs6,task08/images/gs6.png,36c84255ac523534ad00e8e1f21d9c957393fa43063cc88ac2ecbee140700ce1,train,identical_sha256,09,test,task08/images/gs6.png,36c84255ac523534ad00e8e1f21d9c957393fa43063cc88ac2ecbee140700ce1
08,gs9,task08/images/gs9.png,d9f217f12c057028b3a0b3ab18d613716591bb3f81968b0b5d2a2a3792dbbff5,train,identical_sha256,09,test,task08/images/gs9.png,d9f217f12c057028b3a0b3ab18d613716591bb3f81968b0b5d2a2a3792dbbff5
08,gs99,task08/images/gs99.png,32069a8a47b0d3cd6e1148a9cf0bbf579cf9449d2b74186d6911463500af2dba,train,identical_sha256,08,test,task08/images/gs411.png,32069a8a47b0d3cd6e1148a9cf0bbf579cf9449d2b74186d6911463500af2dba
09,DR_104_s2_e13,task09/images/DR_104_s2_e13.jpg,f26afbfbf39c4bab78210581652a7567a32bccdb14a0e25f6baacf395872e0be,train,case_group_connection,07,test,task07/ap/images/DR_104.jpg,3e51af42da731bea9f17af5dcb6ddc4911783ef7cef5afc0cd5fe06289c1fdc4
09,DR_105_s3_e15,task09/images/DR_105_s3_e15.jpg,646291f08f4ec630c7cc823c5a92e59b563ff3bca476c00d46b95158efee4d14,train,case_group_connection,07,test,task07/ap/images/DR_105.jpg,484cff20261f199bbdf710fe2e27fa56bd867af2d5b6dab85dca92266b769880
09,DR_106_s4_e14,task09/images/DR_106_s4_e14.jpg,672cd97c9619241b585c0d7a0ce864e5e91cbf9e213016b17b9b11924e9117c6,train,case_group_connection,07,val,task07/ap/images/DR_106.jpg,d50c532e852e609b2b65700cd314133f4e051425234e60e2b793d4a1e916e07c
09,DR_115_s2_e15,task09/images/DR_115_s2_e15.jpg,0032173883ee2f747ca745c65da514ca4b5d66625825076ad2997be00c37808c,train,case_group_connection,07,val,task07/ap/images/DR_115.jpg,37e3a57503804f3246fa8c19d3b19e0fb65e16f4412ed87206a6da5c40487eb3
09,DR_118_s4_e13,task09/images/DR_118_s4_e13.jpg,b10b5515abc8603e8ad314af286493043afd0924d9988bad1d9b1a94cbc250fe,train,case_group_connection,07,test,task07/ap/images/DR_118.jpg,5d525d1c4a1bd89a635b9f3c1cbb9acaace14b74f80f28c8ef0d46c58673a853
09,DR_122_s3_e15,task09/images/DR_122_s3_e15.jpg,84975509e46afb78737c005f10699a6dd915dbb306d90f61222a7c36fa859c80,train,case_group_connection,07,test,task07/ap/images/DR_122.jpg,c90cd412e358bd933395df0cd155c228a3b41b528425aa74bfd74ca4b2a5ee2f
09,DR_127_s4_e14,task09/images/DR_127_s4_e14.jpg,6e161a42f4a7054cd9046393a20755a9bd610d69393415a4429076cd3c2bd1a2,train,case_group_connection,07,val,task07/ap/images/DR_127.jpg,9abb1acafa2cf7d1116d7bd1e1bb0ccbf0c0703a628336ac8ecd4a05d7fc70ad
09,DR_132_s2_e14,task09/images/DR_132_s2_e14.jpg,723d1b02fa7c57bbba54a38d33f4399131e06546a5ec69601047749938eed110,train,case_group_connection,07,test,task07/ap/images/DR_132.jpg,5c9bb6f262ec4c126ed63e6763d0fbcb8c232f2956e88981e0dcc85220c2b6c7
09,DR_133_s1_e12,task09/images/DR_133_s1_e12.jpg,36fc6837c40ea6facc5627d120f438e9e184a8c9d57a2cf02ed27f4dca080ff5,train,case_group_connection,07,val,task07/ap/images/DR_133.jpg,e48ad3a4c6c79f0dca0f9d6e836bde6fd4d87aa03a2487c59ca32d7981c982de
09,DR_136_s1_e13,task09/images/DR_136_s1_e13.jpg,308b0c6bad4c1beb7ba530a05c71b775c703e8ecc80123654aa37bc588a8d6e4,train,case_group_connection,07,test,task07/ap/images/DR_136.jpg,0e5432f23c0fdfe02f9f41b72d9043815cd81569f325b0ce34f091fe1a76adfa
09,DR_144_s1_e13,task09/images/DR_144_s1_e13.jpg,f5d2e9be752b9a73e06fe0f9089cc20f5fd1b85100eccae05c32a4068d416ca0,train,case_group_connection,07,test,task07/ap/images/DR_144.jpg,129c4badf5723827ed0086fdef907ba1431c49c7800c03849a8fb8c1976152f7
09,DR_147_s1_e12,task09/images/DR_147_s1_e12.jpg,eeeebe26082eaeb75efcceb98f7d8b398ab22a08234c33950010c5e054fc574c,train,case_group_connection,07,test,task07/ap/images/DR_147.jpg,48d3154c76374f37c5398f6f870ce7d3466930a462684c2ceb388447dde6b97c
09,DR_14_s3_e14,task09/images/DR_14_s3_e14.jpg,901fec63e605e842000465c397eeb5f0bf9b0eaa05dc94923994ad3bd7bea179,train,case_group_connection,07,test,task07/ap/images/DR_14.jpg,a620aa1d6a66236501eee390f52164beead5461e2fbe4e92c9c4d733f7490574
09,DR_152_s1_e13,task09/images/DR_152_s1_e13.jpg,bd2c31d41b3448105a24f3ae8dcd713ddef9ae9a0813edd6f8d74849ba95ff3f,train,case_group_connection,07,test,task07/ap/images/DR_152.jpg,c46a5688445f9e6949a2594ee4ce3bfc6486c17eb2793ee23a9f76a3161e3fb2
09,DR_161_s3_e13,task09/images/DR_161_s3_e13.jpg,e904561e2539be1456109e6f5acd67e54a74a26c9b14c7f22b0c63ed9b5a6b2c,train,case_group_connection,07,test,task07/ap/images/DR_161.jpg,1b7cd4e3e81a909e1e030fe4fdc426331c661351271eb48bff03d3a86bbccac9
09,DR_165_s3_e15,task09/images/DR_165_s3_e15.jpg,fc9ff3ee77a9d54aa55fa8691028b194125018d0aaaebcb7a60a0a46e4229120,train,case_group_connection,07,test,task07/ap/images/DR_165.jpg,c04cc3344030e1cfb719e1e6c4102ce1aae0d699a84e98e4990d0568cb41e50b
09,DR_167_s3_e13,task09/images/DR_167_s3_e13.jpg,b1a3f6c5306c0e6d23da40ccced9d9c218f50b783dd26889a595394728831c0a,train,case_group_connection,07,test,task07/ap/images/DR_167.jpg,349bb94490abbad2a54c6dfc9f424dde4a2dcb55f6a286b00bb71d6a79b36cb5
09,DR_169_s1_e13,task09/images/DR_169_s1_e13.jpg,51e5e3a52b68bb9abf494c1283d70c9125736a64ebbde1fc4e06f5d225ddc1cd,train,case_group_connection,07,val,task07/ap/images/DR_169.jpg,88e20df8f890a79f2686a55480b0fec8e162468601c715e51e329bb54a1088ba
09,DR_180_s3_e15,task09/images/DR_180_s3_e15.jpg,5dbfd1657b57ea934edc4fd8ca40f55bdda60b0ddf0d38460745094f4f6b2759,train,case_group_connection,07,test,task07/ap/images/DR_180.jpg,d73bbd7eeef50ca556b6cc44ebe897e55ac32506f17d7ee62ade34c02f0084cb
09,DR_183_s2_e15,task09/images/DR_183_s2_e15.jpg,0851d38601aeda33e0e51b305a6c8b842e67424d1c46595e6e217ba5baa98517,train,case_group_connection,07,test,task07/ap/images/DR_183.jpg,e3b16c20e264bde3e781a895750d1c36670667947c4e140ecae201efe0ec908e
09,DR_184_s3_e13,task09/images/DR_184_s3_e13.jpg,af1e1e7724c54da937efdf38fff742f972725cddabdf99c982f264e83c460924,train,case_group_connection,07,test,task07/ap/images/DR_184.jpg,1d0cd794d5a630fe9a2344950790f0248f8ec92bf2ee0b50404f313fb06a09dc
09,DR_185_s2_e12,task09/images/DR_185_s2_e12.jpg,1148fc2bdbe55905378c72747af365940bde25f5cf56b8aed3eb09ac5584a50b,train,case_group_connection,07,test,task07/ap/images/DR_185.jpg,2a842ff41a4eae53d1d0c68caa644e918a3f36e5c3f08573c3b2d43d4e1e41e7
09,DR_187_s4_e13,task09/images/DR_187_s4_e13.jpg,87e66a461b0ed889f14bc4f03bcbbb67961840c36f17d7c154cd0c81df748478,train,case_group_connection,07,test,task07/ap/images/DR_187.jpg,63603680bccbc002b8450a5a1d0934b74348b8ea01ea1a1c7eddb189de37d685
09,DR_190_s1_e12,task09/images/DR_190_s1_e12.jpg,658ddadbf2e1be9491da80a8ec5f26b11d58c2af14ff7393800084efb0780885,train,case_group_connection,07,test,task07/ap/images/DR_190.jpg,6307e7a42c7188fa9f81234feaad532a052219e17ea6993b38599db619ed1510
09,DR_196_s3_e15,task09/images/DR_196_s3_e15.jpg,72b5cabc0da3541e98fa5efdd3b0309e0bd162503d3f918bbac144f9944855b0,train,case_group_connection,07,val,task07/ap/images/DR_196.jpg,fb456eafaae54d62093b79bf2f4433d317f947070ac2730fe0a9271cffd577fa
09,DR_208_s4_e13,task09/images/DR_208_s4_e13.jpg,1da402328691c85ebea91d143de193a5d8c2c26f9d5f8451cc49c08d5158f3c6,train,case_group_connection,07,test,task07/ap/images/DR_208.jpg,faab62a5ce670b7b6d973099e6075a9b03faf16f1efa1c8bfef74343b988cb14
09,DR_218_s1_e12,task09/images/DR_218_s1_e12.jpg,447f9206a57c9b254492a543d6e4aab3cdd95fff09aba3c62af7ddd15f153e69,train,case_group_connection,07,test,task07/ap/images/DR_218.jpg,defc5af8cd65726b34905f67a6df556177bbab1ab542fd4db20e14979ad9665b
09,DR_219_s4_e13,task09/images/DR_219_s4_e13.jpg,cc0b8c2b743e7b5e40af8b77e03cc760b93a1e97bd1ed9399264cae44e9dfe2f,train,case_group_connection,07,excluded,task07/ap/images/DR_219.jpg,3b2db9d315e88070e29c031ed9442aba08e98a4b6375de8ea9ffcc602124a1f5
09,DR_237_s1_e12,task09/images/DR_237_s1_e12.jpg,e65636aff0f90d7ad59603c759d4ea7697cd3f6e7f07d0bda4cf57ff97b07658,train,case_group_connection,07,test,task07/ap/images/DR_237.jpg,84ddeb016d64f051949c8d175b3e85c3f66d58df29ad2a5322c94f3c75156b8e
09,DR_239_s4_e13,task09/images/DR_239_s4_e13.jpg,4467133b86dcb92c7c7437c39ed4c73390f6fc4d503750aee987921eba85aa25,train,case_group_connection,07,val,task07/ap/images/DR_239.jpg,68751cad2a47e887ab5f0cb68050287e6006fcede4dedaab25f75b2418828889
09,DR_240_s2_e15,task09/images/DR_240_s2_e15.jpg,0f62acef2a1db8b4d94a605460217bfbcb40fdf9a9aa8e6518df90fc1f9c6781,train,case_group_connection,07,test,task07/ap/images/DR_240.jpg,4e6dfb542f26c5606d04903fb9975a12ca3317844a8df6225eae6472198d3410
09,DR_243_s1_e13,task09/images/DR_243_s1_e13.jpg,05ce417cd449df022651e4b4fc9f8b081900363508febfb8fb678872bb09875e,train,case_group_connection,07,val,task07/ap/images/DR_243.jpg,dcdc581d6286f77f855f8384f551d40256a4261457ff0af2548f23f91645ca32
09,DR_245_s3_e15,task09/images/DR_245_s3_e15.jpg,6a62dcd8ece57bcd2edee2bad97ee6fdb5f11e04d2af56d8dc92ec2fdb4a4afd,train,case_group_connection,07,test,task07/ap/images/DR_245.jpg,0f504626752dfdd18e82e0af6e6edce56fdb71660e56c5ac379397e902e3daa4
09,DR_247_s2_e13,task09/images/DR_247_s2_e13.jpg,f239e5d18f361b451eabcbd0519caa6680d76f28197ec1ca8ae38475a24691d4,train,case_group_connection,07,test,task07/ap/images/DR_247.jpg,69aa16617d0ec5f6cd02505f074cef2770f1f6c6b80d5a8d4ea366a07de5730f
09,DR_248_s2_e15,task09/images/DR_248_s2_e15.jpg,3917b7b98e32fd3ede91b7fefe36a90909e4a935720bdab59bc6fa66518eef41,train,case_group_connection,07,test,task07/ap/images/DR_248.jpg,9dff44511eda189591b11673b133fba8eae82fb902ad77eb5f207be2f09b2b36
09,DR_249_s3_e12,task09/images/DR_249_s3_e12.jpg,c1499fd41cb6ed562b90231fa560c9de950908adad1fd97bdfe18a41dfc7c0db,train,case_group_connection,07,test,task07/ap/images/DR_249.jpg,69fde46a2ad11dd0a2edc6e97f8720333ae000e3d055652136229881ed4b0036
09,DR_24_s1_e12,task09/images/DR_24_s1_e12.jpg,7ee980c65855cb91b1057968a51d6987548b6a04964995186ed95279b2224d65,train,case_group_connection,07,test,task07/ap/images/DR_24.jpg,fed92d04bf4c95dbbbd9ad0e51d6e18b3ba010e8e92cfab1753fb8173a6ab701
09,DR_254_s2_e14,task09/images/DR_254_s2_e14.jpg,bc1d8035e029aa5d863dc6108e437209f0a7df80d311b1ad53edd2262c79d471,train,case_group_connection,07,test,task07/ap/images/DR_254.jpg,4402cd943a054a3cb8f6728bf3e4c5436e5aca686dc986da4673ed95567277cd
09,DR_255_s3_e13,task09/images/DR_255_s3_e13.jpg,dea30677479858f0d93d62bb581e9d4d3d371d3319b3d73919ea8baa74d50ae3,train,case_group_connection,07,val,task07/ap/images/DR_255.jpg,94828a980331190cc84700a33e44afe53cbc462b85f2ad4f1450fa64c49b6500
09,DR_259_s3_e13,task09/images/DR_259_s3_e13.jpg,e7cc79455f2d014f37501c401131d0100baa0c29ae7e2b5f6987b564174c8508,train,case_group_connection,07,test,task07/ap/images/DR_259.jpg,e5ab1a41f46dbd73ea0001c49580ce1a40e2adeb394961a6da77eba50ca9b967
09,DR_260_s3_e12,task09/images/DR_260_s3_e12.jpg,1150f1e27111a5cb086d92a06b6c064c99ad8eeb831b9b059c659862218123b3,train,case_group_connection,07,test,task07/ap/images/DR_260.jpg,17077258c56128b2733634a6a0457f40977c1010818d45b85df083a302777d5a
09,DR_263_s3_e12,task09/images/DR_263_s3_e12.jpg,a9d1a2742e5823f614b0326100657828ab43e479ac9dc7bc700e2c2c01c6f671,train,case_group_connection,07,test,task07/ap/images/DR_263.jpg,3e2898db4e0d1a813841147a3e9d1bbd0ec89a609c9a1351bed1547380d6fe9a
09,DR_265_s3_e15,task09/images/DR_265_s3_e15.jpg,b056ae54ec463f09713e7783362d26f03efcac78d3fe7ba132a28a959b6ee320,train,case_group_connection,07,test,task07/ap/images/DR_265.jpg,a3dd6b231c1df952667a54457610684e3a51c19bf106e045a2dc4734a97cbdf0
09,DR_267_s3_e15,task09/images/DR_267_s3_e15.jpg,7fe88bc29cc0dbefa047ff6cbb88b89e13d0db41a12f9bedbec4715235caa10d,train,case_group_connection,07,test,task07/ap/images/DR_267.jpg,5123032c012897ff730ba3ab0e14565740b92bbba51f458f500ffc3d069928a3
09,DR_27_s1_e12,task09/images/DR_27_s1_e12.jpg,b4a6689b5fe277977c5feb4cd9646aa83a6a3bb859958e96ace11f7809f0f08b,train,case_group_connection,07,test,task07/ap/images/DR_27.jpg,aa01b179d233865baa7c2a60f6dc3ce455dcd4cf117c727c8b3239c7ad3a966c
09,DR_289_s4_e13,task09/images/DR_289_s4_e13.jpg,7f63b059a8a8a31bc0752a6c1fe7d12e3bd3d65ace1535085858e2067a914268,train,case_group_connection,07,test,task07/ap/images/DR_289.jpg,f7c06a9f9af75be1179d8854cdfa977094ecff5b4255b20bfebaacfc1c065307
09,DR_28_s3_e14,task09/images/DR_28_s3_e14.jpg,42b69931a2f79cb2c6e50f14fc7589311c3c4095dd3be3d637754975b7acd6d7,train,case_group_connection,07,val,task07/ap/images/DR_28.jpg,4dee6ca4d55adee45895e161e51c4baee516038ae4dc06c948d7d9920adcd461
09,DR_291_s4_e13,task09/images/DR_291_s4_e13.jpg,9769c0cb943e05d8a736a8b29d3c350c12c5ae4a25694d3e88a9dd514d69d2d5,train,case_group_connection,07,test,task07/ap/images/DR_291.jpg,e0336125803c1980f482421874f8fbd97208824702fb60608716ae64af11ef20
09,DR_294_s3_e13,task09/images/DR_294_s3_e13.jpg,a5e5d24cc79f97136142edcf691643d138449ea54e0399a0850c53556470a066,train,case_group_connection,07,test,task07/ap/images/DR_294.jpg,78a6d6cfe8c02b6ea2a21008a8609dfb4ebcdd19e490bccb8260583e8b886f14
09,DR_296_s4_e13,task09/images/DR_296_s4_e13.jpg,57b9267a20f11bb18ee8b0ad4373967e43a517f6129e810c0db5901956c6bd28,train,case_group_connection,07,test,task07/ap/images/DR_296.jpg,e44879f25a5bf93e9d3d98c37830815f6a10e661c1ff3717408e510b25cd596b
09,DR_302_s3_e12,task09/images/DR_302_s3_e12.jpg,3463974a581b6e370cb0c6e3ad28bba14adc17341aed75f549865fc75130c863,train,case_group_connection,07,test,task07/ap/images/DR_302.jpg,db359c9758c958f6ed883fdb68b1ec2944a70e3b61e1ad4b99e5dd1c76d7d2d6
09,DR_306_s3_e14,task09/images/DR_306_s3_e14.jpg,33c9a0720a165d368641743a774dc5186dfea489464629f638fe955796ce50a7,train,case_group_connection,07,test,task07/ap/images/DR_306.jpg,988553d233949d935418ebd0ccfacb1c47041e1cc193a31e058123ea7ac42aeb
09,DR_309_s4_e13,task09/images/DR_309_s4_e13.jpg,6f57eac343adc45212021ce1ce8f32a94d625851fd06ad2d977f1e72eaac538e,train,case_group_connection,07,val,task07/ap/images/DR_309.jpg,7736512a344bd80b4de846447235774ee0764d9731d5698c534b525dc21a0a22
09,DR_311_s4_e14,task09/images/DR_311_s4_e14.jpg,7d35ed0221af4efbf2dfd32ce95c1f085e28d8c99fdfbc714f136956c04d35c4,train,case_group_connection,07,val,task07/ap/images/DR_311.jpg,46875500849d59958eb373a8dbe9ecbd6630077d9239e37ee80069a94cca44a8
09,DR_322_s4_e14,task09/images/DR_322_s4_e14.jpg,5ec2521d10a5ebc83b59c06651f30595200b0aa818d1f418b9044304b04ec4c2,train,case_group_connection,07,test,task07/ap/images/DR_322.jpg,1fe61c904f85623ceccea077001c8e5d1c84afd0d23044b70334664912ed8d58
09,DR_323_s4_e13,task09/images/DR_323_s4_e13.jpg,bf714438bbcb879307cbed6fd8691363f712e32bfc0fbb305a1f079ee79efc95,train,case_group_connection,07,test,task07/ap/images/DR_323.jpg,470a24a53fbbaa4c47caec59bbd2e031fcacb1e21545db675251d082f81fcba4
09,DR_326_s3_e12,task09/images/DR_326_s3_e12.jpg,01a6c86509f53a90d66e0cf052799a21e077361c0b808193b102ce7e2ed98381,train,case_group_connection,07,test,task07/ap/images/DR_326.jpg,72610c5dacdfc56a10296cb6bc5f42da5338d5b0385ab74b2b33ed07c16e6f6f
09,DR_328_s2_e15,task09/images/DR_328_s2_e15.jpg,d916042b528ef8be3e285e8059568043c7c6527afa117b7b833289b7c100f175,train,case_group_connection,07,test,task07/ap/images/DR_328.jpg,7e4f36574fafece2df310734b23b35e668411550c780db5b199ef069d40c8f1b
09,DR_337_s1_e12,task09/images/DR_337_s1_e12.jpg,fa38a7768fc9b0e9706b6ea5ddb29ffa4c45e80493a4fee014b15e5592a98db7,train,case_group_connection,07,val,task07/ap/images/DR_337.jpg,e2d33796ce1ed54324c3c05b3e8bed24dccea12aec235bb0d8863766026ed4d4
09,DR_338_s3_e15,task09/images/DR_338_s3_e15.jpg,586cba3b8131ccdf37a79d4482a5c517b6f511f0444abe955ad9d3d9efb5281d,train,case_group_connection,07,test,task07/ap/images/DR_338.jpg,6d2c6d0cda2c47e366f800eaa7e8ab2e8833a0138d4c4a56aff6cbbc07d3bc60
09,DR_339_s3_e15,task09/images/DR_339_s3_e15.jpg,1442ae62fcebb25ba9584053f061735fdfe0f4e46a4794747e208f853cc5a6cc,train,case_group_connection,07,val,task07/ap/images/DR_339.jpg,5d603ba797f53952de6d09c4683eedc0d04ab4b1457678ade5a4c40ae0eb3f96
09,DR_33_s1_e13,task09/images/DR_33_s1_e13.jpg,4dec37930398983205af80c1eee9314a3fb19b2163f6b06057c1da0f80d20f84,train,case_group_connection,07,val,task07/ap/images/DR_33.jpg,1188d0adb634d1ca221bbfc8f99c9cf81fa43a8c85ff2edafe540b8e6e87da99
09,DR_363_s2_e13,task09/images/DR_363_s2_e13.jpg,6ab18ff94fb806b97bad6f18725ec23090d0ee341c104df18b70643fd1c54d72,train,case_group_connection,07,test,task07/ap/images/DR_363.jpg,ecde1c06029e50f9422af528a3adbc573a05fa654f10d1acf996801dc2d083e8
09,DR_365_s2_e12,task09/images/DR_365_s2_e12.jpg,902a1f64e2111aa892573ce56a9a64ab116f97f639a84d3d1191d2d287455217,train,case_group_connection,07,val,task07/ap/images/DR_365.jpg,5ffbc057a36e6eb16ca5bdbfcfa54d2834d699da5db0c3a6cb1200100b37b980
09,DR_377_s2_e15,task09/images/DR_377_s2_e15.jpg,b1d037b9031aa69c0bd5908760d8c7da6251df07f70c83c17ac87ab590e72277,train,case_group_connection,07,test,task07/ap/images/DR_377.jpg,44ac637880ca70830c01176649a852b18affc72e4c85c63eabb39b52a196d939
09,DR_386_s3_e14,task09/images/DR_386_s3_e14.jpg,d4634e3ec0f8f90c0d230d4f2cbc950851f283dda5dfd57329efb566964ca201,train,case_group_connection,07,val,task07/ap/images/DR_386.jpg,8cb012015b2d00afa1c469cdfae0004f8158b9667fb9f3bf9f9624e9d3d4fe1a
09,DR_387_s3_e15,task09/images/DR_387_s3_e15.jpg,74468a1c825a78c72f2248cb4124b054ea8f0353ef00087bf362a7af128685f9,train,case_group_connection,07,test,task07/ap/images/DR_387.jpg,81712c4b4bd8413e1e640b1ed9f83749b32b5d8f64b0a58f41b688f5cc58d747
09,DR_394_s2_e15,task09/images/DR_394_s2_e15.jpg,cc6f4358958f74b8eab7af23503c3e3152edbf24c5ba065a983afc6131eef66d,train,case_group_connection,07,val,task07/ap/images/DR_394.jpg,a53dd37fbdb7f7ba2925e9cec104fdaa6b9f6b269cdbb170d2fab48c4298bd23
09,DR_397_s3_e13,task09/images/DR_397_s3_e13.jpg,d1f7919114dc3da8781ee2559db7143e62d15e80347e37a0404388e1797e0be1,train,case_group_connection,07,test,task07/ap/images/DR_397.jpg,4f50eaa13708dfc6b00c0a8eb20cf223fcbc6854c0cf154cad0891ef0d8efe28
09,DR_402_s3_e15,task09/images/DR_402_s3_e15.jpg,2606c3566eae8d78a0af48b6a1c74712dbe3653f5b7d2fda1b69fc100a389fa2,train,case_group_connection,07,test,task07/ap/images/DR_402.jpg,90f56090ab813753d905ae5d623af5a98d1a79c1e7284be446bf5cac7a76cacc
09,DR_413_s2_e15,task09/images/DR_413_s2_e15.jpg,61a6728441d75e0406551db60dfd9898e2c7e8e8626170cbbfe2116df5be4b80,train,case_group_connection,07,test,task07/ap/images/DR_413.jpg,bbf0b0c205bd49a7e0e63b031c4f3d5b47dd9d8a0931173d6fff096c3d66c651
09,DR_416_s3_e12,task09/images/DR_416_s3_e12.jpg,9bd61a45e7030f1e9fb673b6fdf9f198c076fde5a06fb65353f9bf82c193d29e,train,case_group_connection,07,val,task07/ap/images/DR_416.jpg,17955ad99d93ff73e009a5e5ef337ae5d324a8203bbcfe078e029574e1637506
09,DR_425_s3_e14,task09/images/DR_425_s3_e14.jpg,9d3df820ceed4dab78a05ef89924a27f4ec7684f304d1c25e2cabd0cce126b1c,train,case_group_connection,07,test,task07/ap/images/DR_425.jpg,e11d27920ce09e153412525443bad13fc7135c76fc77cb4638a1386a121f2cb9
09,DR_433_s3_e14,task09/images/DR_433_s3_e14.jpg,d5f39986157cb2067ef13d4cf32f1c39c2975b0dc9972218adf404ff4d2ed711,train,case_group_connection,07,excluded,task07/ap/images/DR_433.jpg,1eb4bf5c89a43bad0e818dfd96066c4d511a57eddbf750abb9bdbb5ea7bd7f92
09,DR_435_s2_e14,task09/images/DR_435_s2_e14.jpg,846ecf7a613f2192ef72045e5ab92930f11db54ef8b0dbc1867fcea0e686ecc7,train,case_group_connection,07,test,task07/ap/images/DR_435.jpg,e2855472763ede6a389bf005cb7453a18e4359dea4cbc26e752e84bb3e15b54e
09,DR_447_s3_e12,task09/images/DR_447_s3_e12.jpg,122e5c9ba75acb038c8aef3dd20f4bde7574aace65470ccdfbff19d9c80c67d4,train,case_group_connection,07,excluded,task07/ap/images/DR_447.jpg,1210ce322d98ddc6c656e9d8d73cadc042d8be445ef0072404f7f5a5ffd37be9
09,DR_455_s3_e15,task09/images/DR_455_s3_e15.jpg,d816d7c13d1c3841160e8c882cccee1d81dee0a8bf85e1099fb89db8dd8e9886,train,case_group_connection,07,test,task07/ap/images/DR_455.jpg,89f5a8314eab9274c01e0c8a13cef58f2af943cd5662597e1bd8ed9df6cb26ee
09,DR_458_s4_e13,task09/images/DR_458_s4_e13.jpg,8e01ff92431a699a3f02dc745199e269d4a4c83bfc34ed88e4abfdc6360e1bc7,train,case_group_connection,07,val,task07/ap/images/DR_458.jpg,fe5b2493927abab585aca5bbdee073d2a32ee1c0a928dbcf3775df10b378e905
09,DR_459_s2_e14,task09/images/DR_459_s2_e14.jpg,ec3401e53e63f82a657ef8abcd45f5b3c18a0f55f5b81dbc86549585b710660e,train,case_group_connection,07,val,task07/ap/images/DR_459.jpg,bedcb4b1a0548b5e4c306436b0e0b1d40681e1875b1eeca1f03d550874d5dd95
09,DR_45_s2_e14,task09/images/DR_45_s2_e14.jpg,f94797a1cbdf13700eae59983ebfb5381b160256765824ec12e55ebd7a44bbec,train,case_group_connection,07,test,task07/ap/images/DR_45.jpg,588ad14f869b62608f8a249376cfa5d960bef7b00b1b8671de3f97a78d1742ed
09,DR_461_s4_e14,task09/images/DR_461_s4_e14.jpg,b79836ab367bc5c4d1869cce73ed15cfd3f64afa9525b92d6b6d9d569052fce7,train,case_group_connection,07,test,task07/ap/images/DR_461.jpg,b9ef2f0e83bb62cece6670d8da759d1a503da6d1fb3a2ba9a5ce6309a15edbea
09,DR_462_s1_e13,task09/images/DR_462_s1_e13.jpg,51c062c772f0a9144ba87cbb2982711b47c825caa0dda486ac4e222204d3ce45,train,case_group_connection,07,test,task07/ap/images/DR_462.jpg,5a774281d58bfb863cf42142c5e4427a69018787cef0d7d624d49e6b90917562
09,DR_466_s2_e12,task09/images/DR_466_s2_e12.jpg,b825629269a9b54d77aa3ca3385260ae18d477bf691ffa6fbe3e1a768b0c4b7c,train,case_group_connection,07,val,task07/ap/images/DR_466.jpg,714f6fe87d369559f1b5ec7b921d48ca4f2faea2858a1432bbefdff3cd70b5d6
09,DR_46_s3_e14,task09/images/DR_46_s3_e14.jpg,7040062ac9a23325f1ea0c1fec5884f827b9f3fa6fcd02ebaeb9e68dd962b9a1,train,case_group_connection,07,test,task07/ap/images/DR_46.jpg,dacdacc82ffa0948e397adbd73ec88d41fe29b16cc553d1f84674630cc489d4e
09,DR_471_s4_e14,task09/images/DR_471_s4_e14.jpg,e2741a4dd78c42f7c6223a8c7bc0242cedf93f942681c738ee336d7e58d90f7f,train,case_group_connection,07,test,task07/ap/images/DR_471.jpg,6582dd3b2226312e38faecba16047a1ea971dc4639effad90e218f06dfc51372
09,DR_472_s1_e12,task09/images/DR_472_s1_e12.jpg,5d5443d101d61a76c7d5d2397aae93404ded45868422d5471ab03b0213810b9a,train,case_group_connection,07,test,task07/ap/images/DR_472.jpg,f665cdec25a39fe90e623a01688cb91b5515e8f1c3a30b8ad55c49ab817ad5bb
09,DR_479_s2_e13,task09/images/DR_479_s2_e13.jpg,fb42749b49a8e2362747d3d53dbe87042b76c739c058e08906285116b7d8f1c1,train,case_group_connection,07,test,task07/ap/images/DR_479.jpg,4e9908e059e8bfa69bbcf8fe718324384324c07b5663ebcc3fd9cb61cf0fff62
09,DR_480_s4_e13,task09/images/DR_480_s4_e13.jpg,9cb3bc3660365a90239de5df9c68ada4a113ddf0867cd8772d10124be795d7b1,train,case_group_connection,07,excluded,task07/ap/images/DR_480.jpg,98f8d4a7ae6c513a27d62c88995e357a8d82fd2c8f5775457d6cd4e1d6b79984
09,DR_483_s3_e13,task09/images/DR_483_s3_e13.jpg,66e8802688c1370ad5abe0100c501c0ad41aea0ea1c1d6e37893bd9a6b8fdda6,train,case_group_connection,07,test,task07/ap/images/DR_483.jpg,7c84469f64978de28ac0f8c2fca9f95db3dff6707b4f8b479a2f38d9dae31895
09,DR_489_s4_e14,task09/images/DR_489_s4_e14.jpg,7686693fb763223f23a0a43b77c54f229792d89f17dae420dc7d7dd855047f4e,train,case_group_connection,07,test,task07/ap/images/DR_489.jpg,5b392899cad7a36da423badeeef08cf50e2c49121c125b3d3dcf3d106232d3ff
09,DR_491_s1_e12,task09/images/DR_491_s1_e12.jpg,7d2a0ea30e1dd7e0139d9ac29e5a0bb3ae593d6ef9b7cb6403affb58ac3031ff,train,case_group_connection,07,val,task07/ap/images/DR_491.jpg,732fe8ff0d43edcb1fa03c97fae1b6616e4eb462221631447cdf7e1c96d9223d
09,DR_497_s1_e13,task09/images/DR_497_s1_e13.jpg,1cc03253c67ffc6183e8596315b8a92f91f1ebc997bf4c1faaae927eec7c46c5,train,case_group_connection,07,test,task07/ap/images/DR_497.jpg,782d327fa8626ff0aee6539534442515c34a5518189ae0d741a579ef09f064a1
09,DR_49_s1_e13,task09/images/DR_49_s1_e13.jpg,1938ee23cc3b8a5349ff45064c9534cf83e68e6cb256e50eb5464d0ded7581d9,train,case_group_connection,07,test,task07/ap/images/DR_49.jpg,69dc44b1d4a375d0c71bfc448c2ff640cd395d12eb9bfe68a87c01d263d560c4
09,DR_500_s4_e13,task09/images/DR_500_s4_e13.jpg,c62ec80092f26ad8eab2cb2e2dbe6bdce4d60029e81c5105023659c42acc45f5,train,case_group_connection,07,test,task07/ap/images/DR_500.jpg,688d1a688807f22f79c1f41562fb93153121ac5fa4c29b2424f7f9266602ae36
09,DR_505_s2_e12,task09/images/DR_505_s2_e12.jpg,52958111e85919aae8b50ceb39f75a1189bcde5681d7c8a2772f47e47b93a708,train,case_group_connection,07,test,task07/ap/images/DR_505.jpg,54e6073999e645c2b49b27a5c25f9388b56868d75a96febb0ce7e1bc0a0ef94a
09,DR_57_s3_e12,task09/images/DR_57_s3_e12.jpg,15de65bc59a5021fd3ab11f38b94ca49198928f48ad44bba4eb489510be5edfd,train,case_group_connection,07,test,task07/ap/images/DR_57.jpg,3eec2e03b2a4a2ddb752b412a52545725d4ba0ea44fd21c2173cab2087b6c538
09,DR_65_s3_e12,task09/images/DR_65_s3_e12.jpg,64c3f334f942d088a3bccfb2342a22e8d2b342d739651b496b32e98b4a58aaa5,train,case_group_connection,07,test,task07/ap/images/DR_65.jpg,c7a4c13bd1e94499f6dce94948d258f376cef353d9131aca9ae35370677d4d90
09,DR_70_s2_e14,task09/images/DR_70_s2_e14.jpg,6c5ae5995d330ac9449e47e19b92d49523ae20c8f75a5c7e41045514e07573c0,train,case_group_connection,07,test,task07/ap/images/DR_70.jpg,15b3460a4bc275a6390e7303e72fb3c4c26fe85c716941bb6fafb816da6010e5
09,DR_73_s3_e14,task09/images/DR_73_s3_e14.jpg,0a29ac732fa98e6b49f06e23e02b79c3808898515bd3e3ded5e9fbb2ae03882c,train,case_group_connection,07,val,task07/ap/images/DR_73.jpg,ad189c26776c6597daedc5074473553c217d38431bfd5ee3fb27697fc726e0ed
09,DR_80_s4_e13,task09/images/DR_80_s4_e13.jpg,7833a79a0b5dd9659a936f458da3991d7fbdb8a401803d989521f5997f12e5be,train,case_group_connection,07,test,task07/ap/images/DR_80.jpg,da09969cd129f9c2d20e847e4b8aa3e876576600b2a228d226eae9b0c2a41379
09,DR_89_s2_e13,task09/images/DR_89_s2_e13.jpg,9eb1fc6681f6ac0e743ba6da8d9fd67bd0e8cdf5a3351da1c8ce261d16e64545,train,case_group_connection,07,val,task07/ap/images/DR_89.jpg,3be8f415d44b0e5ddbc43c4c62a86a54e9a6212a4833717f64a1ce85150dbe13
09,10,task08/images/10.png,08d18129c7e3f0ab076b1c5272aa27d392cd357dec5feb28bb3b0e6cd489cc95,train,case_group_connection,09,test,task08/images/gs10.png,b9f3f2823245a991bd03d16f8b03d7d087bc8e53d23bde15fb0eef2e0377f79d
09,102,task08/images/102.png,87bb16a8aef3b0c7c5c0e3817bf0e822b0406bdae8cb5f0096b77dad14c8453b,train,identical_sha256,08,test,task08/images/102.png,87bb16a8aef3b0c7c5c0e3817bf0e822b0406bdae8cb5f0096b77dad14c8453b
09,103,task08/images/103.png,339253824e78fc807a39f71506b79604867f17dcb61c550b3d944ea502e2586f,train,case_group_connection,08,excluded,task08/images/gq103.png,89ee6db404190a0c8146de94f260a8bac69cf37185928a6020f50ef092c549e6
09,104,task08/images/22.png,badcbcf9f16c35f0739619c457d68cf4911afe95fdb6aee7f07a359299a2b6d4,train,identical_sha256,08,test,task08/images/22.png,badcbcf9f16c35f0739619c457d68cf4911afe95fdb6aee7f07a359299a2b6d4
09,108,task08/images/108.png,b6db868dbf17e0de5aeb0ef6591b375d8be7780351a4e899ebdc8ed073887d44,train,identical_sha256,08,test,task08/images/108.png,b6db868dbf17e0de5aeb0ef6591b375d8be7780351a4e899ebdc8ed073887d44
09,11,task08/images/11.png,a65a6717b8c5ab3a6907a8caf0a1fb87fd9a02149f552c702c3e9dd1422f36f9,train,case_group_connection,09,test,task08/images/gs11.png,8ad8045c0e1ce0cb43aaac6ac9088cfae3bce7104054d86561692829d841e0cd
09,110,task08/images/425.png,d29817a6f0eba50facc5252e37b6cd94be2f4318ad21dc01c31d8e3db9ef9e67,train,identical_sha256,09,val,task08/images/425.png,d29817a6f0eba50facc5252e37b6cd94be2f4318ad21dc01c31d8e3db9ef9e67
09,111,task08/images/111.png,8e4fd85be27a07cae447d95e0f43d24699cfac08b42dccbf11175921c404e255,train,identical_sha256,08,test,task08/images/111.png,8e4fd85be27a07cae447d95e0f43d24699cfac08b42dccbf11175921c404e255
09,12,task08/images/12.png,8a51222082b58ef3015987f2f3a9a94a98097f32f96fc1a72576c44f36a50f2c,train,identical_sha256,08,test,task08/images/12.png,8a51222082b58ef3015987f2f3a9a94a98097f32f96fc1a72576c44f36a50f2c
09,120,task08/images/120.png,3ef8669fbfbfadacb27f974015366a78d72495c19751ce5f6b450c0fd06ed464,train,case_group_connection,08,excluded,task08/images/gq120.png,0a221b12d5375ad6d06dffcc56cf9607a0c983fdd1b0d56cc331fde3dd95b914
09,122,task08/images/54.png,ba96dd1c4d946f353458b96cf79204458d38f1cdb94b13b677d5d1989108d84b,train,identical_sha256,08,val,task08/images/122.png,ba96dd1c4d946f353458b96cf79204458d38f1cdb94b13b677d5d1989108d84b
09,124,task08/images/124.png,ce89851bb75e45ac59ffd623ce848fdcc2b7262c03d7b36062d1240cdc4d00cd,train,identical_sha256,08,excluded,task08/images/124.png,ce89851bb75e45ac59ffd623ce848fdcc2b7262c03d7b36062d1240cdc4d00cd
09,129,task08/images/129.png,ee9428ad9be0f8b2aabe6628586ed5c2e56f761ce1a2e4f5292f3f646fa5f607,train,identical_sha256,08,val,task08/images/129.png,ee9428ad9be0f8b2aabe6628586ed5c2e56f761ce1a2e4f5292f3f646fa5f607
09,13,task08/images/13.png,9a0f86f525c33129e790424acd8672eef3577b182f09c4b942bcf838edf1a9a5,train,case_group_connection,09,test,task08/images/gs13.png,ee98cc509a5f60e80e7432685d9ddd1f346f2dfaa8cc7bfc59ea1e58844762f4
09,130,task08/images/62.png,ed3f91cb608e7796b57c6e43989e17be9606fec29577d3e0a383627b6438ff55,train,identical_sha256,08,test,task08/images/62.png,ed3f91cb608e7796b57c6e43989e17be9606fec29577d3e0a383627b6438ff55
09,131,task08/images/131.png,e64218b78f227925eea620815ee7eb5edbd5e5938cbf7f8e3b39b80697df072f,train,identical_sha256,08,test,task08/images/131.png,e64218b78f227925eea620815ee7eb5edbd5e5938cbf7f8e3b39b80697df072f
09,135,task08/images/135.png,fbc6ee3bcb3f38dd33cccfb83b49fe2635c44f1332852c1742810fc65bddbe29,train,identical_sha256,08,test,task08/images/135.png,fbc6ee3bcb3f38dd33cccfb83b49fe2635c44f1332852c1742810fc65bddbe29
09,138,task08/images/138.png,8a105e1933a5c5a8b83b8169feaa397faae477351a1a190660e247bd030cf8af,train,identical_sha256,08,excluded,task08/images/138.png,8a105e1933a5c5a8b83b8169feaa397faae477351a1a190660e247bd030cf8af
09,14,task08/images/14.png,0250b5e968d94a0285b9708c1068a06bdc047c8008ea9054ed43e679f9d9b1e7,train,case_group_connection,09,test,task08/images/gs14.png,61387b5495abbf18c41e9f04e32ab3383a41fb795c04f69baa016044e216af61
09,141,task08/images/141.png,75d151ec7d3d884593ec44487321195eaedcff8b63ff971ac9d602f915043d54,train,identical_sha256,08,excluded,task08/images/141.png,75d151ec7d3d884593ec44487321195eaedcff8b63ff971ac9d602f915043d54
09,142,task08/images/142.png,5203b3856d76b50ce340ba3f731febf1856398f0762992332759d1765b7eb639,train,identical_sha256,08,val,task08/images/142.png,5203b3856d76b50ce340ba3f731febf1856398f0762992332759d1765b7eb639
09,146,task08/images/146.png,101a3e007530594cd6cc7759ecc3b1e6ee494069d97a95553e965b9c38d0457d,train,identical_sha256,08,val,task08/images/146.png,101a3e007530594cd6cc7759ecc3b1e6ee494069d97a95553e965b9c38d0457d
09,148,task08/images/148.png,15b7c2ec6d72802da1b9a1cb59df142080f77a72b8810198fca75ba04269bb68,train,identical_sha256,08,test,task08/images/148.png,15b7c2ec6d72802da1b9a1cb59df142080f77a72b8810198fca75ba04269bb68
09,15,task08/images/15.png,3dc6c9fbb9880d33c9dd3d6180d557240880abd204d331147667f1a8c56c9704,train,case_group_connection,09,test,task08/images/gs15.png,c8ec00f3a16d85663b3fd35d1c9a981704128fb2af5e50828cb8d922df6930fa
09,150,task08/images/463.png,73342d53b51c765f8a467710383ef3e9853f73343a3e92a659cc268b1fe9417a,train,identical_sha256,09,val,task08/images/463.png,73342d53b51c765f8a467710383ef3e9853f73343a3e92a659cc268b1fe9417a
09,151,task08/images/293.png,035b642622cab065adac34df2fb200462e66389919038a0744de1d3ebae40de2,train,identical_sha256,08,excluded,task08/images/151.png,035b642622cab065adac34df2fb200462e66389919038a0744de1d3ebae40de2
09,152,task08/images/294.png,e624160ab0968293bd4d53fe744118b79298cb255143351ff8513270e46d110b,train,identical_sha256,08,test,task08/images/152.png,e624160ab0968293bd4d53fe744118b79298cb255143351ff8513270e46d110b
09,154,task08/images/300.png,8264b05c8060feeaa04b25b4a807bd062418d776e16382e123d1d054f7dc15dc,train,identical_sha256,08,test,task08/images/154.png,8264b05c8060feeaa04b25b4a807bd062418d776e16382e123d1d054f7dc15dc
09,156,task08/images/304.png,deadccf001978534d8d201b3ff76a6d4a8d7ebd05a60293f16f1293a8111d367,train,identical_sha256,08,test,task08/images/156.png,deadccf001978534d8d201b3ff76a6d4a8d7ebd05a60293f16f1293a8111d367
09,157,task08/images/157.png,3297200a86604780df450329032b84366cd1eeda0e514fa61a92c7b2d10affb5,train,identical_sha256,08,test,task08/images/157.png,3297200a86604780df450329032b84366cd1eeda0e514fa61a92c7b2d10affb5
09,158,task08/images/305.png,49902cfa0d3dd7f49a8e4c02467a99ee29c9396342549c3c1e4b7921fb74a0bd,train,identical_sha256,08,test,task08/images/158.png,49902cfa0d3dd7f49a8e4c02467a99ee29c9396342549c3c1e4b7921fb74a0bd
09,159,task08/images/308.png,a9f3625d5328744736acb6c8435f0bfc05e4ee26160e26bd49290153efabdfb2,train,identical_sha256,08,test,task08/images/159.png,a9f3625d5328744736acb6c8435f0bfc05e4ee26160e26bd49290153efabdfb2
09,16,task08/images/16.png,f28471a8d42f49cae6efb63d7a6b6ad2e894c9ed0027bc01a80064f5c549ac2a,train,case_group_connection,09,test,task08/images/gs16.png,be675f55dd083a35950eff2b03d78239967ffa5a35824df2a4328210c2fc7459
09,161,task08/images/312.png,03cd814dbf9c4ced094de75f9b9b067a8b90aa9486ad7a06415a44b0f3d543ba,train,identical_sha256,08,test,task08/images/161.png,03cd814dbf9c4ced094de75f9b9b067a8b90aa9486ad7a06415a44b0f3d543ba
09,163,task08/images/314.png,0a3eb7306f246dd419798d2cefb314225c0767b277e0d053767e36e98e61dc14,train,identical_sha256,08,test,task08/images/163.png,0a3eb7306f246dd419798d2cefb314225c0767b277e0d053767e36e98e61dc14
09,164,task08/images/315.png,a586c398f525815f112dab0d83c59e244600a280633edbfbfef08232d425a4db,train,identical_sha256,08,test,task08/images/315.png,a586c398f525815f112dab0d83c59e244600a280633edbfbfef08232d425a4db
09,165,task08/images/317.png,29e83c0a042fdb3ed0379e47a8181f18bb7d10b1022391d140aff3f21c0145d7,train,identical_sha256,08,test,task08/images/165.png,29e83c0a042fdb3ed0379e47a8181f18bb7d10b1022391d140aff3f21c0145d7
09,167,task08/images/320.png,1946bcd98b6d629b20942529e0d2f9e4a0d1cb9f6308c1b9392c90aa5dffb038,train,identical_sha256,08,test,task08/images/167.png,1946bcd98b6d629b20942529e0d2f9e4a0d1cb9f6308c1b9392c90aa5dffb038
09,168,task08/images/323.png,465c43d81346288dfcb86f8ac0131b20aa0633260d3cb0114b75445d977cdaa3,train,case_group_connection,09,test,task08/images/gq323.png,8721ebc7e3b93f68987d2dad1bab775bb0a4262b33b01ab3ee31e1cacb0740e1
09,169,task08/images/325.png,eda6705e5786b93a5eae7ac56edb666a81ae0cb1272723732fe305904115b718,train,identical_sha256,09,test,task08/images/325.png,eda6705e5786b93a5eae7ac56edb666a81ae0cb1272723732fe305904115b718
09,17,task08/images/17.png,32283ced5f1b06a0dcbf4b8effcaa50573021b4ec769a7b201b8efe1f1e2c0ca,train,case_group_connection,09,test,task08/images/gs17.png,a9658ac18bb80a6d9f55d829cbf240f0f435288be5059d980d715c06fd6d59e5
09,171,task08/images/328.png,59744a74a75409ea41400844c8835ba7fadec760cd14622bbe5549b8738b4ab7,train,identical_sha256,09,test,task08/images/328.png,59744a74a75409ea41400844c8835ba7fadec760cd14622bbe5549b8738b4ab7
09,172,task08/images/333.png,b5e32dc60785bcc93186e0f0e4456ab6234d7079815f92c7d9a2c513ce0341aa,train,identical_sha256,09,test,task08/images/333.png,b5e32dc60785bcc93186e0f0e4456ab6234d7079815f92c7d9a2c513ce0341aa
09,173,task08/images/334.png,2f46c399bb3aa5d6530a739e42b5b8ff12e4011d2af1894525403f06b7eaca00,train,identical_sha256,09,test,task08/images/334.png,2f46c399bb3aa5d6530a739e42b5b8ff12e4011d2af1894525403f06b7eaca00
09,174,task08/images/335.png,d99c3396c2fd95f9f6270aa104608a09efcab57581af7c1cb544d915dbec2223,train,identical_sha256,08,test,task08/images/335.png,d99c3396c2fd95f9f6270aa104608a09efcab57581af7c1cb544d915dbec2223
09,176,task08/images/338.png,6865f8371e3ef1a6b09c1b5de2983cb30a5c9492af4f27b95d833517ba7940f4,train,identical_sha256,09,test,task08/images/338.png,6865f8371e3ef1a6b09c1b5de2983cb30a5c9492af4f27b95d833517ba7940f4
09,177,task08/images/339.png,b8da4d815a5660fed2e1e869250a46b2e89a9ae1267206deabd023f686664a2d,train,identical_sha256,09,test,task08/images/339.png,b8da4d815a5660fed2e1e869250a46b2e89a9ae1267206deabd023f686664a2d
09,178,task08/images/342.png,9ae7ada833e409942c0cad392babd9b22bf8a32a4f6f54e77a5aa4998d584ae0,train,identical_sha256,09,test,task08/images/342.png,9ae7ada833e409942c0cad392babd9b22bf8a32a4f6f54e77a5aa4998d584ae0
09,179,task08/images/345.png,ba7a9dde8b614d058175da36ea68e526733566616ed9ff3cc37cee9b71121644,train,identical_sha256,09,test,task08/images/345.png,ba7a9dde8b614d058175da36ea68e526733566616ed9ff3cc37cee9b71121644
09,18,task08/images/18.png,fdd3479dabf97a5ece152c1a06502e99430224f0d5d9cc97d879cb819a7cdae1,train,case_group_connection,09,test,task08/images/gs18.png,f8235bbb4cd1c34c0e11f36c6eba400d99d6a8671d55bfbe5176ab1a27585cf3
09,180,task08/images/347.png,41c0d229db99af88d71d567a721b32f084a153437e63584a039441ee17dc96fb,train,identical_sha256,09,test,task08/images/347.png,41c0d229db99af88d71d567a721b32f084a153437e63584a039441ee17dc96fb
09,181,task08/images/353.png,643db4bf190bcaa813e888ef42707700ffbeb46d792b11d9fc80b665a3702016,train,identical_sha256,08,val,task08/images/181.png,643db4bf190bcaa813e888ef42707700ffbeb46d792b11d9fc80b665a3702016
09,182,task08/images/354.png,8b94847fc00565d1cf6608f3047d62953a7f375a5dd81676977b3e29e99943a8,train,identical_sha256,08,test,task08/images/182.png,8b94847fc00565d1cf6608f3047d62953a7f375a5dd81676977b3e29e99943a8
09,183,task08/images/357.png,c681873d6d7314b5dc70f001351f2a7f4227068a9832c2ea328593a15db9acf2,train,identical_sha256,09,val,task08/images/357.png,c681873d6d7314b5dc70f001351f2a7f4227068a9832c2ea328593a15db9acf2
09,184,task08/images/361.png,699384cc90a943bbbd144e71dc52a71dc94923deefbe80051a5dc22ab342fe25,train,identical_sha256,08,val,task08/images/361.png,699384cc90a943bbbd144e71dc52a71dc94923deefbe80051a5dc22ab342fe25
09,185,task08/images/362.png,26cef42b8017a32c2b08135ddfa45b1e85372b781320483167c2bea0908a8a21,train,identical_sha256,08,test,task08/images/185.png,26cef42b8017a32c2b08135ddfa45b1e85372b781320483167c2bea0908a8a21
09,186,task08/images/363.png,e346766b4247ffcb668c4b91fd82448b2ff02a5dcbe6400859693a9f805aaa1f,train,identical_sha256,09,val,task08/images/363.png,e346766b4247ffcb668c4b91fd82448b2ff02a5dcbe6400859693a9f805aaa1f
09,187,task08/images/364.png,e1b5444f59983f6d2d1d3046485518c22b01119fc5ade2075bb6ec4b1b914edd,train,identical_sha256,09,val,task08/images/364.png,e1b5444f59983f6d2d1d3046485518c22b01119fc5ade2075bb6ec4b1b914edd
09,188,task08/images/365.png,8312e298037fa2058784eeffa5cee95706114d2a2fa05d1df0b172ba5b3dc9e1,train,identical_sha256,09,val,task08/images/365.png,8312e298037fa2058784eeffa5cee95706114d2a2fa05d1df0b172ba5b3dc9e1
09,189,task08/images/366.png,0f2efb84696591172d69f8f906586467d579b1759345f8e4bc8dd982cf6ca784,train,identical_sha256,08,test,task08/images/366.png,0f2efb84696591172d69f8f906586467d579b1759345f8e4bc8dd982cf6ca784
09,19,task08/images/19.png,46f0ffdb8d9d9c4a612a71d721f1ea2b07bb6979bcd9403ab7d354029d741214,train,case_group_connection,09,test,task08/images/gs19.png,f7226700a321b2d3cbacae9c5ca6a71170d497aaec18ec664d33300090d2322d
09,190,task08/images/368.png,ab730b95194aa4f35c499ab9cd2afe6b92a3c920bc15d0f6aaf240d179e74fe3,train,identical_sha256,08,test,task08/images/368.png,ab730b95194aa4f35c499ab9cd2afe6b92a3c920bc15d0f6aaf240d179e74fe3
09,191,task08/images/371.png,700851a4ccdaf38a7d31d391b35c777b9589a7bf09cff48d916690d59f349b1e,train,identical_sha256,09,val,task08/images/371.png,700851a4ccdaf38a7d31d391b35c777b9589a7bf09cff48d916690d59f349b1e
09,193,task08/images/372.png,281b4d8b878cc926f013d3d00e7515a4b941308246fef02837dfdfbfa4b3b52c,train,identical_sha256,08,test,task08/images/372.png,281b4d8b878cc926f013d3d00e7515a4b941308246fef02837dfdfbfa4b3b52c
09,195,task08/images/375.png,bf66af1aec22491d1c427611bfbdbe2ccda3c21e07236df7eab5faf41bb71993,train,identical_sha256,08,test,task08/images/195.png,bf66af1aec22491d1c427611bfbdbe2ccda3c21e07236df7eab5faf41bb71993
09,196,task08/images/196.png,bc85fca10c9088f829e43fedf578d6c9dc257bdf9db179e106fdd44d24a0e844,train,case_group_connection,08,excluded,task08/images/gs196.png,a8053febca3f62783c023159fd267d9a2069cfc10c8dfdfa70946a34ad042483
09,197,task08/images/378.png,b0407c60763edde22c8f2541a23c11598186a47b3fe69b5d4768d682b0f22b0d,train,identical_sha256,09,val,task08/images/378.png,b0407c60763edde22c8f2541a23c11598186a47b3fe69b5d4768d682b0f22b0d
09,198,task08/images/380.png,118c75888fcbc593ab513d195b271fab7228554b6c6070a1930fca5d84ccb0df,train,identical_sha256,09,val,task08/images/380.png,118c75888fcbc593ab513d195b271fab7228554b6c6070a1930fca5d84ccb0df
09,199,task08/images/381.png,082c594bc19fbeda26a924abc5121cd536dd2a82c6ad5acc709165cde2c7d93b,train,identical_sha256,09,val,task08/images/381.png,082c594bc19fbeda26a924abc5121cd536dd2a82c6ad5acc709165cde2c7d93b
09,20,task08/images/20.png,7993bf03082ee5013b44914d42647284287346054c5b978788a9b52069b057a7,train,case_group_connection,09,test,task08/images/gs20.png,7c5f924e05d067270f72298dab1cff5c070f72c8587495f3c857cf2824081342
09,200,task08/images/384.png,1244900e603e83df3a98c28faef76f6d4b84e336388748de17ae7cc9d84d4f6c,train,identical_sha256,09,val,task08/images/384.png,1244900e603e83df3a98c28faef76f6d4b84e336388748de17ae7cc9d84d4f6c
09,202,task08/images/385.png,0a4b8f8a35f19fdea57b92d7f6f2c53c3a2c7fe354d2b52ce6c938444cab4fab,train,identical_sha256,08,test,task08/images/202.png,0a4b8f8a35f19fdea57b92d7f6f2c53c3a2c7fe354d2b52ce6c938444cab4fab
09,203,task08/images/387.png,2fbd7346fa7bcae914e4fbb703fea754633325a996b9bdb2cfcd63afe0affd26,train,identical_sha256,09,val,task08/images/387.png,2fbd7346fa7bcae914e4fbb703fea754633325a996b9bdb2cfcd63afe0affd26
09,205,task08/images/388.png,f77ef341195fbbbfefb19bcc550b9e319ccdc0235a7f88636451fff9bc35a672,train,identical_sha256,09,val,task08/images/388.png,f77ef341195fbbbfefb19bcc550b9e319ccdc0235a7f88636451fff9bc35a672
09,207,task08/images/389.png,4a276ec433fead6222f2d2a8cf71d9597c3a6efef2bab8c05bc7984b04990c15,train,identical_sha256,08,test,task08/images/207.png,4a276ec433fead6222f2d2a8cf71d9597c3a6efef2bab8c05bc7984b04990c15
09,209,task08/images/390.png,43c0d83f2ab4d90c6cfe67a876c5819bbbee8f7b3bf45f386d16fee20360274f,train,identical_sha256,09,val,task08/images/390.png,43c0d83f2ab4d90c6cfe67a876c5819bbbee8f7b3bf45f386d16fee20360274f
09,21,task08/images/21.png,c1fd7457eba1cba5829cc5d2a167b339f3aad5a8c96f7d537dca4927a31d402f,train,case_group_connection,09,test,task08/images/gs21.png,7f237ba57227a915afc7806278142d685cbaf332a7d6c766f4f376541e218bef
09,210,task08/images/391.png,9cad8050165052021d85007f8b4f2e5e33512ebda8c5482a7b3b5a32dd8d1d57,train,identical_sha256,08,val,task08/images/391.png,9cad8050165052021d85007f8b4f2e5e33512ebda8c5482a7b3b5a32dd8d1d57
09,211,task08/images/393.png,446e48a942df0bcc9fcf5c7d23de43c7fb9e864ecc930df141d57c9abf064e39,train,identical_sha256,08,val,task08/images/211.png,446e48a942df0bcc9fcf5c7d23de43c7fb9e864ecc930df141d57c9abf064e39
09,212,task08/images/292.png,0be554ecc8edd8263a5d047add50c7bb669ffaa6b1c80c73c90ef155d1564f86,train,identical_sha256,08,test,task08/images/212.png,0be554ecc8edd8263a5d047add50c7bb669ffaa6b1c80c73c90ef155d1564f86
09,213,task08/images/299.png,10b7d9e01532513182f35edb8531f80dffb253bd2b01454b3c3e7f26d3e2582a,train,identical_sha256,08,val,task08/images/299.png,10b7d9e01532513182f35edb8531f80dffb253bd2b01454b3c3e7f26d3e2582a
09,216,task08/images/216.png,758a05c3d37f875a0ecb7e01aae8f6a5729419ab51ddfb0bf315c73928192bdd,train,identical_sha256,08,test,task08/images/216.png,758a05c3d37f875a0ecb7e01aae8f6a5729419ab51ddfb0bf315c73928192bdd
09,217,task08/images/217.png,45b6842bf680077a9d6004dc0a713d41b8141b5f1b3548892e881b2bfa57ea33,train,identical_sha256,08,val,task08/images/217.png,45b6842bf680077a9d6004dc0a713d41b8141b5f1b3548892e881b2bfa57ea33
09,219,task08/images/219.png,29c141733c5c397fe8cfb9d4901244394cd2b5c3580a5728ee9f1e1334549910,train,identical_sha256,08,test,task08/images/219.png,29c141733c5c397fe8cfb9d4901244394cd2b5c3580a5728ee9f1e1334549910
09,22,task08/images/22.png,badcbcf9f16c35f0739619c457d68cf4911afe95fdb6aee7f07a359299a2b6d4,train,identical_sha256,08,test,task08/images/22.png,badcbcf9f16c35f0739619c457d68cf4911afe95fdb6aee7f07a359299a2b6d4
09,220,task08/images/355.png,cd3c24e923f9d38272dbfeb4c2462840a1ca0f3b3916b01efd5a6eae2b6de5a2,train,identical_sha256,09,val,task08/images/355.png,cd3c24e923f9d38272dbfeb4c2462840a1ca0f3b3916b01efd5a6eae2b6de5a2
09,221,task08/images/221.png,a081f0d73b6771bd58303dbf9a99b6d7538e4ebc32565c2b0a1ace7507ee1229,train,identical_sha256,08,test,task08/images/221.png,a081f0d73b6771bd58303dbf9a99b6d7538e4ebc32565c2b0a1ace7507ee1229
09,222,task08/images/222.png,97e2d2d6866e259b2c4a6a282c8fab45b1a909a10dc916835ea03a020bcb3325,train,identical_sha256,08,test,task08/images/222.png,97e2d2d6866e259b2c4a6a282c8fab45b1a909a10dc916835ea03a020bcb3325
09,225,task08/images/394.png,976160a92d44dd3607ac90818b1bd6d03b9e88250e6c14ac3cc0dcc19923c34b,train,identical_sha256,08,test,task08/images/394.png,976160a92d44dd3607ac90818b1bd6d03b9e88250e6c14ac3cc0dcc19923c34b
09,226,task08/images/395.png,82e8855c1ca0b569e607eed699ab22f694e6efbc6ace001b474ad5f806ee86ea,train,identical_sha256,09,val,task08/images/395.png,82e8855c1ca0b569e607eed699ab22f694e6efbc6ace001b474ad5f806ee86ea
09,227,task08/images/398.png,cf693b08c25b4e3923cb3f9d6484a8be51afc5a04e14ea2bf62a4184a9618a99,train,identical_sha256,09,val,task08/images/398.png,cf693b08c25b4e3923cb3f9d6484a8be51afc5a04e14ea2bf62a4184a9618a99
09,228,task08/images/399.png,2e035476e65a092b9c95f50b7a49175c05b51139ee46a5e27181c480f1279d06,train,identical_sha256,08,test,task08/images/228.png,2e035476e65a092b9c95f50b7a49175c05b51139ee46a5e27181c480f1279d06
09,23,task08/images/23.png,f6743e6a6572e133f789dc0d7c0dc5936e43cf33315242150c98c5eec00f2212,train,identical_sha256,08,excluded,task08/images/23.png,f6743e6a6572e133f789dc0d7c0dc5936e43cf33315242150c98c5eec00f2212
09,230,task08/images/402.png,957b58433eb49ca352ce7a42be7aa8172bbebc4e56271316a506e2e55e3964f3,train,identical_sha256,09,val,task08/images/402.png,957b58433eb49ca352ce7a42be7aa8172bbebc4e56271316a506e2e55e3964f3
09,231,task08/images/404.png,b436abbeb996367fc96faea000fc67f13fd6112f326f47dc1ab2d485e348139f,train,identical_sha256,08,test,task08/images/231.png,b436abbeb996367fc96faea000fc67f13fd6112f326f47dc1ab2d485e348139f
09,232,task08/images/405.png,b4fa9fa3d236752a659f62e63c62af5190c9775944ff8e3d5ca2eb79cf255c91,train,identical_sha256,08,test,task08/images/232.png,b4fa9fa3d236752a659f62e63c62af5190c9775944ff8e3d5ca2eb79cf255c91
09,233,task08/images/406.png,84cf5631c9fff962b9ed26c820a9ae491a5f8c6bb2eb74307610f00f6d57cd10,train,identical_sha256,09,val,task08/images/406.png,84cf5631c9fff962b9ed26c820a9ae491a5f8c6bb2eb74307610f00f6d57cd10
09,234,task08/images/410.png,5460261be905bc0662b19f576dd3f2a13a66bac4d15935e9bcff4bc424469ae4,train,identical_sha256,09,val,task08/images/410.png,5460261be905bc0662b19f576dd3f2a13a66bac4d15935e9bcff4bc424469ae4
09,236,task08/images/414.png,9cfcb9365d95d8e483bff0976356f5d99537103c8eb6f79ed3523ab171b0fd9a,train,identical_sha256,09,val,task08/images/414.png,9cfcb9365d95d8e483bff0976356f5d99537103c8eb6f79ed3523ab171b0fd9a
09,238,task08/images/418.png,98e780c9c35d3311257c4a4ced043202915bb3d111296c9a08726335c2613b3e,train,identical_sha256,08,test,task08/images/418.png,98e780c9c35d3311257c4a4ced043202915bb3d111296c9a08726335c2613b3e
09,24,task08/images/24.png,010ce77682c1fe1ef36e88725126a785978465ff534f5ea72ffec413049edfad,train,case_group_connection,09,test,task08/images/gs24.png,d2da300b161c82daec6d40e7844c2de37d9266d7225a5a95f2ca572edb8f0e8d
09,241,task08/images/241.png,13d2af7714d36d49fc682b49978bfacb24463428692db89e1f170a3fff9e3f78,train,identical_sha256,08,test,task08/images/241.png,13d2af7714d36d49fc682b49978bfacb24463428692db89e1f170a3fff9e3f78
09,243,task08/images/419.png,d18c8c4e4cd9e9cd0178747b8d30035d32a943930f04b023ee0a0ab499d08f71,train,identical_sha256,09,val,task08/images/419.png,d18c8c4e4cd9e9cd0178747b8d30035d32a943930f04b023ee0a0ab499d08f71
09,244,task08/images/244.png,ef1612b8d3c559ad8be54276f866c62a112bd3050267a9e154aa24bf8a928889,train,identical_sha256,08,test,task08/images/244.png,ef1612b8d3c559ad8be54276f866c62a112bd3050267a9e154aa24bf8a928889
09,245,task08/images/245.png,50728f41af87c47e51a096a331eecb74ea8f6861bb3ea3102442388bc05fbfb4,train,identical_sha256,08,test,task08/images/245.png,50728f41af87c47e51a096a331eecb74ea8f6861bb3ea3102442388bc05fbfb4
09,246,task08/images/421.png,2352e5a41b1db2bc764dc739143199a875659ffde5e6f9e2c72771a069d1c161,train,identical_sha256,09,val,task08/images/421.png,2352e5a41b1db2bc764dc739143199a875659ffde5e6f9e2c72771a069d1c161
09,248,task08/images/424.png,1a883725ededf4db666e97f5a9bab45ecfb571abfa68faec7a6c9b6fe4c3e72c,train,identical_sha256,09,val,task08/images/424.png,1a883725ededf4db666e97f5a9bab45ecfb571abfa68faec7a6c9b6fe4c3e72c
09,249,task08/images/249.png,7ed61cdb659c2ebb4942bf780c05ec2eab87c8463d1c2e43d717a040cfdc4d1d,train,identical_sha256,08,test,task08/images/249.png,7ed61cdb659c2ebb4942bf780c05ec2eab87c8463d1c2e43d717a040cfdc4d1d
09,25,task08/images/25.png,8365662439cca995ee92cd276943c70d458fafb89bfac5235c9d71c00422def7,train,case_group_connection,09,test,task08/images/gs25.png,4a5d604e097ce95bc5224f97dfe13b0c007cd0ac4a097e970dd8f5d2372e0900
09,251,task08/images/251.png,93e56af167d0b5485190c6a24b70ddc31da94deb3fc987b2879783c1b2fd67a2,train,identical_sha256,08,val,task08/images/251.png,93e56af167d0b5485190c6a24b70ddc31da94deb3fc987b2879783c1b2fd67a2
09,252,task08/images/428.png,aef256842c3db03dced7ba9851fbae446c6b36cc9e149b13db4bf641a6801f2a,train,identical_sha256,09,val,task08/images/428.png,aef256842c3db03dced7ba9851fbae446c6b36cc9e149b13db4bf641a6801f2a
09,255,task08/images/430.png,147148824d502937b1d21eea13852a691229000ee0c82edb09e62629448d2315,train,identical_sha256,08,val,task08/images/255.png,147148824d502937b1d21eea13852a691229000ee0c82edb09e62629448d2315
09,257,task08/images/435.png,3c473ffffd6c4f76f91f46befe645f0bdd2b7ff3a7be21afae8a15436deb1753,train,identical_sha256,08,test,task08/images/435.png,3c473ffffd6c4f76f91f46befe645f0bdd2b7ff3a7be21afae8a15436deb1753
09,258,task08/images/258.png,ed1840d69fd88fdc0ccf9fce0e8e30b799411343db38720687d208385d21d86d,train,identical_sha256,08,test,task08/images/258.png,ed1840d69fd88fdc0ccf9fce0e8e30b799411343db38720687d208385d21d86d
09,26,task08/images/26.png,1fc03a60b6c45a668637f5c2bbafb336dded80f9a4042375ec0f48dda66a7b30,train,case_group_connection,09,test,task08/images/gs26.png,989787fbe8b1d6537bb21890c44e30a9093183af1c2c5dd2bda98907617c1ca9
09,260,task08/images/260.png,ce8488b1d00af9df1c29f805380349f828f09d83d50bec285ad57a3f387e2614,train,identical_sha256,08,excluded,task08/images/260.png,ce8488b1d00af9df1c29f805380349f828f09d83d50bec285ad57a3f387e2614
09,261,task08/images/261.png,697de8d112197df0fced07748b171ba610013cfdf1cf1e4af9e0d6f0aa3c1b09,train,identical_sha256,08,test,task08/images/261.png,697de8d112197df0fced07748b171ba610013cfdf1cf1e4af9e0d6f0aa3c1b09
09,263,task08/images/444.png,f778c5739c47acf260417b5d8120e19c06330b48f29a62af4168a3575e755bca,train,identical_sha256,09,val,task08/images/444.png,f778c5739c47acf260417b5d8120e19c06330b48f29a62af4168a3575e755bca
09,266,task08/images/446.png,8fb440ba6c12506c4e4731a7be69b0bb2c8dd875e19b14f53dcc8fa1d215fa51,train,identical_sha256,08,val,task08/images/446.png,8fb440ba6c12506c4e4731a7be69b0bb2c8dd875e19b14f53dcc8fa1d215fa51
09,267,task08/images/447.png,61169adfab4d67d5e69397a33a1e28dddf2d86f265813949c07211ebe680eabc,train,identical_sha256,08,test,task08/images/267.png,61169adfab4d67d5e69397a33a1e28dddf2d86f265813949c07211ebe680eabc
09,268,task08/images/268.png,26da8e24902e6da0c7d2e94c18c1835c96113c26e5ef7ef3038e3741779b354f,train,identical_sha256,08,test,task08/images/268.png,26da8e24902e6da0c7d2e94c18c1835c96113c26e5ef7ef3038e3741779b354f
09,269,task08/images/269.png,54a0a42d628c501711336d192c3b80239070dcf73984624e719842ca42c5fc41,train,identical_sha256,08,val,task08/images/269.png,54a0a42d628c501711336d192c3b80239070dcf73984624e719842ca42c5fc41
09,27,task08/images/27.png,8e43dcb68c50636530fe1fd8e6cfd585d2b617f95e7ceb480ab881b6568c6786,train,identical_sha256,08,val,task08/images/27.png,8e43dcb68c50636530fe1fd8e6cfd585d2b617f95e7ceb480ab881b6568c6786
09,270,task08/images/449.png,51cbe21f6e4e2ec8a038c078f769ee57497a586f3816ebbac12fb997e0a0bffe,train,identical_sha256,09,val,task08/images/449.png,51cbe21f6e4e2ec8a038c078f769ee57497a586f3816ebbac12fb997e0a0bffe
09,271,task08/images/271.png,799913482bde8e374767ee5afb3cecc5eefeeea2e0643907d8051a25ac656048,train,identical_sha256,08,test,task08/images/271.png,799913482bde8e374767ee5afb3cecc5eefeeea2e0643907d8051a25ac656048
09,272,task08/images/451.png,3592af1d4ab92377c6b931cd6ad765f3667cd821603dc168d6f520f7ad8ff08b,train,identical_sha256,08,test,task08/images/272.png,3592af1d4ab92377c6b931cd6ad765f3667cd821603dc168d6f520f7ad8ff08b
09,276,task08/images/452.png,a58bcccd09be1931b67606c38d686e2c14d36105eacd9957b55e14e6707c97b4,train,identical_sha256,09,val,task08/images/452.png,a58bcccd09be1931b67606c38d686e2c14d36105eacd9957b55e14e6707c97b4
09,28,task08/images/28.png,ecc562c15778c92d990c1ac3fea62e297b91666c684ded688f4d6c33c7f97b61,train,case_group_connection,09,test,task08/images/gs28.png,4e152a2a399e0a5cc130fd6ed50c9783fc5f569d42d8f9b27767d70fef8a7128
09,281,task08/images/455.png,7cf5b95d067f01854e53f500c00c2911b69e5e77125fa5b7cc58f7ca89a12530,train,identical_sha256,09,val,task08/images/455.png,7cf5b95d067f01854e53f500c00c2911b69e5e77125fa5b7cc58f7ca89a12530
09,282,task08/images/457.png,dfc3c956dd53d2f9901a5aa20b57426c800979089785e2c204fca25ea78f2afd,train,identical_sha256,09,val,task08/images/457.png,dfc3c956dd53d2f9901a5aa20b57426c800979089785e2c204fca25ea78f2afd
09,285,task08/images/285.png,787281b24adb5cb0f2f3982e8c47de178c506d12adef0a36d8d2dfb8ee08bba2,train,identical_sha256,08,test,task08/images/285.png,787281b24adb5cb0f2f3982e8c47de178c506d12adef0a36d8d2dfb8ee08bba2
09,286,task08/images/286.png,ca4b788aa642bd3d04c97f01e3bf292871543080217dc52d9fc2aa496392b6cd,train,identical_sha256,08,val,task08/images/286.png,ca4b788aa642bd3d04c97f01e3bf292871543080217dc52d9fc2aa496392b6cd
09,287,task08/images/461.png,4436895572a5da4c33751b29440ee5f51cc4b4fab53f9dc4098f56e1792002be,train,identical_sha256,09,val,task08/images/461.png,4436895572a5da4c33751b29440ee5f51cc4b4fab53f9dc4098f56e1792002be
09,289,task08/images/289.png,77799baa304eea5b762b7249f4e4590e679f00f158e5d62916bf1d036605da26,train,identical_sha256,08,test,task08/images/289.png,77799baa304eea5b762b7249f4e4590e679f00f158e5d62916bf1d036605da26
09,29,task08/images/29.png,07aa3955b0f28f8135af0a0ff7d7a7feb2b775b73cc03c15dd6174113618d061,train,case_group_connection,09,test,task08/images/gs29.png,13291564d1a0a4f3eddbced0147edd6441994a43c95e10101db1d6e483127c3c
09,291,task08/images/464.png,7815fc41b656bba9174bc664a91172efb97a4b8fda37a6282d670bc4bb974da6,train,identical_sha256,09,val,task08/images/464.png,7815fc41b656bba9174bc664a91172efb97a4b8fda37a6282d670bc4bb974da6
09,292,task08/images/292.png,0be554ecc8edd8263a5d047add50c7bb669ffaa6b1c80c73c90ef155d1564f86,train,identical_sha256,08,test,task08/images/212.png,0be554ecc8edd8263a5d047add50c7bb669ffaa6b1c80c73c90ef155d1564f86
09,293,task08/images/293.png,035b642622cab065adac34df2fb200462e66389919038a0744de1d3ebae40de2,train,identical_sha256,08,excluded,task08/images/151.png,035b642622cab065adac34df2fb200462e66389919038a0744de1d3ebae40de2
09,294,task08/images/294.png,e624160ab0968293bd4d53fe744118b79298cb255143351ff8513270e46d110b,train,identical_sha256,08,test,task08/images/152.png,e624160ab0968293bd4d53fe744118b79298cb255143351ff8513270e46d110b
09,299,task08/images/299.png,10b7d9e01532513182f35edb8531f80dffb253bd2b01454b3c3e7f26d3e2582a,train,identical_sha256,08,val,task08/images/299.png,10b7d9e01532513182f35edb8531f80dffb253bd2b01454b3c3e7f26d3e2582a
09,3,task08/images/3.png,4973fc03d69701955615eaed4ba6769fcebd81c0f8ff37ebd4b1449e43cc1c32,train,identical_sha256,08,test,task08/images/3.png,4973fc03d69701955615eaed4ba6769fcebd81c0f8ff37ebd4b1449e43cc1c32
09,30,task08/images/30.png,cb21c2b13a0c6012add33d619900c61146e620aa4d75d3b3a5921a05657f1752,train,case_group_connection,09,val,task08/images/gs30.png,401ba3c3c33c572491645b593688430509afa3eda36523122898f9c7e5ef1492
09,300,task08/images/300.png,8264b05c8060feeaa04b25b4a807bd062418d776e16382e123d1d054f7dc15dc,train,identical_sha256,08,test,task08/images/154.png,8264b05c8060feeaa04b25b4a807bd062418d776e16382e123d1d054f7dc15dc
09,304,task08/images/304.png,deadccf001978534d8d201b3ff76a6d4a8d7ebd05a60293f16f1293a8111d367,train,identical_sha256,08,test,task08/images/156.png,deadccf001978534d8d201b3ff76a6d4a8d7ebd05a60293f16f1293a8111d367
09,305,task08/images/305.png,49902cfa0d3dd7f49a8e4c02467a99ee29c9396342549c3c1e4b7921fb74a0bd,train,identical_sha256,08,test,task08/images/158.png,49902cfa0d3dd7f49a8e4c02467a99ee29c9396342549c3c1e4b7921fb74a0bd
09,308,task08/images/308.png,a9f3625d5328744736acb6c8435f0bfc05e4ee26160e26bd49290153efabdfb2,train,identical_sha256,08,test,task08/images/159.png,a9f3625d5328744736acb6c8435f0bfc05e4ee26160e26bd49290153efabdfb2
09,31,task08/images/31.png,11ec76b1ab5a214bb3c60e200f2c09f222f1c9d115b661383ad17977654e9af1,train,case_group_connection,09,val,task08/images/gs31.png,14afcf9220841c94d931dd249f784ef1ae6957dec84ef15353850e46dd2a173e
09,311,task08/images/311.png,e2d27fa19ac50efaa5138f3cc07562c0fc3a8feafd600e58d6af77ff298878f7,train,identical_sha256,08,excluded,task08/images/311.png,e2d27fa19ac50efaa5138f3cc07562c0fc3a8feafd600e58d6af77ff298878f7
09,312,task08/images/312.png,03cd814dbf9c4ced094de75f9b9b067a8b90aa9486ad7a06415a44b0f3d543ba,train,identical_sha256,08,test,task08/images/161.png,03cd814dbf9c4ced094de75f9b9b067a8b90aa9486ad7a06415a44b0f3d543ba
09,313,task08/images/313.png,c50ce450b5a2bb50d9338ff8cc811968a5f17bcb9616ef929175bc0624e90b2c,train,identical_sha256,08,excluded,task08/images/313.png,c50ce450b5a2bb50d9338ff8cc811968a5f17bcb9616ef929175bc0624e90b2c
09,314,task08/images/314.png,0a3eb7306f246dd419798d2cefb314225c0767b277e0d053767e36e98e61dc14,train,identical_sha256,08,test,task08/images/163.png,0a3eb7306f246dd419798d2cefb314225c0767b277e0d053767e36e98e61dc14
09,315,task08/images/315.png,a586c398f525815f112dab0d83c59e244600a280633edbfbfef08232d425a4db,train,identical_sha256,08,test,task08/images/315.png,a586c398f525815f112dab0d83c59e244600a280633edbfbfef08232d425a4db
09,317,task08/images/317.png,29e83c0a042fdb3ed0379e47a8181f18bb7d10b1022391d140aff3f21c0145d7,train,identical_sha256,08,test,task08/images/165.png,29e83c0a042fdb3ed0379e47a8181f18bb7d10b1022391d140aff3f21c0145d7
09,319,task08/images/319.png,a2a80b05a6d5c19d6e373a0136a71040612308595044f702d974ca1254c221fd,train,identical_sha256,08,test,task08/images/319.png,a2a80b05a6d5c19d6e373a0136a71040612308595044f702d974ca1254c221fd
09,32,task08/images/32.png,6a230a43451e61242b1bf6d4273d283ca7930eb8ecbbdd28d61ab4c353eef717,train,identical_sha256,08,val,task08/images/32.png,6a230a43451e61242b1bf6d4273d283ca7930eb8ecbbdd28d61ab4c353eef717
09,320,task08/images/320.png,1946bcd98b6d629b20942529e0d2f9e4a0d1cb9f6308c1b9392c90aa5dffb038,train,identical_sha256,08,test,task08/images/167.png,1946bcd98b6d629b20942529e0d2f9e4a0d1cb9f6308c1b9392c90aa5dffb038
09,321,task08/images/321.png,76b0000f5f04e2933b04687acc923d6903ae81bc83e1753003771719e99d778d,train,case_group_connection,09,test,task08/images/gq321.png,f5f493676772bd6196d826ba44e7d9e11ef4950dc8391d24695a06988026bf3d
09,322,task08/images/322.png,cd0943fa5312a2cdf5d2a6ef3f17f493f5d60384fa0bf0d326cb5f83f3e38e46,train,case_group_connection,09,test,task08/images/gq322.png,07b891b19d63475bca38610129da3ae92f558dea265948087b8ade6279ec76f0
09,323,task08/images/323.png,465c43d81346288dfcb86f8ac0131b20aa0633260d3cb0114b75445d977cdaa3,train,case_group_connection,09,test,task08/images/gq323.png,8721ebc7e3b93f68987d2dad1bab775bb0a4262b33b01ab3ee31e1cacb0740e1
09,324,task08/images/324.png,454ae7642b7fde181a5c60555ce074daca7a2ccd1c02a23fe2d690cb68a7d242,train,identical_sha256,08,test,task08/images/324.png,454ae7642b7fde181a5c60555ce074daca7a2ccd1c02a23fe2d690cb68a7d242
09,33,task08/images/33.png,74e6a68b1ac223c25a968a3cee5e347c1231a30076950deee1778955b97473cd,train,case_group_connection,09,val,task08/images/gs33.png,9ad6e31ad8d931f65e90a2f8f80fea3718486b70f8a5a2664d5b38ec6c278a79
09,34,task08/images/425.png,d29817a6f0eba50facc5252e37b6cd94be2f4318ad21dc01c31d8e3db9ef9e67,train,identical_sha256,09,val,task08/images/425.png,d29817a6f0eba50facc5252e37b6cd94be2f4318ad21dc01c31d8e3db9ef9e67
09,35,task08/images/35.png,e22445d5de8cfc6b360c691d6fae80193ce18ec5f19f19119dadd62c0ef1ce3d,train,identical_sha256,08,test,task08/images/35.png,e22445d5de8cfc6b360c691d6fae80193ce18ec5f19f19119dadd62c0ef1ce3d
09,36,task08/images/36.png,7ee53b5963c856db99fa02645c2ba4ef3f3c40bfbff4e8598c54d779dd1bd538,train,case_group_connection,09,val,task08/images/gs36.png,cb6483605bfeb9932d579f30e952760165dfbc2dfefb2459116d5116216b390d
09,37,task08/images/37.png,d9cc6bd9eae5c405569c61eed562c6f4be2cd094bd903be249ec1f0a6f289072,train,case_group_connection,09,val,task08/images/gs37.png,6501e9e7eac3cda46470e0aff3aa8cb524465f8ddd31817f5980998fde83bdde
09,38,task08/images/38.png,662269ac83181261b2a9068df089e46ed927f09062a8a7150be48dcd5561fd8c,train,identical_sha256,08,test,task08/images/38.png,662269ac83181261b2a9068df089e46ed927f09062a8a7150be48dcd5561fd8c
09,39,task08/images/39.png,83333e16a1f3f5892eb8fe388c89272c76865784dfe29736de798ddbe4bce8b4,train,identical_sha256,08,val,task08/images/39.png,83333e16a1f3f5892eb8fe388c89272c76865784dfe29736de798ddbe4bce8b4
09,4,task08/images/4.png,af6fd8feba625373296f79df47829df6c08d2682151660cf5e45298a0d0529a4,train,case_group_connection,09,test,task08/images/gs4.png,802167485c3baaa813e2bb2144d8e760876ea4a3dec00d5a74943f77e2a33e54
09,40,task08/images/40.png,7c6ce738b57a3e23667729a42a8c9cedbd3f1c9d93e4dcfe329ceb031edee8d1,train,case_group_connection,09,val,task08/images/gs40.png,5032c7209112387f698e24ecba30bafea431306ea1cafc7ce5c38c018dc07a48
09,41,task08/images/41.png,2e20ad6b8f4b173db0e35cb6bfbcf2c77dddc5703d636685aa9a56bd9a703517,train,case_group_connection,09,val,task08/images/gs41.png,fe4acba8beb6dd0fe6a9a73fcda2135e28175fbe46c0e2afd5a6d135d389e153
09,42,task08/images/42.png,1d9cab383523e49bf89a6d609765aa81039535980a876b0227a10f259125c595,train,identical_sha256,08,test,task08/images/42.png,1d9cab383523e49bf89a6d609765aa81039535980a876b0227a10f259125c595
09,43,task08/images/43.png,986acea4eeebbc67128b5d3898e34e830b753620b20a8e4bcb7ea769bfa23c4f,train,case_group_connection,09,val,task08/images/gs43.png,9b6d2c040991af91304c0980f44f4641508a74707647816d179ccec5a1001421
09,44,task08/images/44.png,dccb1ccf238a822342d149bacde5329e70923f1a504f0e60167b4f184b0b0bc5,train,case_group_connection,09,val,task08/images/gs44.png,a9eea8c027c2cd6d3a52a2c73cc9d05c36435c11f1d2364f23a82a32bc36f527
09,45,task08/images/45.png,8f432507fb5dbc2eb597c1545a6a3c32889d18d06fbfa9a9890be5c9cba998bf,train,case_group_connection,09,val,task08/images/gs45.png,c6e037cecdae8479f2130a6002eae8da6d13ced153352c0e9c35067480cc7a2f
09,46,task08/images/46.png,32d95a07704d98943d25009dbb1c77006c88715ab24f64a69de13aae711ccbd5,train,identical_sha256,08,test,task08/images/46.png,32d95a07704d98943d25009dbb1c77006c88715ab24f64a69de13aae711ccbd5
09,47,task08/images/47.png,4e545044823e68acfe0376b8c4680df520f237f5e571c5531ae8401d6ac7c938,train,case_group_connection,09,val,task08/images/gs47.png,f2ac7db017bd4bdd463c86c3674c378d61ef5588c2049d058c7e3fa37303b4e7
09,48,task08/images/48.png,c0838b3edc67ce0cce8a975b25d37fb55c6923dffb58c8b790fef0962b98c8ee,train,case_group_connection,09,val,task08/images/gs48.png,5bdeac8c5babb2c6783517c8c58d56f27c6a22c67ae4645117089634ddf87907
09,49,task08/images/49.png,457c1341bec859d8880e7175a4630f53630c06d3ac60a46bd0d68d59bb6e6eb5,train,case_group_connection,09,val,task08/images/gs49.png,7933d0cda7105b7fc683bc0fb30e0d37e71b1a3ca1c708ad546daa4d7b84d59f
09,5,task08/images/5.png,1689640c079bbc2dc501fa4e6c8777b8caf6aaf32654f264dee0a0afd88b3f3a,train,identical_sha256,08,test,task08/images/5.png,1689640c079bbc2dc501fa4e6c8777b8caf6aaf32654f264dee0a0afd88b3f3a
09,50,task08/images/50.png,86318e20f424637f3e1c4cba481e9b164efd03d960d4d35ddc89eab3207fd260,train,case_group_connection,09,val,task08/images/gs50.png,7933129689bd09375c4f3d9ab21d60f811b19ec864dcf5353fba215e3795a2a6
09,51,task08/images/51.png,0123224ceff15a0b4035b983fe1bfd7b6c7b4452a3fcf2cf0b50628310396690,train,identical_sha256,08,val,task08/images/51.png,0123224ceff15a0b4035b983fe1bfd7b6c7b4452a3fcf2cf0b50628310396690
09,54,task08/images/54.png,ba96dd1c4d946f353458b96cf79204458d38f1cdb94b13b677d5d1989108d84b,train,identical_sha256,08,val,task08/images/122.png,ba96dd1c4d946f353458b96cf79204458d38f1cdb94b13b677d5d1989108d84b
09,6,task08/images/6.png,4857520f2cfb2d7facc1f28027c8e589dbb4e53636b1fc8906cc0fe5471b2183,train,case_group_connection,09,test,task08/images/gs6.png,36c84255ac523534ad00e8e1f21d9c957393fa43063cc88ac2ecbee140700ce1
09,60,task08/images/60.png,97944a67e7e14219756fefc0847a97eb8fc87c70f3d191592a704b75fdb8d2ba,train,identical_sha256,08,test,task08/images/60.png,97944a67e7e14219756fefc0847a97eb8fc87c70f3d191592a704b75fdb8d2ba
09,62,task08/images/62.png,ed3f91cb608e7796b57c6e43989e17be9606fec29577d3e0a383627b6438ff55,train,identical_sha256,08,test,task08/images/62.png,ed3f91cb608e7796b57c6e43989e17be9606fec29577d3e0a383627b6438ff55
09,67,task08/images/67.png,8104fe852f810492a8b44505a368671f1eacc6c7292463d53f1210d851c802dd,train,identical_sha256,08,val,task08/images/67.png,8104fe852f810492a8b44505a368671f1eacc6c7292463d53f1210d851c802dd
09,69,task08/images/69.png,d6655c771d8457612bec97dadf7a1e8d00ddec086225b8c24801abb84dba5f87,train,identical_sha256,08,val,task08/images/69.png,d6655c771d8457612bec97dadf7a1e8d00ddec086225b8c24801abb84dba5f87
09,7,task08/images/7.png,568150683e37fb1138b7308ecaaa0c09b50ea4afde753e48d1e1ef4bc3c803e0,train,identical_sha256,08,test,task08/images/7.png,568150683e37fb1138b7308ecaaa0c09b50ea4afde753e48d1e1ef4bc3c803e0
09,70,task08/images/70.png,fb1014e86f5ddfcb46828aa6bf6ffae429d4dead716580d2402e8b0c86f36728,train,identical_sha256,08,test,task08/images/70.png,fb1014e86f5ddfcb46828aa6bf6ffae429d4dead716580d2402e8b0c86f36728
09,73,task08/images/73.png,bb07f03099afb85ca7bab70be92f32bb5dba5bb9053388c8493f1dc842366316,train,identical_sha256,08,val,task08/images/73.png,bb07f03099afb85ca7bab70be92f32bb5dba5bb9053388c8493f1dc842366316
09,77,task08/images/77.png,399431adc2ab897199526183692f245ba54eb2c118d7b5811fdc6cf661c8a6db,train,identical_sha256,08,test,task08/images/77.png,399431adc2ab897199526183692f245ba54eb2c118d7b5811fdc6cf661c8a6db
09,78,task08/images/78.png,3b4b928ead909731a82ed6ba6f52060cd5b36ea13f912934ddc7b3a563180f2f,train,identical_sha256,08,test,task08/images/78.png,3b4b928ead909731a82ed6ba6f52060cd5b36ea13f912934ddc7b3a563180f2f
09,8,task08/images/8.png,2aea0769ef313abafd3f5ee38e3d73336ae7fd3d97a4804930f9da785a1a50f2,train,identical_sha256,08,test,task08/images/8.png,2aea0769ef313abafd3f5ee38e3d73336ae7fd3d97a4804930f9da785a1a50f2
09,83,task08/images/83.png,ee70054193d5dbe77ff3d4ab309cbef7f8b984a391277ce3b9b76b943b71882e,train,identical_sha256,08,excluded,task08/images/83.png,ee70054193d5dbe77ff3d4ab309cbef7f8b984a391277ce3b9b76b943b71882e
09,87,task08/images/87.png,f0636a918186e14d95f74eb9f69b96bb567f32ecad7d8b38a08f9b947d980f41,train,identical_sha256,08,val,task08/images/87.png,f0636a918186e14d95f74eb9f69b96bb567f32ecad7d8b38a08f9b947d980f41
09,9,task08/images/9.png,60b73fa1f140951b59bc46d76238a2039795f846d48b5edb496a759dee18b605,train,identical_sha256,09,val,task08/images/9.png,60b73fa1f140951b59bc46d76238a2039795f846d48b5edb496a759dee18b605
09,90,task08/images/90.png,089e3095375cd84b4099f658b9e21f004e340e2c5dc2b624abff400e11c80556,train,identical_sha256,08,test,task08/images/90.png,089e3095375cd84b4099f658b9e21f004e340e2c5dc2b624abff400e11c80556
09,91,task08/images/91.png,4dc69e2d1c95f373ae47b93bf25e08d403aaf501535ed468a4b666a681f27159,train,identical_sha256,08,test,task08/images/91.png,4dc69e2d1c95f373ae47b93bf25e08d403aaf501535ed468a4b666a681f27159
09,94,task08/images/94.png,3dc70f3598aab2d4e10c0c083f751daac94032249f93e41f46dcfbf321833c7d,train,identical_sha256,08,test,task08/images/94.png,3dc70f3598aab2d4e10c0c083f751daac94032249f93e41f46dcfbf321833c7d
09,95,task08/images/95.png,b157190e0d76af81ffe9d5ed32b537b37fec98c0882681cc0e68387b621fbd23,train,identical_sha256,08,test,task08/images/95.png,b157190e0d76af81ffe9d5ed32b537b37fec98c0882681cc0e68387b621fbd23
09,96,task08/images/96.png,3494ce6ea47d2dd626a18c90424214fc808f93d27a7f06e38520f05eff345966,train,identical_sha256,08,test,task08/images/96.png,3494ce6ea47d2dd626a18c90424214fc808f93d27a7f06e38520f05eff345966
09,97,task08/images/97.png,d0a4ac3b9332f08fcc95ac8f3f2bdeefe6a93b344b72e5461097f5c7788bd248,train,identical_sha256,08,test,task08/images/97.png,d0a4ac3b9332f08fcc95ac8f3f2bdeefe6a93b344b72e5461097f5c7788bd248
09,98,task08/images/98.png,7ba49e461a102dec08e77a94d8336a02ae3f83aabdb889c457bbb7fa6bd2c402,train,identical_sha256,08,val,task08/images/98.png,7ba49e461a102dec08e77a94d8336a02ae3f83aabdb889c457bbb7fa6bd2c402
09,99,task08/images/99.png,07201dc764909235752dab7ca70dc1b75d7aa901065a5b90a1f428aaf091f48d,train,identical_sha256,08,test,task08/images/411.png,07201dc764909235752dab7ca70dc1b75d7aa901065a5b90a1f428aaf091f48d
09,gq10,task08/images/gq10.png,786c98dbff705ab3d86c1b8802c654b6fd9031acb596af4f5c46a9106c39ef44,train,case_group_connection,09,test,task08/images/gs10.png,b9f3f2823245a991bd03d16f8b03d7d087bc8e53d23bde15fb0eef2e0377f79d
09,gq102,task08/images/gq102.png,c232d2d528d6f4d997794d2344e950eb224c248565374e7e80de1c56a3024bf5,train,identical_sha256,08,test,task08/images/gq102.png,c232d2d528d6f4d997794d2344e950eb224c248565374e7e80de1c56a3024bf5
09,gq103,task08/images/gq103.png,89ee6db404190a0c8146de94f260a8bac69cf37185928a6020f50ef092c549e6,train,identical_sha256,08,excluded,task08/images/gq103.png,89ee6db404190a0c8146de94f260a8bac69cf37185928a6020f50ef092c549e6
09,gq104,task08/images/gq22.png,30ba0f6f115175caf6367914833d36670d6f4b73bb6875be83beb996fe26a3d1,train,identical_sha256,08,test,task08/images/gq22.png,30ba0f6f115175caf6367914833d36670d6f4b73bb6875be83beb996fe26a3d1
09,gq108,task08/images/gq108.png,e07d36c47493c86105d9bbbb39b85c4a5e8fd36e29aa41a7f96aeda6c2e5a793,train,identical_sha256,08,test,task08/images/gq108.png,e07d36c47493c86105d9bbbb39b85c4a5e8fd36e29aa41a7f96aeda6c2e5a793
09,gq11,task08/images/gq11.png,b158b9c957f764d64ab4f015b06f49f5574812fb0a13317bfa6653b4aeec2760,train,case_group_connection,09,test,task08/images/gs11.png,8ad8045c0e1ce0cb43aaac6ac9088cfae3bce7104054d86561692829d841e0cd
09,gq110,task08/images/gq34.png,03d784b5f1d9dbfd822db186399caf1d5dded61b197f428309637dcf572214b3,train,case_group_connection,09,val,task08/images/425.png,d29817a6f0eba50facc5252e37b6cd94be2f4318ad21dc01c31d8e3db9ef9e67
09,gq111,task08/images/gq111.png,fb4f35ce98d7e8f02788bd16bdfd2c6cf7c646c80d20d854f5119ce6d75514c6,train,identical_sha256,08,test,task08/images/gq111.png,fb4f35ce98d7e8f02788bd16bdfd2c6cf7c646c80d20d854f5119ce6d75514c6
09,gq12,task08/images/gq12.png,6660f16216be181ba7744e61b2bca18ffa44ee7ccdd98cd4273fdb87cc239240,train,identical_sha256,08,test,task08/images/gq12.png,6660f16216be181ba7744e61b2bca18ffa44ee7ccdd98cd4273fdb87cc239240
09,gq120,task08/images/gq120.png,0a221b12d5375ad6d06dffcc56cf9607a0c983fdd1b0d56cc331fde3dd95b914,train,identical_sha256,08,excluded,task08/images/gq120.png,0a221b12d5375ad6d06dffcc56cf9607a0c983fdd1b0d56cc331fde3dd95b914
09,gq122,task08/images/gq54.png,284621730ec795f748a109af3ef559a97bebc3fe7e0a2bd3dd5c7a4ccfdd3e0e,train,identical_sha256,08,val,task08/images/gq122.png,284621730ec795f748a109af3ef559a97bebc3fe7e0a2bd3dd5c7a4ccfdd3e0e
09,gq124,task08/images/gq124.png,9b15cb884c244f9397ead28bafdd9d8d73b8a13d4f66d1da3a72f120f2137992,train,case_group_connection,08,excluded,task08/images/124.png,ce89851bb75e45ac59ffd623ce848fdcc2b7262c03d7b36062d1240cdc4d00cd
09,gq129,task08/images/gq129.png,29a111b80b27bfb6986ad7cc2f33bef19f6cd70b5b1e6e55fa6227a87cfb827d,train,identical_sha256,08,val,task08/images/gq129.png,29a111b80b27bfb6986ad7cc2f33bef19f6cd70b5b1e6e55fa6227a87cfb827d
09,gq13,task08/images/gq13.png,02e107f5f16b5ecf29ed15c8a4dabab5363cd33caa1320ee4aa6f2594e361959,train,case_group_connection,09,test,task08/images/gs13.png,ee98cc509a5f60e80e7432685d9ddd1f346f2dfaa8cc7bfc59ea1e58844762f4
09,gq130,task08/images/gq62.png,6a716d6cd2461b9efe3b7812fe45ad5ad6474beaf9c14f827444f79899d92f51,train,identical_sha256,08,test,task08/images/gq62.png,6a716d6cd2461b9efe3b7812fe45ad5ad6474beaf9c14f827444f79899d92f51
09,gq14,task08/images/gq14.png,cd194b5ad2048053de5aa8f67dda9cf974ffbea15b33eab9c22d7ad7f139fe79,train,case_group_connection,09,test,task08/images/gs14.png,61387b5495abbf18c41e9f04e32ab3383a41fb795c04f69baa016044e216af61
09,gq15,task08/images/gq15.png,a77f22e95b04d2f8d5d6d5eb783dfd29e751bb723187e990d8fa13d6083afc6c,train,case_group_connection,09,test,task08/images/gs15.png,c8ec00f3a16d85663b3fd35d1c9a981704128fb2af5e50828cb8d922df6930fa
09,gq151,task08/images/gq293.png,2f3b75cd6a03e14428e366768fbd0f8d4b881532fcea4ab5a4c49dd4d57f6c79,train,case_group_connection,08,excluded,task08/images/151.png,035b642622cab065adac34df2fb200462e66389919038a0744de1d3ebae40de2
09,gq152,task08/images/gq294.png,0953d6a5c345bbc1fc1446d3ada64fed38ce509bd53efbc2377b64e59f060ec3,train,identical_sha256,08,test,task08/images/gq152.png,0953d6a5c345bbc1fc1446d3ada64fed38ce509bd53efbc2377b64e59f060ec3
09,gq154,task08/images/gq300.png,55edb2fe30aa9939515137a11ac3e9ae1abab501e9621ca2dff1594b2e979901,train,identical_sha256,08,test,task08/images/gq154.png,55edb2fe30aa9939515137a11ac3e9ae1abab501e9621ca2dff1594b2e979901
09,gq156,task08/images/gq304.png,30853a86ba4de2722e5515870b3ccbee3f05fbdb8ba1ae7d55dfafb62c811ba0,train,identical_sha256,08,test,task08/images/gq156.png,30853a86ba4de2722e5515870b3ccbee3f05fbdb8ba1ae7d55dfafb62c811ba0
09,gq157,task08/images/gq157.png,38b0e29ef05b33815387eff9bc0fa4132f2b6cba2a255fc6359d1ff30b8a758d,train,identical_sha256,08,test,task08/images/gq157.png,38b0e29ef05b33815387eff9bc0fa4132f2b6cba2a255fc6359d1ff30b8a758d
09,gq158,task08/images/gq305.png,d5cd376d19a890533aed05b6eb66c9549822606797f0bcfe6f255273fed694af,train,identical_sha256,08,test,task08/images/gq158.png,d5cd376d19a890533aed05b6eb66c9549822606797f0bcfe6f255273fed694af
09,gq159,task08/images/gq308.png,d7f99add4ea93512c97ab7588d2a5318ee95c8f2643a99dc6db9935791f829fb,train,identical_sha256,08,test,task08/images/gq159.png,d7f99add4ea93512c97ab7588d2a5318ee95c8f2643a99dc6db9935791f829fb
09,gq16,task08/images/gq16.png,e6795f084dbbc07200f4c31c0a177be5d28dcbaad688ba257a22338784b86a62,train,case_group_connection,09,test,task08/images/gs16.png,be675f55dd083a35950eff2b03d78239967ffa5a35824df2a4328210c2fc7459
09,gq161,task08/images/gq312.png,f134ca7e446e615ace2c156eab209aa0db5bcd9eea2a39700a49b38f762155f2,train,identical_sha256,08,test,task08/images/gq161.png,f134ca7e446e615ace2c156eab209aa0db5bcd9eea2a39700a49b38f762155f2
09,gq163,task08/images/gq314.png,cec7876616e6a26cbd838d301fe8adf883bd521cdfcb1a8e6e4764695a37235c,train,identical_sha256,08,test,task08/images/gq163.png,cec7876616e6a26cbd838d301fe8adf883bd521cdfcb1a8e6e4764695a37235c
09,gq164,task08/images/gq315.png,fc93fab09f79ea76039e6733d93e8ea704cd5fbc6ad0fa66e0eed8561f6885eb,train,identical_sha256,08,test,task08/images/gq315.png,fc93fab09f79ea76039e6733d93e8ea704cd5fbc6ad0fa66e0eed8561f6885eb
09,gq165,task08/images/gq317.png,40fac05875139429d440886ca295f37b593f6a7fbf0e8c1070a21ea1004f8751,train,identical_sha256,08,test,task08/images/gq165.png,40fac05875139429d440886ca295f37b593f6a7fbf0e8c1070a21ea1004f8751
09,gq167,task08/images/gq320.png,72b7e25c2d8e01c674953cc82201c1029d1ec3fbcb6d108015198e5bce8c9e34,train,identical_sha256,08,test,task08/images/gq167.png,72b7e25c2d8e01c674953cc82201c1029d1ec3fbcb6d108015198e5bce8c9e34
09,gq168,task08/images/gq323.png,8721ebc7e3b93f68987d2dad1bab775bb0a4262b33b01ab3ee31e1cacb0740e1,train,identical_sha256,09,test,task08/images/gq323.png,8721ebc7e3b93f68987d2dad1bab775bb0a4262b33b01ab3ee31e1cacb0740e1
09,gq169,task08/images/gq325.png,fb3217603aab7e2093fd9f8447313502eb4eac45c726b74edc896b38500b2ded,train,identical_sha256,09,test,task08/images/gq325.png,fb3217603aab7e2093fd9f8447313502eb4eac45c726b74edc896b38500b2ded
09,gq17,task08/images/gq17.png,99e325124c56ebd81ea97fc45472c2396a744ad2e38bb11662d4f62181daf2fb,train,case_group_connection,09,test,task08/images/gs17.png,a9658ac18bb80a6d9f55d829cbf240f0f435288be5059d980d715c06fd6d59e5
09,gq171,task08/images/gq328.png,b8ff469b296d8cab5e7ca9618d0e9e3c42492ea4f3c2546add330b07284ea4dc,train,identical_sha256,09,test,task08/images/gq328.png,b8ff469b296d8cab5e7ca9618d0e9e3c42492ea4f3c2546add330b07284ea4dc
09,gq172,task08/images/gq333.png,49315e6bc7a0f1cfccfc05cf7d59dfc710b2e2b4c2805844d544621e41573f02,train,identical_sha256,09,test,task08/images/gq333.png,49315e6bc7a0f1cfccfc05cf7d59dfc710b2e2b4c2805844d544621e41573f02
09,gq173,task08/images/gq334.png,adc754d03a8ce922776ef281262485c936c7b740a81f6262194db8df516ecba1,train,identical_sha256,09,test,task08/images/gq334.png,adc754d03a8ce922776ef281262485c936c7b740a81f6262194db8df516ecba1
09,gq174,task08/images/gq335.png,a3372df9b56031bd0b5bf9037e27a7f88dc57104095e07c8d93b1ffd80175431,train,identical_sha256,08,test,task08/images/gq335.png,a3372df9b56031bd0b5bf9037e27a7f88dc57104095e07c8d93b1ffd80175431
09,gq176,task08/images/gq338.png,5add1c6acfd0159238c36ef3293d3bb53b69da3175e9894bf2abe519a62cbff7,train,identical_sha256,09,test,task08/images/gq338.png,5add1c6acfd0159238c36ef3293d3bb53b69da3175e9894bf2abe519a62cbff7
09,gq177,task08/images/gq339.png,72192773b2203c900920f7be340d8e41d3fd6f112c5ee47f3ce4dbce282a65d1,train,identical_sha256,09,test,task08/images/gq339.png,72192773b2203c900920f7be340d8e41d3fd6f112c5ee47f3ce4dbce282a65d1
09,gq178,task08/images/gq342.png,f0808f78d2733dafa8154eed1871168a00bf2f8ecdd2fef52d801b179df11b01,train,identical_sha256,09,test,task08/images/gq342.png,f0808f78d2733dafa8154eed1871168a00bf2f8ecdd2fef52d801b179df11b01
09,gq179,task08/images/gq345.png,9be2fe6ef389042f1046d0d0660e5a08e5043910a42b465622c1b790bd8f723f,train,identical_sha256,09,test,task08/images/gq345.png,9be2fe6ef389042f1046d0d0660e5a08e5043910a42b465622c1b790bd8f723f
09,gq18,task08/images/gq18.png,bad20b0a41bce23351b2a5ad064f14a13dab885d95a34f05f9ab119da9747a04,train,case_group_connection,09,test,task08/images/gs18.png,f8235bbb4cd1c34c0e11f36c6eba400d99d6a8671d55bfbe5176ab1a27585cf3
09,gq180,task08/images/gq347.png,9213e7d92fd91b9cd65fc4e3d845a5ab4dd9e80690d025922464e18227750bd6,train,identical_sha256,08,val,task08/images/gq180.png,9213e7d92fd91b9cd65fc4e3d845a5ab4dd9e80690d025922464e18227750bd6
09,gq181,task08/images/gq353.png,9073d53b67ea204a7c6528620653c0f82f2a8859e6ead4e9c8b9d7fa33dc4e4b,train,identical_sha256,08,val,task08/images/gq181.png,9073d53b67ea204a7c6528620653c0f82f2a8859e6ead4e9c8b9d7fa33dc4e4b
09,gq182,task08/images/gq354.png,9a5ac1662f7851881f48f403a4245aa8c468030f1a0fdf87cbca0669147decc1,train,identical_sha256,08,test,task08/images/gq182.png,9a5ac1662f7851881f48f403a4245aa8c468030f1a0fdf87cbca0669147decc1
09,gq183,task08/images/gq357.png,67b96de0fbd69ad7b374b7f43582bf8fea724e3610e148f7660c59d1b0ecf91c,train,identical_sha256,09,val,task08/images/gq357.png,67b96de0fbd69ad7b374b7f43582bf8fea724e3610e148f7660c59d1b0ecf91c
09,gq184,task08/images/gq361.png,05ad73bcfeef7b699888559d3f45176cd646954d94aed84b851bf42bdee023cb,train,identical_sha256,08,val,task08/images/gq361.png,05ad73bcfeef7b699888559d3f45176cd646954d94aed84b851bf42bdee023cb
09,gq185,task08/images/gq362.png,05d43ee028d4a3325674f41120df42203fd32a182ecbd3b19d72aac1894230f4,train,identical_sha256,08,test,task08/images/gq185.png,05d43ee028d4a3325674f41120df42203fd32a182ecbd3b19d72aac1894230f4
09,gq19,task08/images/gq19.png,fea044f2f1e74aab8d8fa342f6eb7cd1c29bd9808b809edcfb0722ccb97af6cc,train,case_group_connection,09,test,task08/images/gs19.png,f7226700a321b2d3cbacae9c5ca6a71170d497aaec18ec664d33300090d2322d
09,gq20,task08/images/gq20.png,f2c2cd6f145b23615e2f2c0e20bef7765848a08f86ec99f175ca20a749265d90,train,case_group_connection,09,test,task08/images/gs20.png,7c5f924e05d067270f72298dab1cff5c070f72c8587495f3c857cf2824081342
09,gq21,task08/images/gq21.png,3a8e5be563652a8e76abf4510e0c2c32f5e74bdb6b19db52069683cf4298a4af,train,case_group_connection,09,test,task08/images/gs21.png,7f237ba57227a915afc7806278142d685cbaf332a7d6c766f4f376541e218bef
09,gq212,task08/images/gq292.png,bffeccf0301bde4542dfc7e1aba7e7bab4d2b15e213d669cba569273d619ff8c,train,identical_sha256,08,test,task08/images/gq212.png,bffeccf0301bde4542dfc7e1aba7e7bab4d2b15e213d669cba569273d619ff8c
09,gq213,task08/images/gq299.png,c1b7fc599b9b5c9106aecbd024bd366d2c539a7efeabbf4505f48d694f7158a5,train,identical_sha256,08,val,task08/images/gq299.png,c1b7fc599b9b5c9106aecbd024bd366d2c539a7efeabbf4505f48d694f7158a5
09,gq216,task08/images/gq216.png,7384d80d209dd3f7b0cacfb1c3bc961b2eb0f66915ace178124f9b81c8ca5fef,train,identical_sha256,08,test,task08/images/gq216.png,7384d80d209dd3f7b0cacfb1c3bc961b2eb0f66915ace178124f9b81c8ca5fef
09,gq217,task08/images/gq217.png,40815b0e0681cac7bf66a00601abfd1f352464eaaf39f215fc100f2a4975550a,train,identical_sha256,08,val,task08/images/gq217.png,40815b0e0681cac7bf66a00601abfd1f352464eaaf39f215fc100f2a4975550a
09,gq219,task08/images/gq219.png,62f1fca07c9c2136eafcbbc16b7fc4c659bfb95973d94d3816df9c95265e9e00,train,identical_sha256,08,test,task08/images/gq219.png,62f1fca07c9c2136eafcbbc16b7fc4c659bfb95973d94d3816df9c95265e9e00
09,gq22,task08/images/gq22.png,30ba0f6f115175caf6367914833d36670d6f4b73bb6875be83beb996fe26a3d1,train,identical_sha256,08,test,task08/images/gq22.png,30ba0f6f115175caf6367914833d36670d6f4b73bb6875be83beb996fe26a3d1
09,gq220,task08/images/gq355.png,bd17060a52512daa4b25acbb9f76b0675e4bdb0bd25c2d195042402e647ceebd,train,identical_sha256,09,val,task08/images/gq355.png,bd17060a52512daa4b25acbb9f76b0675e4bdb0bd25c2d195042402e647ceebd
09,gq221,task08/images/gq221.png,be7e4d2cab5950692781c86991f82cbf005a530e88ae03d00265e5a905dec8da,train,identical_sha256,08,test,task08/images/gq221.png,be7e4d2cab5950692781c86991f82cbf005a530e88ae03d00265e5a905dec8da
09,gq222,task08/images/gq222.png,bb317eabec7587fbede581e42b248c57be996d72030489bbdda69d3672c4db40,train,identical_sha256,08,test,task08/images/gq222.png,bb317eabec7587fbede581e42b248c57be996d72030489bbdda69d3672c4db40
09,gq225,task08/images/gq394.png,41d0258b2fd64f7c148a473b772fcc1aba37be072f4bd5cda35bc19bd67950e9,train,identical_sha256,08,test,task08/images/gq394.png,41d0258b2fd64f7c148a473b772fcc1aba37be072f4bd5cda35bc19bd67950e9
09,gq226,task08/images/gq395.png,38f326e27239c50cac2e3adcb9099fc3b143bc7f8d5a3cac1707faed61be2746,train,case_group_connection,09,val,task08/images/395.png,82e8855c1ca0b569e607eed699ab22f694e6efbc6ace001b474ad5f806ee86ea
09,gq227,task08/images/gq398.png,52e1ced91e27bf455cabb3815543e58b84eb15a3595a8ced95d59d37465eacf3,train,case_group_connection,09,val,task08/images/398.png,cf693b08c25b4e3923cb3f9d6484a8be51afc5a04e14ea2bf62a4184a9618a99
09,gq228,task08/images/gq399.png,0d12517dba584dfaf136697a890dd16801147792e612849da4784df5549292fd,train,identical_sha256,08,test,task08/images/gq228.png,0d12517dba584dfaf136697a890dd16801147792e612849da4784df5549292fd
09,gq23,task08/images/gq23.png,34be82ea1eda70e1f7d8201fde8aef2386d09f9ca63aee8491704b81007ed41f,train,case_group_connection,09,test,task08/images/gs23.png,6dc8493d569a9c5dcdb50a65d5285a8c25eaa6242640c62f2a63906a1fbddacd
09,gq230,task08/images/gq402.png,29e986ffa9bb937254383fc3208054ee7bd9ec934fc3aa74ad797e8f470b20b1,train,case_group_connection,09,val,task08/images/402.png,957b58433eb49ca352ce7a42be7aa8172bbebc4e56271316a506e2e55e3964f3
09,gq231,task08/images/gq404.png,52f2fd44836d8dda13a4a9dc72bf23c402f4393f8d5591080e7a92b5c268772d,train,identical_sha256,08,test,task08/images/gq231.png,52f2fd44836d8dda13a4a9dc72bf23c402f4393f8d5591080e7a92b5c268772d
09,gq232,task08/images/gq405.png,2fa880f87f102694038cdd20e563031f79146954c91b57beea8dfd95489fe466,train,identical_sha256,08,test,task08/images/gq232.png,2fa880f87f102694038cdd20e563031f79146954c91b57beea8dfd95489fe466
09,gq233,task08/images/gq406.png,b8e9db2ca23ee30fbd642d814d405d63d8a5b8e37e3fcb7e728390354ec4ba14,train,case_group_connection,09,val,task08/images/406.png,84cf5631c9fff962b9ed26c820a9ae491a5f8c6bb2eb74307610f00f6d57cd10
09,gq234,task08/images/gq410.png,c3f6407230af283fbf805380a26f8729e9de5ffb9b33e3875804cb10a2791205,train,case_group_connection,09,val,task08/images/410.png,5460261be905bc0662b19f576dd3f2a13a66bac4d15935e9bcff4bc424469ae4
09,gq236,task08/images/gq414.png,dbe07a0fde018ba0e6d837bfad36d0faba93679baa9ee45bc06afc8a7eb4c0d0,train,case_group_connection,09,val,task08/images/414.png,9cfcb9365d95d8e483bff0976356f5d99537103c8eb6f79ed3523ab171b0fd9a
09,gq238,task08/images/gq238.png,50abb368f91d19d1b8d5ca0154ab5fae6af1bef1d9a183e2a2d572de77ab2118,train,case_group_connection,08,test,task08/images/418.png,98e780c9c35d3311257c4a4ced043202915bb3d111296c9a08726335c2613b3e
09,gq24,task08/images/gq24.png,1481e0142b3e3ffc3dbcca1fbd64a2f5f6c339d64f6bce192ce917d3a2359009,train,case_group_connection,09,test,task08/images/gs24.png,d2da300b161c82daec6d40e7844c2de37d9266d7225a5a95f2ca572edb8f0e8d
09,gq241,task08/images/gq241.png,2399ff47186b53d38c36b7b082227c9d107ca73b392e2c27a3764cbf2e4b2332,train,identical_sha256,08,test,task08/images/gq241.png,2399ff47186b53d38c36b7b082227c9d107ca73b392e2c27a3764cbf2e4b2332
09,gq243,task08/images/gq243.png,aaef7a0dad21ec2c81de2228460fbbeb1e99ac13a64806c84319bde7ec710fae,train,case_group_connection,09,val,task08/images/419.png,d18c8c4e4cd9e9cd0178747b8d30035d32a943930f04b023ee0a0ab499d08f71
09,gq244,task08/images/gq244.png,2c35875743882c2fb7ecc344d7456df33bf69fd9f1f2507b4a522274a6bfee30,train,identical_sha256,08,test,task08/images/gq244.png,2c35875743882c2fb7ecc344d7456df33bf69fd9f1f2507b4a522274a6bfee30
09,gq245,task08/images/gq245.png,564da147bf055b9d05247690ea9d65851d0f9c4a63682666e50d2c60b35cd53e,train,identical_sha256,08,test,task08/images/gq245.png,564da147bf055b9d05247690ea9d65851d0f9c4a63682666e50d2c60b35cd53e
09,gq246,task08/images/gq246.png,25ca5e899e61f726dadd80b44fe1845e8954efbeb258581badc15f3bf38b2e9f,train,case_group_connection,09,val,task08/images/421.png,2352e5a41b1db2bc764dc739143199a875659ffde5e6f9e2c72771a069d1c161
09,gq248,task08/images/gq248.png,5245834b73f52cf93e67695328217123e1e01078e5170668d78bdb67b34217f3,train,case_group_connection,09,val,task08/images/424.png,1a883725ededf4db666e97f5a9bab45ecfb571abfa68faec7a6c9b6fe4c3e72c
09,gq249,task08/images/gq249.png,78f6e347ffba78d0df47d75651baa1290dae15b5023b113075401e94e58ad5a0,train,identical_sha256,08,test,task08/images/gq249.png,78f6e347ffba78d0df47d75651baa1290dae15b5023b113075401e94e58ad5a0
09,gq25,task08/images/gq25.png,f74368d9df6800104b671958a1cbc102fce484b80dc9fba067b4b9d7d1ed501d,train,case_group_connection,09,test,task08/images/gs25.png,4a5d604e097ce95bc5224f97dfe13b0c007cd0ac4a097e970dd8f5d2372e0900
09,gq251,task08/images/gq251.png,3855830496f0c0d3da393ee2accd0bc6f3cd8fa9a4ce87cbece7f193b173e446,train,identical_sha256,08,val,task08/images/gq251.png,3855830496f0c0d3da393ee2accd0bc6f3cd8fa9a4ce87cbece7f193b173e446
09,gq252,task08/images/gq252.png,2d977922c20bc0c72ae0953482e67464aec7156f3f9fb66cc1fcb7d922602b24,train,case_group_connection,09,val,task08/images/428.png,aef256842c3db03dced7ba9851fbae446c6b36cc9e149b13db4bf641a6801f2a
09,gq255,task08/images/gq255.png,8f9cf60ed6b98ea4fda134463b84d1b0924b6bdd294c02b19ce87112cd853ced,train,identical_sha256,08,val,task08/images/gq255.png,8f9cf60ed6b98ea4fda134463b84d1b0924b6bdd294c02b19ce87112cd853ced
09,gq257,task08/images/gq257.png,4f3b9d002c63f1dfdfab9a62b4efd81fe61de6460cd1e2d7490b1570fe4744af,train,identical_sha256,08,val,task08/images/gq257.png,4f3b9d002c63f1dfdfab9a62b4efd81fe61de6460cd1e2d7490b1570fe4744af
09,gq258,task08/images/gq258.png,3da5891f61d7d2142220baf49b10562efedadbf5fece6669ee28a4c35be7a41d,train,identical_sha256,08,test,task08/images/gq258.png,3da5891f61d7d2142220baf49b10562efedadbf5fece6669ee28a4c35be7a41d
09,gq26,task08/images/gq26.png,2adb97bc2fb4ddc4563eee8a32121cd171c880a79e11c79ce969487f1df46420,train,case_group_connection,09,test,task08/images/gs26.png,989787fbe8b1d6537bb21890c44e30a9093183af1c2c5dd2bda98907617c1ca9
09,gq260,task08/images/gq260.png,06adde8cb695d1131d026042dc35c67b2ed45190dc01189f61954343ad69b190,train,case_group_connection,08,excluded,task08/images/260.png,ce8488b1d00af9df1c29f805380349f828f09d83d50bec285ad57a3f387e2614
09,gq261,task08/images/gq261.png,ae3a9fd6ba377d46c137ce9d02596675fbab546e95f2bdef68bb055ab893ae0c,train,identical_sha256,08,test,task08/images/gq261.png,ae3a9fd6ba377d46c137ce9d02596675fbab546e95f2bdef68bb055ab893ae0c
09,gq263,task08/images/gq263.png,f3be9cc1cd40547992df28330ac890289590a30f78fe311982e7e09bd67bae27,train,case_group_connection,09,val,task08/images/444.png,f778c5739c47acf260417b5d8120e19c06330b48f29a62af4168a3575e755bca
09,gq266,task08/images/gq266.png,ebcd6d4b3c7285db88c813686e17c0298c48100d7fdfb038b8959bcc7c21b3c2,train,case_group_connection,08,val,task08/images/446.png,8fb440ba6c12506c4e4731a7be69b0bb2c8dd875e19b14f53dcc8fa1d215fa51
09,gq267,task08/images/gq267.png,97c2ba63a11980a6eee14d79c3f07e396509a1f05c17a3418794386409bb72bd,train,identical_sha256,08,test,task08/images/gq267.png,97c2ba63a11980a6eee14d79c3f07e396509a1f05c17a3418794386409bb72bd
09,gq268,task08/images/gq268.png,7278e5a14416f4177b50d3d635550fa5a16d36adca6dcd6b0a314a4fd310b49b,train,identical_sha256,08,test,task08/images/gq268.png,7278e5a14416f4177b50d3d635550fa5a16d36adca6dcd6b0a314a4fd310b49b
09,gq269,task08/images/gq269.png,504a4a40db6c4d7c33dae5373e612c44ad0b55172f9c97d6c580d243309c479b,train,identical_sha256,08,val,task08/images/gq269.png,504a4a40db6c4d7c33dae5373e612c44ad0b55172f9c97d6c580d243309c479b
09,gq27,task08/images/gq27.png,6099955fdc5eca589fcfb648f4a29c66b78d38937fc39f93ff832c440fb00763,train,identical_sha256,08,val,task08/images/gq27.png,6099955fdc5eca589fcfb648f4a29c66b78d38937fc39f93ff832c440fb00763
09,gq270,task08/images/gq270.png,c519377fd83ded141e6fd6dc82e31613794ad02367486541bda0eb226f0f2a39,train,case_group_connection,09,val,task08/images/449.png,51cbe21f6e4e2ec8a038c078f769ee57497a586f3816ebbac12fb997e0a0bffe
09,gq271,task08/images/gq271.png,6e645c0cc9c836a9263091b3530405ff1202f07944b26e2465fddc91edadaf82,train,identical_sha256,08,test,task08/images/gq271.png,6e645c0cc9c836a9263091b3530405ff1202f07944b26e2465fddc91edadaf82
09,gq272,task08/images/gq272.png,2244ba0d12d3f8e6a0f9f21dc9451a1157b00233cb267cf93c3e6aeee750f4cf,train,identical_sha256,08,test,task08/images/gq272.png,2244ba0d12d3f8e6a0f9f21dc9451a1157b00233cb267cf93c3e6aeee750f4cf
09,gq276,task08/images/gq276.png,f488106119dc73ff232dc8e18d285224d0c9feab04dd20b3f9ec4945af00792f,train,case_group_connection,09,val,task08/images/452.png,a58bcccd09be1931b67606c38d686e2c14d36105eacd9957b55e14e6707c97b4
09,gq28,task08/images/gq28.png,a1ddde580951baf494231595b9afae4499b56bfe1fbed539c26efbacc0a709b1,train,case_group_connection,09,test,task08/images/gs28.png,4e152a2a399e0a5cc130fd6ed50c9783fc5f569d42d8f9b27767d70fef8a7128
09,gq281,task08/images/gq281.png,46d88792f5552d75e7cfc8e7ca81421833f2a10894c5fa54eb08f6f3f0d6bfd5,train,case_group_connection,09,val,task08/images/455.png,7cf5b95d067f01854e53f500c00c2911b69e5e77125fa5b7cc58f7ca89a12530
09,gq282,task08/images/gq282.png,f7007ef2a5da256eae22f53fe9b9ee6c5554eaa3548cea78e3af81f2b3102ec1,train,case_group_connection,09,val,task08/images/457.png,dfc3c956dd53d2f9901a5aa20b57426c800979089785e2c204fca25ea78f2afd
09,gq285,task08/images/gq285.png,ebb629857a5783761415d5abff2e85fe2cb2fcf8d221b6b4e5d64a698c698837,train,identical_sha256,08,test,task08/images/gq285.png,ebb629857a5783761415d5abff2e85fe2cb2fcf8d221b6b4e5d64a698c698837
09,gq286,task08/images/gq286.png,2a9a6a6c1be9f37edce997ef56008aa046186e386a2a3778a74caa320fb89172,train,identical_sha256,08,val,task08/images/gq286.png,2a9a6a6c1be9f37edce997ef56008aa046186e386a2a3778a74caa320fb89172
09,gq287,task08/images/gq287.png,d82b0a2c595f2ece10b464223ed9aa8f8c632716b4b8bfedced2e74e093bcc74,train,case_group_connection,09,val,task08/images/461.png,4436895572a5da4c33751b29440ee5f51cc4b4fab53f9dc4098f56e1792002be
09,gq289,task08/images/gq289.png,0333bb0708bcc3b6c85acf757bddaecd618c16fd7da9f232c4889afa9f1ee388,train,identical_sha256,08,test,task08/images/gq289.png,0333bb0708bcc3b6c85acf757bddaecd618c16fd7da9f232c4889afa9f1ee388
09,gq29,task08/images/gq29.png,7274214801d757481acc21aa0ba97862097b0fc59f5e838f5b1e9c8fbe27d29d,train,case_group_connection,09,test,task08/images/gs29.png,13291564d1a0a4f3eddbced0147edd6441994a43c95e10101db1d6e483127c3c
09,gq291,task08/images/gq291.png,4f27d1655f431de4621075028441134226c0c951c334a710f007152f15360d4c,train,case_group_connection,09,val,task08/images/464.png,7815fc41b656bba9174bc664a91172efb97a4b8fda37a6282d670bc4bb974da6
09,gq292,task08/images/gq292.png,bffeccf0301bde4542dfc7e1aba7e7bab4d2b15e213d669cba569273d619ff8c,train,identical_sha256,08,test,task08/images/gq212.png,bffeccf0301bde4542dfc7e1aba7e7bab4d2b15e213d669cba569273d619ff8c
09,gq293,task08/images/gq293.png,2f3b75cd6a03e14428e366768fbd0f8d4b881532fcea4ab5a4c49dd4d57f6c79,train,case_group_connection,08,excluded,task08/images/151.png,035b642622cab065adac34df2fb200462e66389919038a0744de1d3ebae40de2
09,gq294,task08/images/gq294.png,0953d6a5c345bbc1fc1446d3ada64fed38ce509bd53efbc2377b64e59f060ec3,train,identical_sha256,08,test,task08/images/gq152.png,0953d6a5c345bbc1fc1446d3ada64fed38ce509bd53efbc2377b64e59f060ec3
09,gq299,task08/images/gq299.png,c1b7fc599b9b5c9106aecbd024bd366d2c539a7efeabbf4505f48d694f7158a5,train,identical_sha256,08,val,task08/images/gq299.png,c1b7fc599b9b5c9106aecbd024bd366d2c539a7efeabbf4505f48d694f7158a5
09,gq3,task08/images/gq3.png,1e4ecdbaed278657584f111810d9d9cfe29d4beb766d442d8d86b42bd25eeeb6,train,identical_sha256,08,test,task08/images/gq3.png,1e4ecdbaed278657584f111810d9d9cfe29d4beb766d442d8d86b42bd25eeeb6
09,gq30,task08/images/gq30.png,5f8f36a0c260b79bc12d927e4a5c7d8eec6bfad6445c1756227ca80e290e1f95,train,case_group_connection,09,val,task08/images/gs30.png,401ba3c3c33c572491645b593688430509afa3eda36523122898f9c7e5ef1492
09,gq300,task08/images/gq300.png,55edb2fe30aa9939515137a11ac3e9ae1abab501e9621ca2dff1594b2e979901,train,identical_sha256,08,test,task08/images/gq154.png,55edb2fe30aa9939515137a11ac3e9ae1abab501e9621ca2dff1594b2e979901
09,gq304,task08/images/gq304.png,30853a86ba4de2722e5515870b3ccbee3f05fbdb8ba1ae7d55dfafb62c811ba0,train,identical_sha256,08,test,task08/images/gq156.png,30853a86ba4de2722e5515870b3ccbee3f05fbdb8ba1ae7d55dfafb62c811ba0
09,gq305,task08/images/gq305.png,d5cd376d19a890533aed05b6eb66c9549822606797f0bcfe6f255273fed694af,train,identical_sha256,08,test,task08/images/gq158.png,d5cd376d19a890533aed05b6eb66c9549822606797f0bcfe6f255273fed694af
09,gq308,task08/images/gq308.png,d7f99add4ea93512c97ab7588d2a5318ee95c8f2643a99dc6db9935791f829fb,train,identical_sha256,08,test,task08/images/gq159.png,d7f99add4ea93512c97ab7588d2a5318ee95c8f2643a99dc6db9935791f829fb
09,gq31,task08/images/gq31.png,cab944b299352fb17dd5e5f22ce4ca5f0a46434a9cc0a82f586e0aa3db854cf1,train,case_group_connection,09,val,task08/images/gs31.png,14afcf9220841c94d931dd249f784ef1ae6957dec84ef15353850e46dd2a173e
09,gq311,task08/images/gq311.png,423fcb97365987d921babde0f0806b638db5bf5e85d52c1c1747d7a016ed261e,train,case_group_connection,08,excluded,task08/images/311.png,e2d27fa19ac50efaa5138f3cc07562c0fc3a8feafd600e58d6af77ff298878f7
09,gq312,task08/images/gq312.png,f134ca7e446e615ace2c156eab209aa0db5bcd9eea2a39700a49b38f762155f2,train,identical_sha256,08,test,task08/images/gq161.png,f134ca7e446e615ace2c156eab209aa0db5bcd9eea2a39700a49b38f762155f2
09,gq313,task08/images/gq313.png,7ec06ec17f330f99f2b75dcf480aa6445cfea72e99adf1655f9fd1623bf44197,train,case_group_connection,08,excluded,task08/images/313.png,c50ce450b5a2bb50d9338ff8cc811968a5f17bcb9616ef929175bc0624e90b2c
09,gq314,task08/images/gq314.png,cec7876616e6a26cbd838d301fe8adf883bd521cdfcb1a8e6e4764695a37235c,train,identical_sha256,08,test,task08/images/gq163.png,cec7876616e6a26cbd838d301fe8adf883bd521cdfcb1a8e6e4764695a37235c
09,gq315,task08/images/gq315.png,fc93fab09f79ea76039e6733d93e8ea704cd5fbc6ad0fa66e0eed8561f6885eb,train,identical_sha256,08,test,task08/images/gq315.png,fc93fab09f79ea76039e6733d93e8ea704cd5fbc6ad0fa66e0eed8561f6885eb
09,gq317,task08/images/gq317.png,40fac05875139429d440886ca295f37b593f6a7fbf0e8c1070a21ea1004f8751,train,identical_sha256,08,test,task08/images/gq165.png,40fac05875139429d440886ca295f37b593f6a7fbf0e8c1070a21ea1004f8751
09,gq319,task08/images/gq319.png,001c1032fb8ff6b8c3792476cbd3c1fed14674187bb61901e3782114d5b11057,train,identical_sha256,08,test,task08/images/gq319.png,001c1032fb8ff6b8c3792476cbd3c1fed14674187bb61901e3782114d5b11057
09,gq32,task08/images/gq32.png,919bd0446afc57d2ed363098894782d25dcccc135ace22f66de20fe615b9f76c,train,identical_sha256,08,val,task08/images/gq32.png,919bd0446afc57d2ed363098894782d25dcccc135ace22f66de20fe615b9f76c
09,gq33,task08/images/gq33.png,1df6444dab7b0f58e8bce9ff1ab109596839d70ad6e11ae0f75ca232cefb91f7,train,case_group_connection,09,val,task08/images/gs33.png,9ad6e31ad8d931f65e90a2f8f80fea3718486b70f8a5a2664d5b38ec6c278a79
09,gq34,task08/images/gq34.png,03d784b5f1d9dbfd822db186399caf1d5dded61b197f428309637dcf572214b3,train,case_group_connection,09,val,task08/images/425.png,d29817a6f0eba50facc5252e37b6cd94be2f4318ad21dc01c31d8e3db9ef9e67
09,gq35,task08/images/gq35.png,6a61c1157a084e1f7a070ad1b4d8b07aa80846371a9a7c356260d890d98b94d7,train,identical_sha256,08,test,task08/images/gq35.png,6a61c1157a084e1f7a070ad1b4d8b07aa80846371a9a7c356260d890d98b94d7
09,gq36,task08/images/gq36.png,85dc9165ebbb6e6ca237c1baea8720fd22c956089f166576707084e41005dee0,train,case_group_connection,09,val,task08/images/gs36.png,cb6483605bfeb9932d579f30e952760165dfbc2dfefb2459116d5116216b390d
09,gq37,task08/images/gq37.png,d70cb0e9aca11d9440ea21209692ebd026fc8531390dd17bac41336f8f3590a6,train,case_group_connection,09,val,task08/images/gs37.png,6501e9e7eac3cda46470e0aff3aa8cb524465f8ddd31817f5980998fde83bdde
09,gq38,task08/images/gq38.png,50d110023a0311cd30045a7073d53262422d3eec6fc168029a01d72316afca52,train,identical_sha256,08,test,task08/images/gq38.png,50d110023a0311cd30045a7073d53262422d3eec6fc168029a01d72316afca52
09,gq39,task08/images/gq39.png,a9a66ec0cbe310d318b349182a5799f3a766c6bb9f4ec9660bf116dfa325a3f7,train,identical_sha256,08,val,task08/images/gq39.png,a9a66ec0cbe310d318b349182a5799f3a766c6bb9f4ec9660bf116dfa325a3f7
09,gq4,task08/images/gq4.png,68045b53ebbe4c9c5af5c0e9c5dda996c549b738605e79fbc78d8c05cb001791,train,case_group_connection,09,test,task08/images/gs4.png,802167485c3baaa813e2bb2144d8e760876ea4a3dec00d5a74943f77e2a33e54
09,gq40,task08/images/gq40.png,6192ffecaa3754d89fd0446228219b055cae00282026f4d16433a5f983fc3435,train,case_group_connection,09,val,task08/images/gs40.png,5032c7209112387f698e24ecba30bafea431306ea1cafc7ce5c38c018dc07a48
09,gq41,task08/images/gq41.png,d590b861e68f52f2ee5119cbf34e20375f5e5cef4e2ecf75a885e739bf40adb5,train,identical_sha256,08,excluded,task08/images/gq41.png,d590b861e68f52f2ee5119cbf34e20375f5e5cef4e2ecf75a885e739bf40adb5
09,gq42,task08/images/gq42.png,61d5a9a4ad24c7535e051acb72d9c74f10f43aa63defc91be6c4bae942ef1a1c,train,identical_sha256,08,test,task08/images/gq42.png,61d5a9a4ad24c7535e051acb72d9c74f10f43aa63defc91be6c4bae942ef1a1c
09,gq43,task08/images/gq43.png,ad9f017a07dd7aae75b880e095d773f7274c874ccf9bc53857d0f320cb757f95,train,case_group_connection,09,val,task08/images/gs43.png,9b6d2c040991af91304c0980f44f4641508a74707647816d179ccec5a1001421
09,gq44,task08/images/gq44.png,bda0cb05ce299d0ae04bc4d7f7b6e08c627fe282ed617a4e2918ac203d509613,train,case_group_connection,09,val,task08/images/gs44.png,a9eea8c027c2cd6d3a52a2c73cc9d05c36435c11f1d2364f23a82a32bc36f527
09,gq45,task08/images/gq45.png,91936aba6caca1e629cec807cadf270022566ed4fd9ed602aa3ff17cff24f7af,train,case_group_connection,09,val,task08/images/gs45.png,c6e037cecdae8479f2130a6002eae8da6d13ced153352c0e9c35067480cc7a2f
09,gq46,task08/images/gq46.png,2420e88548ace72d8ec3162857dcf19f406da80258807be21f538ffeca34247c,train,identical_sha256,08,test,task08/images/gq46.png,2420e88548ace72d8ec3162857dcf19f406da80258807be21f538ffeca34247c
09,gq47,task08/images/gq47.png,67c4bc1d8e5e180d6d292df2c91987bc10813925f06078cffba61f518a386dce,train,case_group_connection,09,val,task08/images/gs47.png,f2ac7db017bd4bdd463c86c3674c378d61ef5588c2049d058c7e3fa37303b4e7
09,gq48,task08/images/gq48.png,3047d07706c525337481ac587c737a87b84cd76c7827efa7dc8875fa8e727316,train,case_group_connection,09,val,task08/images/gs48.png,5bdeac8c5babb2c6783517c8c58d56f27c6a22c67ae4645117089634ddf87907
09,gq49,task08/images/gq49.png,3d33b859bc7b79d6c6c164b43ba6a53472d5442f9532a3ff78430520e046c0d9,train,case_group_connection,09,val,task08/images/gs49.png,7933d0cda7105b7fc683bc0fb30e0d37e71b1a3ca1c708ad546daa4d7b84d59f
09,gq5,task08/images/gq5.png,8f92bcbcb5574486cea1f470f1cccd850db495ac40a240c688b6bda05cff1e38,train,identical_sha256,08,excluded,task08/images/gq5.png,8f92bcbcb5574486cea1f470f1cccd850db495ac40a240c688b6bda05cff1e38
09,gq50,task08/images/gq50.png,550542bac13ef8b92f0f2432e6df596a264d5f4de9948f692f6d126ab75f8f75,train,case_group_connection,09,val,task08/images/gs50.png,7933129689bd09375c4f3d9ab21d60f811b19ec864dcf5353fba215e3795a2a6
09,gq51,task08/images/gq51.png,cf22a1ce92c290eefc5f5026066ac9ddab7dd924e771b7075b7472e0d6cf652e,train,identical_sha256,08,val,task08/images/gq51.png,cf22a1ce92c290eefc5f5026066ac9ddab7dd924e771b7075b7472e0d6cf652e
09,gq54,task08/images/gq54.png,284621730ec795f748a109af3ef559a97bebc3fe7e0a2bd3dd5c7a4ccfdd3e0e,train,identical_sha256,08,val,task08/images/gq122.png,284621730ec795f748a109af3ef559a97bebc3fe7e0a2bd3dd5c7a4ccfdd3e0e
09,gq6,task08/images/gq6.png,655a81967090d38ddc20cad26ffa8f2149783a3c2fd3bbf1f5af35af6dd8c755,train,identical_sha256,08,excluded,task08/images/gq6.png,655a81967090d38ddc20cad26ffa8f2149783a3c2fd3bbf1f5af35af6dd8c755
09,gq60,task08/images/gq60.png,7adb9165b2d4082aa8104fb1de0587d7fbe6c82cd449cf9596cc766d4ff780d7,train,identical_sha256,08,test,task08/images/gq60.png,7adb9165b2d4082aa8104fb1de0587d7fbe6c82cd449cf9596cc766d4ff780d7
09,gq7,task08/images/gq7.png,c70049864747128ae28b05df1143c531bd6916a4cf6ee0df8bffd20de10527fa,train,identical_sha256,08,test,task08/images/gq7.png,c70049864747128ae28b05df1143c531bd6916a4cf6ee0df8bffd20de10527fa
09,gq8,task08/images/gq8.png,08a03cd3041161d25aae33092dcae926fc5015ca4325a56a86db8b493a6dfec0,train,identical_sha256,08,test,task08/images/gq8.png,08a03cd3041161d25aae33092dcae926fc5015ca4325a56a86db8b493a6dfec0
09,gq9,task08/images/gq9.png,d66757c2861f75ce5be453046333450de6a0651f30f18052111be3b454c63f00,train,case_group_connection,09,test,task08/images/gs9.png,d9f217f12c057028b3a0b3ab18d613716591bb3f81968b0b5d2a2a3792dbbff5
09,gq91,task08/images/gq91.png,53405be7a33f7654b71d87ee22b78580ab09789cb4bc1d2a067da30c14ef62ff,train,identical_sha256,08,test,task08/images/gq91.png,53405be7a33f7654b71d87ee22b78580ab09789cb4bc1d2a067da30c14ef62ff
09,gq94,task08/images/gq94.png,d38a2260d2fb64c49464b1e7b9bae0c7dfc2d998e91fdf05cec99e5a8b5ae013,train,identical_sha256,08,test,task08/images/gq94.png,d38a2260d2fb64c49464b1e7b9bae0c7dfc2d998e91fdf05cec99e5a8b5ae013
09,gq95,task08/images/gq95.png,b28b538955653adb8fe18f8f91b67874e1370cbed486aed3278fa886bba55496,train,identical_sha256,08,test,task08/images/gq95.png,b28b538955653adb8fe18f8f91b67874e1370cbed486aed3278fa886bba55496
09,gq96,task08/images/gq96.png,fdbdebd2b849e36e01cc08192aa31be6d18cfef3ce5b08a874c0751a633d75e7,train,identical_sha256,08,test,task08/images/gq96.png,fdbdebd2b849e36e01cc08192aa31be6d18cfef3ce5b08a874c0751a633d75e7
09,gq97,task08/images/gq97.png,9a4e6df37ad64cb25db9c1e809c825a3728d024c2a8b75fc3fa01f76b65c8b6d,train,identical_sha256,08,test,task08/images/gq97.png,9a4e6df37ad64cb25db9c1e809c825a3728d024c2a8b75fc3fa01f76b65c8b6d
09,gq98,task08/images/gq98.png,fc427e256dd9ad0974f2769ee15cc3f1c44a3ffb7033be68728badbce21ec2ed,train,identical_sha256,08,val,task08/images/gq98.png,fc427e256dd9ad0974f2769ee15cc3f1c44a3ffb7033be68728badbce21ec2ed
09,gq99,task08/images/gq99.png,8df88f4144d85142fed5cd20343940f860468ddf9b38248d12077a1fd567a95f,train,identical_sha256,08,test,task08/images/gq411.png,8df88f4144d85142fed5cd20343940f860468ddf9b38248d12077a1fd567a95f
09,gs3,task08/images/gs3.png,8cadbcd300e918d8717e8429a4e9af2b123e6e2aa63f2af11c2d5c9a12d60334,train,identical_sha256,08,test,task08/images/gs3.png,8cadbcd300e918d8717e8429a4e9af2b123e6e2aa63f2af11c2d5c9a12d60334
